"Family_ID","Family_code","Country","Population","Region","Development","Class","Generations_analyzed","Germline_mutation","MUT_ID","hg18_Chr17_coordinates","hg19_Chr17_coordinates","hg38_Chr17_coordinates","ExonIntron","Codon_number","Type","Description","c_description","g_description","g_description_GRCh38","WT_nucleotide","Mutant_nucleotide","WT_codon","Mutant_codon","CpG_site","Splice_site","Context_coding_3","WT_AA","Mutant_AA","Effect","AGVGDClass","SIFTClass","Polyphen2","REVEL","BayesDel","TransactivationClass","DNE_LOFclass","DNEclass","ProtDescription","COSMIClink","CLINVARlink","TCGA_ICGC_GENIE_count","Hotspot","Domain_function","Residue_function","Individual_ID","Individual_code","FamilyCase","FamilyCase_group","Generation","Sex","Germline_carrier","Mode_of_inheritance","Dead","Unaffected","Age","Tumor_ID","Topography","Short_topo","Morphology","Age_at_diagnosis","Ref_ID","Other_infos","p53mut_ID","Add_Info","SpliceAI_DS_AG","SpliceAI_DS_AL","SpliceAI_DS_DG","SpliceAI_DS_DL","SpliceAI_DP_AG","SpliceAI_DP_AL","SpliceAI_DP_DG","SpliceAI_DP_DL","PubMedLink"
"5","Bir16","UK","Northern Europe","Europe","More developed regions","LFS","2","TP53","2821","7518915","7578190","7674872","6-exon","220","A:T>G:C","A>G","c.659A>G","g.7578190T>C","g.7674872T>C","A","G","TAT","TGT","no","no","T_T","Tyr","Cys","missense","C65","Damaging","D","0.936","0.5625","non-functional","DNE_LOF","Moderate","p.Y220C","10758","127819","329","yes","DNA binding","Buried","6","Bir16-I-1","mother","1st degree relative","1","F","Confirmed","NA","true","false","27","5","BREAST","BREAST","Cancer, NOS","27","2","updated from ref 86","3","","0","0.03","0.13","0.04","1","82","1","-18","https://www.ncbi.nlm.nih.gov/pubmed/8118819"
"5","Bir16","UK","Northern Europe","Europe","More developed regions","LFS","2","TP53","2821","7518915","7578190","7674872","6-exon","220","A:T>G:C","A>G","c.659A>G","g.7578190T>C","g.7674872T>C","A","G","TAT","TGT","no","no","T_T","Tyr","Cys","missense","C65","Damaging","D","0.936","0.5625","non-functional","DNE_LOF","Moderate","p.Y220C","10758","127819","329","yes","DNA binding","Buried","7","Bir16-II-2","sister","1st degree relative","2","F","Confirmed","M","true","false","","6","ADRENAL GLAND","ADRENAL GLAND","Adrenal cortical carcinoma (C74.0)","1","2","updated from ref 86","3","","0","0.03","0.13","0.04","1","82","1","-18","https://www.ncbi.nlm.nih.gov/pubmed/8118819"
"5","Bir16","UK","Northern Europe","Europe","More developed regions","LFS","2","TP53","2821","7518915","7578190","7674872","6-exon","220","A:T>G:C","A>G","c.659A>G","g.7578190T>C","g.7674872T>C","A","G","TAT","TGT","no","no","T_T","Tyr","Cys","missense","C65","Damaging","D","0.936","0.5625","non-functional","DNE_LOF","Moderate","p.Y220C","10758","127819","329","yes","DNA binding","Buried","8","Bir16-II-1","proband","proband","2","M","Confirmed","M","true","false","","7","CONNECTIVE, SUBCUTANEOUS AND OTHER SOFT TISSUES","SOFT TISSUES","Rhabdomyosarcoma, NOS","1","2","updated from ref 86","3","","0","0.03","0.13","0.04","1","82","1","-18","https://www.ncbi.nlm.nih.gov/pubmed/8118819"
"9","Bir-83","UK","Northern Europe","Europe","More developed regions","LFS","3","TP53","2143","7519131","7578406","7675088","5-exon","175","G:C>A:T at CpG","G>A","c.524G>A","g.7578406C>T","g.7675088C>T","G","A","CGC","CAC","yes","no","C_C","Arg","His","missense","C25","Damaging","D","0.922","0.5462","non-functional","DNE_LOF","Yes","p.R175H","10648","12374","1000","yes","DNA binding","Buried","21","Bir83-II-2","brother","1st degree relative","2","M","Confirmed","NA","true","false","","26","CONNECTIVE, SUBCUTANEOUS AND OTHER SOFT TISSUES","SOFT TISSUES","Liposarcoma, NOS","39","2","updated from ref 86","4","","0","0","0.01","0","-117","-134","11","248","https://www.ncbi.nlm.nih.gov/pubmed/8118819"
"9","Bir-83","UK","Northern Europe","Europe","More developed regions","LFS","3","TP53","2143","7519131","7578406","7675088","5-exon","175","G:C>A:T at CpG","G>A","c.524G>A","g.7578406C>T","g.7675088C>T","G","A","CGC","CAC","yes","no","C_C","Arg","His","missense","C25","Damaging","D","0.922","0.5462","non-functional","DNE_LOF","Yes","p.R175H","10648","12374","1000","yes","DNA binding","Buried","21","Bir83-II-2","brother","1st degree relative","2","M","Confirmed","NA","true","false","","919","CONNECTIVE, SUBCUTANEOUS AND OTHER SOFT TISSUES","SOFT TISSUES","Neurofibroma, NOS","49","2","updated from ref 86","4","","0","0","0.01","0","-117","-134","11","248","https://www.ncbi.nlm.nih.gov/pubmed/8118819"
"9","Bir-83","UK","Northern Europe","Europe","More developed regions","LFS","3","TP53","2143","7519131","7578406","7675088","5-exon","175","G:C>A:T at CpG","G>A","c.524G>A","g.7578406C>T","g.7675088C>T","G","A","CGC","CAC","yes","no","C_C","Arg","His","missense","C25","Damaging","D","0.922","0.5462","non-functional","DNE_LOF","Yes","p.R175H","10648","12374","1000","yes","DNA binding","Buried","20","Bir83-II-1","proband","proband","2","M","Confirmed","NA","true","false","13","23","CONNECTIVE, SUBCUTANEOUS AND OTHER SOFT TISSUES","SOFT TISSUES","Fibrosarcoma, NOS","3","2","updated from ref 86","4","","0","0","0.01","0","-117","-134","11","248","https://www.ncbi.nlm.nih.gov/pubmed/8118819"
"9","Bir-83","UK","Northern Europe","Europe","More developed regions","LFS","3","TP53","2143","7519131","7578406","7675088","5-exon","175","G:C>A:T at CpG","G>A","c.524G>A","g.7578406C>T","g.7675088C>T","G","A","CGC","CAC","yes","no","C_C","Arg","His","missense","C25","Damaging","D","0.922","0.5462","non-functional","DNE_LOF","Yes","p.R175H","10648","12374","1000","yes","DNA binding","Buried","20","Bir83-II-1","proband","proband","2","M","Confirmed","NA","true","false","13","24","BONES, JOINTS AND ARTICULAR CARTILAGE OF OTHER AND UNSPECIFIED SITES","BONES (other)","Osteosarcoma, NOS (C40._, C41._)","10","2","updated from ref 86","4","","0","0","0.01","0","-117","-134","11","248","https://www.ncbi.nlm.nih.gov/pubmed/8118819"
"9","Bir-83","UK","Northern Europe","Europe","More developed regions","LFS","3","TP53","2143","7519131","7578406","7675088","5-exon","175","G:C>A:T at CpG","G>A","c.524G>A","g.7578406C>T","g.7675088C>T","G","A","CGC","CAC","yes","no","C_C","Arg","His","missense","C25","Damaging","D","0.922","0.5462","non-functional","DNE_LOF","Yes","p.R175H","10648","12374","1000","yes","DNA binding","Buried","20","Bir83-II-1","proband","proband","2","M","Confirmed","NA","true","false","13","25","BONES, JOINTS AND ARTICULAR CARTILAGE OF OTHER AND UNSPECIFIED SITES","BONES (other)","Osteosarcoma, NOS (C40._, C41._)","13","2","updated from ref 86","4","","0","0","0.01","0","-117","-134","11","248","https://www.ncbi.nlm.nih.gov/pubmed/8118819"
"9","Bir-83","UK","Northern Europe","Europe","More developed regions","LFS","3","TP53","2143","7519131","7578406","7675088","5-exon","175","G:C>A:T at CpG","G>A","c.524G>A","g.7578406C>T","g.7675088C>T","G","A","CGC","CAC","yes","no","C_C","Arg","His","missense","C25","Damaging","D","0.922","0.5462","non-functional","DNE_LOF","Yes","p.R175H","10648","12374","1000","yes","DNA binding","Buried","22","Bir83-III-1","nephew","2nd degree relative","3","M","Confirmed","P","true","false","","27","CONNECTIVE, SUBCUTANEOUS AND OTHER SOFT TISSUES","SOFT TISSUES","Rhabdomyosarcoma, NOS","2","2","updated from ref 86","4","","0","0","0.01","0","-117","-134","11","248","https://www.ncbi.nlm.nih.gov/pubmed/8118819"
"9","Bir-83","UK","Northern Europe","Europe","More developed regions","LFS","3","TP53","2143","7519131","7578406","7675088","5-exon","175","G:C>A:T at CpG","G>A","c.524G>A","g.7578406C>T","g.7675088C>T","G","A","CGC","CAC","yes","no","C_C","Arg","His","missense","C25","Damaging","D","0.922","0.5462","non-functional","DNE_LOF","Yes","p.R175H","10648","12374","1000","yes","DNA binding","Buried","23","Bir83-III-2","nephew","2nd degree relative","3","M","Confirmed","P","true","false","15","28","HEMATOPOIETIC AND RETICULOENDOTHELIAL SYSTEMS","HEMATOP. SYSTEM","Leukemia, NOS","15","2","updated from ref 86","4","","0","0","0.01","0","-117","-134","11","248","https://www.ncbi.nlm.nih.gov/pubmed/8118819"
"9","Bir-83","UK","Northern Europe","Europe","More developed regions","LFS","3","TP53","2143","7519131","7578406","7675088","5-exon","175","G:C>A:T at CpG","G>A","c.524G>A","g.7578406C>T","g.7675088C>T","G","A","CGC","CAC","yes","no","C_C","Arg","His","missense","C25","Damaging","D","0.922","0.5462","non-functional","DNE_LOF","Yes","p.R175H","10648","12374","1000","yes","DNA binding","Buried","788","Bir83-III-3","nephew","2nd degree relative","3","M","Confirmed","P","false","true","20","","","","","","2","updated from ref 86","4","","0","0","0.01","0","-117","-134","11","248","https://www.ncbi.nlm.nih.gov/pubmed/8118819"
"10","Bir-84","UK","Northern Europe","Europe","More developed regions","LFS","2","TP53","3297","7518263","7577538","7674220","7-exon","248","G:C>A:T at CpG","G>A","c.743G>A","g.7577538C>T","g.7674220C>T","G","A","CGG","CAG","yes","no","C_G","Arg","Gln","missense","C35","Damaging","D","0.934","0.4738","non-functional","DNE_LOF","Yes","p.R248Q","10662","12356","651","yes","DNA binding","DNA binding","24","Bir84-I-2","NA","NA","1","F","Confirmed","NA","true","false","","29","BREAST","BREAST","Cancer, NOS","25","2","updated from ref 86","5","","0","0","0","0","-881","23","-997","-39","https://www.ncbi.nlm.nih.gov/pubmed/8118819"
"10","Bir-84","UK","Northern Europe","Europe","More developed regions","LFS","2","TP53","3297","7518263","7577538","7674220","7-exon","248","G:C>A:T at CpG","G>A","c.743G>A","g.7577538C>T","g.7674220C>T","G","A","CGG","CAG","yes","no","C_G","Arg","Gln","missense","C35","Damaging","D","0.934","0.4738","non-functional","DNE_LOF","Yes","p.R248Q","10662","12356","651","yes","DNA binding","DNA binding","24","Bir84-I-2","NA","NA","1","F","Confirmed","NA","true","false","","31","CONNECTIVE, SUBCUTANEOUS AND OTHER SOFT TISSUES","SOFT TISSUES","Leiomyosarcoma, NOS","44","2","updated from ref 86","5","","0","0","0","0","-881","23","-997","-39","https://www.ncbi.nlm.nih.gov/pubmed/8118819"
"10","Bir-84","UK","Northern Europe","Europe","More developed regions","LFS","2","TP53","3297","7518263","7577538","7674220","7-exon","248","G:C>A:T at CpG","G>A","c.743G>A","g.7577538C>T","g.7674220C>T","G","A","CGG","CAG","yes","no","C_G","Arg","Gln","missense","C35","Damaging","D","0.934","0.4738","non-functional","DNE_LOF","Yes","p.R248Q","10662","12356","651","yes","DNA binding","DNA binding","24","Bir84-I-2","NA","NA","1","F","Confirmed","NA","true","false","","30","BREAST","BREAST","Cancer, NOS","44","2","updated from ref 86","5","","0","0","0","0","-881","23","-997","-39","https://www.ncbi.nlm.nih.gov/pubmed/8118819"
"10","Bir-84","UK","Northern Europe","Europe","More developed regions","LFS","2","TP53","3297","7518263","7577538","7674220","7-exon","248","G:C>A:T at CpG","G>A","c.743G>A","g.7577538C>T","g.7674220C>T","G","A","CGG","CAG","yes","no","C_G","Arg","Gln","missense","C35","Damaging","D","0.934","0.4738","non-functional","DNE_LOF","Yes","p.R248Q","10662","12356","651","yes","DNA binding","DNA binding","26","Bir84-II-1","proband","proband","2","F","Confirmed","M","true","false","","33","BRAIN","BRAIN","Medulloblastoma, NOS (C71.6)","3","2","updated from ref 86","5","","0","0","0","0","-881","23","-997","-39","https://www.ncbi.nlm.nih.gov/pubmed/8118819"
"10","Bir-84","UK","Northern Europe","Europe","More developed regions","LFS","2","TP53","3297","7518263","7577538","7674220","7-exon","248","G:C>A:T at CpG","G>A","c.743G>A","g.7577538C>T","g.7674220C>T","G","A","CGG","CAG","yes","no","C_G","Arg","Gln","missense","C35","Damaging","D","0.934","0.4738","non-functional","DNE_LOF","Yes","p.R248Q","10662","12356","651","yes","DNA binding","DNA binding","26","Bir84-II-1","proband","proband","2","F","Confirmed","M","true","false","","34","BONES, JOINTS AND ARTICULAR CARTILAGE OF OTHER AND UNSPECIFIED SITES","BONES (other)","Osteosarcoma, NOS (C40._, C41._)","8","2","updated from ref 86","5","","0","0","0","0","-881","23","-997","-39","https://www.ncbi.nlm.nih.gov/pubmed/8118819"
"12","Bir117","UK","Northern Europe","Europe","More developed regions","LFS","4","TP53","2143","7519131","7578406","7675088","5-exon","175","G:C>A:T at CpG","G>A","c.524G>A","g.7578406C>T","g.7675088C>T","G","A","CGC","CAC","yes","no","C_C","Arg","His","missense","C25","Damaging","D","0.922","0.5462","non-functional","DNE_LOF","Yes","p.R175H","10648","12374","1000","yes","DNA binding","Buried","569","117-II-1","NA","NA","2","M","Confirmed","NA","true","false","35","681","STOMACH","STOMACH","Cancer, NOS","35","2","updated from ref 64 and 86","145","","0","0","0.01","0","-117","-134","11","248","https://www.ncbi.nlm.nih.gov/pubmed/8118819"
"12","Bir117","UK","Northern Europe","Europe","More developed regions","LFS","4","TP53","2143","7519131","7578406","7675088","5-exon","175","G:C>A:T at CpG","G>A","c.524G>A","g.7578406C>T","g.7675088C>T","G","A","CGC","CAC","yes","no","C_C","Arg","His","missense","C25","Damaging","D","0.922","0.5462","non-functional","DNE_LOF","Yes","p.R175H","10648","12374","1000","yes","DNA binding","Buried","570","117-II-2","NA","NA","2","F","Confirmed","NA","true","false","37","682","BREAST","BREAST","Cancer, NOS","37","2","updated from ref 64 and 86","145","","0","0","0.01","0","-117","-134","11","248","https://www.ncbi.nlm.nih.gov/pubmed/8118819"
"12","Bir117","UK","Northern Europe","Europe","More developed regions","LFS","4","TP53","2143","7519131","7578406","7675088","5-exon","175","G:C>A:T at CpG","G>A","c.524G>A","g.7578406C>T","g.7675088C>T","G","A","CGC","CAC","yes","no","C_C","Arg","His","missense","C25","Damaging","D","0.922","0.5462","non-functional","DNE_LOF","Yes","p.R175H","10648","12374","1000","yes","DNA binding","Buried","30","117-III-2","NA","NA","3","M","Confirmed","P","true","false","34","39","BRAIN","BRAIN","Glioma, malignant (C71._)","34","2","updated from ref 64 and 86","145","","0","0","0.01","0","-117","-134","11","248","https://www.ncbi.nlm.nih.gov/pubmed/8118819"
"12","Bir117","UK","Northern Europe","Europe","More developed regions","LFS","4","TP53","2143","7519131","7578406","7675088","5-exon","175","G:C>A:T at CpG","G>A","c.524G>A","g.7578406C>T","g.7675088C>T","G","A","CGC","CAC","yes","no","C_C","Arg","His","missense","C25","Damaging","D","0.922","0.5462","non-functional","DNE_LOF","Yes","p.R175H","10648","12374","1000","yes","DNA binding","Buried","572","117-III-6","NA","NA","3","M","Confirmed","P","true","false","35","684","UNKNOWN PRIMARY SITE","UNKNOWN SITE","Dermatofibroma, NOS (C44._)","31","2","updated from ref 64 and 86","145","","0","0","0.01","0","-117","-134","11","248","https://www.ncbi.nlm.nih.gov/pubmed/8118819"
"12","Bir117","UK","Northern Europe","Europe","More developed regions","LFS","4","TP53","2143","7519131","7578406","7675088","5-exon","175","G:C>A:T at CpG","G>A","c.524G>A","g.7578406C>T","g.7675088C>T","G","A","CGC","CAC","yes","no","C_C","Arg","His","missense","C25","Damaging","D","0.922","0.5462","non-functional","DNE_LOF","Yes","p.R175H","10648","12374","1000","yes","DNA binding","Buried","572","117-III-6","NA","NA","3","M","Confirmed","P","true","false","35","685","STOMACH","STOMACH","Clear cell adenocarcinoma, NOS","35","2","updated from ref 64 and 86","145","","0","0","0.01","0","-117","-134","11","248","https://www.ncbi.nlm.nih.gov/pubmed/8118819"
"12","Bir117","UK","Northern Europe","Europe","More developed regions","LFS","4","TP53","2143","7519131","7578406","7675088","5-exon","175","G:C>A:T at CpG","G>A","c.524G>A","g.7578406C>T","g.7675088C>T","G","A","CGC","CAC","yes","no","C_C","Arg","His","missense","C25","Damaging","D","0.922","0.5462","non-functional","DNE_LOF","Yes","p.R175H","10648","12374","1000","yes","DNA binding","Buried","573","117-III-8","NA","NA","3","F","Confirmed","M","true","false","32","686","BRAIN","BRAIN","Astroblastoma (C71._)","29","2","updated from ref 64 and 86","145","","0","0","0.01","0","-117","-134","11","248","https://www.ncbi.nlm.nih.gov/pubmed/8118819"
"12","Bir117","UK","Northern Europe","Europe","More developed regions","LFS","4","TP53","2143","7519131","7578406","7675088","5-exon","175","G:C>A:T at CpG","G>A","c.524G>A","g.7578406C>T","g.7675088C>T","G","A","CGC","CAC","yes","no","C_C","Arg","His","missense","C25","Damaging","D","0.922","0.5462","non-functional","DNE_LOF","Yes","p.R175H","10648","12374","1000","yes","DNA binding","Buried","573","117-III-8","NA","NA","3","F","Confirmed","M","true","false","32","688","UNKNOWN PRIMARY SITE","UNKNOWN SITE","Lipoma, NOS","32","2","updated from ref 64 and 86","145","","0","0","0.01","0","-117","-134","11","248","https://www.ncbi.nlm.nih.gov/pubmed/8118819"
"12","Bir117","UK","Northern Europe","Europe","More developed regions","LFS","4","TP53","2143","7519131","7578406","7675088","5-exon","175","G:C>A:T at CpG","G>A","c.524G>A","g.7578406C>T","g.7675088C>T","G","A","CGC","CAC","yes","no","C_C","Arg","His","missense","C25","Damaging","D","0.922","0.5462","non-functional","DNE_LOF","Yes","p.R175H","10648","12374","1000","yes","DNA binding","Buried","573","117-III-8","NA","NA","3","F","Confirmed","M","true","false","32","687","BREAST","BREAST","Cancer, NOS","32","2","updated from ref 64 and 86","145","","0","0","0.01","0","-117","-134","11","248","https://www.ncbi.nlm.nih.gov/pubmed/8118819"
"12","Bir117","UK","Northern Europe","Europe","More developed regions","LFS","4","TP53","2143","7519131","7578406","7675088","5-exon","175","G:C>A:T at CpG","G>A","c.524G>A","g.7578406C>T","g.7675088C>T","G","A","CGC","CAC","yes","no","C_C","Arg","His","missense","C25","Damaging","D","0.922","0.5462","non-functional","DNE_LOF","Yes","p.R175H","10648","12374","1000","yes","DNA binding","Buried","574","117-III-13","NA","NA","3","F","Confirmed","M","true","false","31","689","BRAIN","BRAIN","Astrocytoma, NOS (C71._)","31","2","updated from ref 64 and 86","145","","0","0","0.01","0","-117","-134","11","248","https://www.ncbi.nlm.nih.gov/pubmed/8118819"
"12","Bir117","UK","Northern Europe","Europe","More developed regions","LFS","4","TP53","2143","7519131","7578406","7675088","5-exon","175","G:C>A:T at CpG","G>A","c.524G>A","g.7578406C>T","g.7675088C>T","G","A","CGC","CAC","yes","no","C_C","Arg","His","missense","C25","Damaging","D","0.922","0.5462","non-functional","DNE_LOF","Yes","p.R175H","10648","12374","1000","yes","DNA binding","Buried","33","117-IV-2","NA","NA","4","F","Confirmed","P","true","false","","42","ADRENAL GLAND","ADRENAL GLAND","Adrenal cortical carcinoma (C74.0)","2","2","updated from ref 64 and 86","145","","0","0","0.01","0","-117","-134","11","248","https://www.ncbi.nlm.nih.gov/pubmed/8118819"
"12","Bir117","UK","Northern Europe","Europe","More developed regions","LFS","4","TP53","2143","7519131","7578406","7675088","5-exon","175","G:C>A:T at CpG","G>A","c.524G>A","g.7578406C>T","g.7675088C>T","G","A","CGC","CAC","yes","no","C_C","Arg","His","missense","C25","Damaging","D","0.922","0.5462","non-functional","DNE_LOF","Yes","p.R175H","10648","12374","1000","yes","DNA binding","Buried","568","117-IV-1","NA","NA","4","M","Confirmed","P","false","true","14","","","","","","2","updated from ref 64 and 86","145","","0","0","0.01","0","-117","-134","11","248","https://www.ncbi.nlm.nih.gov/pubmed/8118819"
"14","Bir-222","UK","Northern Europe","Europe","More developed regions","LFS","2","TP53","3297","7518263","7577538","7674220","7-exon","248","G:C>A:T at CpG","G>A","c.743G>A","g.7577538C>T","g.7674220C>T","G","A","CGG","CAG","yes","no","C_G","Arg","Gln","missense","C35","Damaging","D","0.934","0.4738","non-functional","DNE_LOF","Yes","p.R248Q","10662","12356","651","yes","DNA binding","DNA binding","37","222-I-1","NA","NA","1","F","Confirmed","NA","true","false","33","46","BREAST","BREAST","Cancer, NOS","33","2","updated from ref 86","6","","0","0","0","0","-881","23","-997","-39","https://www.ncbi.nlm.nih.gov/pubmed/8118819"
"14","Bir-222","UK","Northern Europe","Europe","More developed regions","LFS","2","TP53","3297","7518263","7577538","7674220","7-exon","248","G:C>A:T at CpG","G>A","c.743G>A","g.7577538C>T","g.7674220C>T","G","A","CGG","CAG","yes","no","C_G","Arg","Gln","missense","C35","Damaging","D","0.934","0.4738","non-functional","DNE_LOF","Yes","p.R248Q","10662","12356","651","yes","DNA binding","DNA binding","39","222-II-2","NA","NA","2","M","Confirmed","M","true","false","14","48","BONES, JOINTS AND ARTICULAR CARTILAGE OF OTHER AND UNSPECIFIED SITES","BONES (other)","Osteosarcoma, NOS (C40._, C41._)","14","2","updated from ref 86","6","","0","0","0","0","-881","23","-997","-39","https://www.ncbi.nlm.nih.gov/pubmed/8118819"
"14","Bir-222","UK","Northern Europe","Europe","More developed regions","LFS","2","TP53","3297","7518263","7577538","7674220","7-exon","248","G:C>A:T at CpG","G>A","c.743G>A","g.7577538C>T","g.7674220C>T","G","A","CGG","CAG","yes","no","C_G","Arg","Gln","missense","C35","Damaging","D","0.934","0.4738","non-functional","DNE_LOF","Yes","p.R248Q","10662","12356","651","yes","DNA binding","DNA binding","38","222-II-1","proband","proband","2","M","Confirmed","M","true","false","","47","CONNECTIVE, SUBCUTANEOUS AND OTHER SOFT TISSUES","SOFT TISSUES","Rhabdomyosarcoma, NOS","3","2","updated from ref 86","6","","0","0","0","0","-881","23","-997","-39","https://www.ncbi.nlm.nih.gov/pubmed/8118819"
"15","Bir-266","UK","Northern Europe","Europe","More developed regions","LFS","2","TP53","3294","7518264","7577539","7674221","7-exon","248","G:C>A:T at CpG","C>T","c.742C>T","g.7577539G>A","g.7674221G>A","C","T","CGG","TGG","yes","no","C_G","Arg","Trp","missense","C65","Damaging","D","0.927","0.5336","non-functional","DNE_LOF","Yes","p.R248W","10656","12347","528","yes","DNA binding","DNA binding","40","266-I-1","NA","NA","1","F","Confirmed","NA","true","false","33","49","BREAST","BREAST","Cancer, NOS","33","2","updated from ref 86","7","","0.01","0","0.01","0","-882","-381","-998","-40","https://www.ncbi.nlm.nih.gov/pubmed/8118819"
"15","Bir-266","UK","Northern Europe","Europe","More developed regions","LFS","2","TP53","3294","7518264","7577539","7674221","7-exon","248","G:C>A:T at CpG","C>T","c.742C>T","g.7577539G>A","g.7674221G>A","C","T","CGG","TGG","yes","no","C_G","Arg","Trp","missense","C65","Damaging","D","0.927","0.5336","non-functional","DNE_LOF","Yes","p.R248W","10656","12347","528","yes","DNA binding","DNA binding","43","266-II-3","NA","NA","2","F","Confirmed","M","true","false","","54","ADRENAL GLAND","ADRENAL GLAND","Adrenal cortical carcinoma (C74.0)","1","2","updated from ref 86","7","","0.01","0","0.01","0","-882","-381","-998","-40","https://www.ncbi.nlm.nih.gov/pubmed/8118819"
"15","Bir-266","UK","Northern Europe","Europe","More developed regions","LFS","2","TP53","3294","7518264","7577539","7674221","7-exon","248","G:C>A:T at CpG","C>T","c.742C>T","g.7577539G>A","g.7674221G>A","C","T","CGG","TGG","yes","no","C_G","Arg","Trp","missense","C65","Damaging","D","0.927","0.5336","non-functional","DNE_LOF","Yes","p.R248W","10656","12347","528","yes","DNA binding","DNA binding","43","266-II-3","NA","NA","2","F","Confirmed","M","true","false","","926","BREAST","BREAST","Cancer, NOS","29","2","updated from ref 86","7","","0.01","0","0.01","0","-882","-381","-998","-40","https://www.ncbi.nlm.nih.gov/pubmed/8118819"
"15","Bir-266","UK","Northern Europe","Europe","More developed regions","LFS","2","TP53","3294","7518264","7577539","7674221","7-exon","248","G:C>A:T at CpG","C>T","c.742C>T","g.7577539G>A","g.7674221G>A","C","T","CGG","TGG","yes","no","C_G","Arg","Trp","missense","C65","Damaging","D","0.927","0.5336","non-functional","DNE_LOF","Yes","p.R248W","10656","12347","528","yes","DNA binding","DNA binding","42","266-II-2","proband","proband","2","M","Confirmed","M","false","false","","51","CONNECTIVE, SUBCUTANEOUS AND OTHER SOFT TISSUES","SOFT TISSUES","Rhabdomyosarcoma, NOS","3","2","updated from ref 86","7","","0.01","0","0.01","0","-882","-381","-998","-40","https://www.ncbi.nlm.nih.gov/pubmed/8118819"
"15","Bir-266","UK","Northern Europe","Europe","More developed regions","LFS","2","TP53","3294","7518264","7577539","7674221","7-exon","248","G:C>A:T at CpG","C>T","c.742C>T","g.7577539G>A","g.7674221G>A","C","T","CGG","TGG","yes","no","C_G","Arg","Trp","missense","C65","Damaging","D","0.927","0.5336","non-functional","DNE_LOF","Yes","p.R248W","10656","12347","528","yes","DNA binding","DNA binding","42","266-II-2","proband","proband","2","M","Confirmed","M","false","false","","52","BONES, JOINTS AND ARTICULAR CARTILAGE OF OTHER AND UNSPECIFIED SITES","BONES (other)","Chondrosarcoma, NOS (C40._, C41._)","14","2","updated from ref 86","7","","0.01","0","0.01","0","-882","-381","-998","-40","https://www.ncbi.nlm.nih.gov/pubmed/8118819"
"15","Bir-266","UK","Northern Europe","Europe","More developed regions","LFS","2","TP53","3294","7518264","7577539","7674221","7-exon","248","G:C>A:T at CpG","C>T","c.742C>T","g.7577539G>A","g.7674221G>A","C","T","CGG","TGG","yes","no","C_G","Arg","Trp","missense","C65","Damaging","D","0.927","0.5336","non-functional","DNE_LOF","Yes","p.R248W","10656","12347","528","yes","DNA binding","DNA binding","42","266-II-2","proband","proband","2","M","Confirmed","M","false","false","","53","SKIN (excludes Skin of vulva, Skin of penis, Skin of scrotum )","SKIN","Malignant melanoma, NOS","15","2","updated from ref 86","7","","0.01","0","0.01","0","-882","-381","-998","-40","https://www.ncbi.nlm.nih.gov/pubmed/8118819"
"16","Bir-267","UK","Northern Europe","Europe","More developed regions","LFS","2","TP53","5534","7520090","7579365","7676047","4-exon","108","complex","GGTTTCCGTCTG>ATTCAG","c.?(322GGTTTCCGTCTG>ATTCAG)","g.?","g.?","G","NA","GGT","NA","yes","no","C_G","Gly","NA","other","NA","NA","NA","","","NA","NA","NA","p.G108_L111delinsIQ","","","0","no","DNA binding","Buried","44","267-I-2","NA","NA","1","F","Confirmed","NA","true","false","","55","BREAST","BREAST","Cancer, NOS","40","2","updated from ref 86","8","","","","","","","","","","https://www.ncbi.nlm.nih.gov/pubmed/8118819"
"16","Bir-267","UK","Northern Europe","Europe","More developed regions","LFS","2","TP53","5534","7520090","7579365","7676047","4-exon","108","complex","GGTTTCCGTCTG>ATTCAG","c.?(322GGTTTCCGTCTG>ATTCAG)","g.?","g.?","G","NA","GGT","NA","yes","no","C_G","Gly","NA","other","NA","NA","NA","","","NA","NA","NA","p.G108_L111delinsIQ","","","0","no","DNA binding","Buried","44","267-I-2","NA","NA","1","F","Confirmed","NA","true","false","","927","BREAST","BREAST","Cancer, NOS","40","2","updated from ref 86","8","","","","","","","","","","https://www.ncbi.nlm.nih.gov/pubmed/8118819"
"16","Bir-267","UK","Northern Europe","Europe","More developed regions","LFS","2","TP53","5534","7520090","7579365","7676047","4-exon","108","complex","GGTTTCCGTCTG>ATTCAG","c.?(322GGTTTCCGTCTG>ATTCAG)","g.?","g.?","G","NA","GGT","NA","yes","no","C_G","Gly","NA","other","NA","NA","NA","","","NA","NA","NA","p.G108_L111delinsIQ","","","0","no","DNA binding","Buried","46","267-II-2","NA","NA","2","M","Confirmed","M","true","false","15","57","ADRENAL GLAND","ADRENAL GLAND","Adrenal cortical carcinoma (C74.0)","1","2","updated from ref 86","8","","","","","","","","","","https://www.ncbi.nlm.nih.gov/pubmed/8118819"
"16","Bir-267","UK","Northern Europe","Europe","More developed regions","LFS","2","TP53","5534","7520090","7579365","7676047","4-exon","108","complex","GGTTTCCGTCTG>ATTCAG","c.?(322GGTTTCCGTCTG>ATTCAG)","g.?","g.?","G","NA","GGT","NA","yes","no","C_G","Gly","NA","other","NA","NA","NA","","","NA","NA","NA","p.G108_L111delinsIQ","","","0","no","DNA binding","Buried","46","267-II-2","NA","NA","2","M","Confirmed","M","true","false","15","58","CONNECTIVE, SUBCUTANEOUS AND OTHER SOFT TISSUES","SOFT TISSUES","Rhabdomyosarcoma, NOS","15","2","updated from ref 86","8","","","","","","","","","","https://www.ncbi.nlm.nih.gov/pubmed/8118819"
"16","Bir-267","UK","Northern Europe","Europe","More developed regions","LFS","2","TP53","5534","7520090","7579365","7676047","4-exon","108","complex","GGTTTCCGTCTG>ATTCAG","c.?(322GGTTTCCGTCTG>ATTCAG)","g.?","g.?","G","NA","GGT","NA","yes","no","C_G","Gly","NA","other","NA","NA","NA","","","NA","NA","NA","p.G108_L111delinsIQ","","","0","no","DNA binding","Buried","800","267-II-3","NA","NA","2","M","Confirmed","M","false","true","17","","","","","","2","updated from ref 86","8","","","","","","","","","","https://www.ncbi.nlm.nih.gov/pubmed/8118819"
"16","Bir-267","UK","Northern Europe","Europe","More developed regions","LFS","2","TP53","5534","7520090","7579365","7676047","4-exon","108","complex","GGTTTCCGTCTG>ATTCAG","c.?(322GGTTTCCGTCTG>ATTCAG)","g.?","g.?","G","NA","GGT","NA","yes","no","C_G","Gly","NA","other","NA","NA","NA","","","NA","NA","NA","p.G108_L111delinsIQ","","","0","no","DNA binding","Buried","801","267-II-4","NA","NA","2","M","Confirmed","M","false","true","","","","","","","2","updated from ref 86","8","","","","","","","","","","https://www.ncbi.nlm.nih.gov/pubmed/8118819"
"28","Bru-231","France","Western Europe","Europe","More developed regions","LFS","3","TP53","3729","7517846","7577121","7673803","8-exon","273","G:C>C:G","C>G","c.817C>G","g.7577121G>C","g.7673803G>C","C","G","CGT","GGT","yes","no","G_G","Arg","Gly","missense","C65","Damaging","D","0.902","0.5587","non-functional","DNE_LOF","Yes","p.R273G","43843","634682","8","yes","DNA binding","DNA binding","1352","231-II-4","father","1st degree relative","2","M","Confirmed","NA","false","true","","","","","","","4","","12","","0.06","0","0.02","0","37","-227","-580","-102","https://www.ncbi.nlm.nih.gov/pubmed/8425176"
"28","Bru-231","France","Western Europe","Europe","More developed regions","LFS","3","TP53","3729","7517846","7577121","7673803","8-exon","273","G:C>C:G","C>G","c.817C>G","g.7577121G>C","g.7673803G>C","C","G","CGT","GGT","yes","no","G_G","Arg","Gly","missense","C65","Damaging","D","0.902","0.5587","non-functional","DNE_LOF","Yes","p.R273G","43843","634682","8","yes","DNA binding","DNA binding","96","231-III-4","sister","1st degree relative","3","F","Confirmed","P","false","false","","116","HEMATOPOIETIC AND RETICULOENDOTHELIAL SYSTEMS","HEMATOP. SYSTEM","Leukemia, NOS","6","4","","12","","0.06","0","0.02","0","37","-227","-580","-102","https://www.ncbi.nlm.nih.gov/pubmed/8425176"
"28","Bru-231","France","Western Europe","Europe","More developed regions","LFS","3","TP53","3729","7517846","7577121","7673803","8-exon","273","G:C>C:G","C>G","c.817C>G","g.7577121G>C","g.7673803G>C","C","G","CGT","GGT","yes","no","G_G","Arg","Gly","missense","C65","Damaging","D","0.902","0.5587","non-functional","DNE_LOF","Yes","p.R273G","43843","634682","8","yes","DNA binding","DNA binding","97","231-III-5","proband","proband","3","F","Confirmed","P","false","false","","117","CONNECTIVE, SUBCUTANEOUS AND OTHER SOFT TISSUES","SOFT TISSUES","Rhabdomyosarcoma, NOS","1","4","","12","","0.06","0","0.02","0","37","-227","-580","-102","https://www.ncbi.nlm.nih.gov/pubmed/8425176"
"30","Bru-867","France","Western Europe","Europe","More developed regions","LFS","3","TP53","3879","7517819","7577094","7673776","8-exon","282","G:C>A:T at CpG","C>T","c.844C>T","g.7577094G>A","g.7673776G>A","C","T","CGG","TGG","yes","no","C_G","Arg","Trp","missense","C65","Damaging","D","0.896","0.5418","non-functional","DNE_LOF","Moderate","p.R282W","10704","12364","502","yes","DNA binding","Buried","102","867-III-3","NA","NA","3","M","Confirmed","P","false","false","","126","CONNECTIVE, SUBCUTANEOUS AND OTHER SOFT TISSUES","SOFT TISSUES","Rhabdomyosarcoma, NOS","14","4","","14","","0.01","0.01","0.01","0","-437","37","-553","-75","https://www.ncbi.nlm.nih.gov/pubmed/8425176"
"30","Bru-867","France","Western Europe","Europe","More developed regions","LFS","3","TP53","3879","7517819","7577094","7673776","8-exon","282","G:C>A:T at CpG","C>T","c.844C>T","g.7577094G>A","g.7673776G>A","C","T","CGG","TGG","yes","no","C_G","Arg","Trp","missense","C65","Damaging","D","0.896","0.5418","non-functional","DNE_LOF","Moderate","p.R282W","10704","12364","502","yes","DNA binding","Buried","102","867-III-3","NA","NA","3","M","Confirmed","P","false","false","","127","BONES, JOINTS AND ARTICULAR CARTILAGE OF OTHER AND UNSPECIFIED SITES","BONES (other)","Osteosarcoma, NOS (C40._, C41._)","21","4","","14","","0.01","0.01","0.01","0","-437","37","-553","-75","https://www.ncbi.nlm.nih.gov/pubmed/8425176"
"30","Bru-867","France","Western Europe","Europe","More developed regions","LFS","3","TP53","3879","7517819","7577094","7673776","8-exon","282","G:C>A:T at CpG","C>T","c.844C>T","g.7577094G>A","g.7673776G>A","C","T","CGG","TGG","yes","no","C_G","Arg","Trp","missense","C65","Damaging","D","0.896","0.5418","non-functional","DNE_LOF","Moderate","p.R282W","10704","12364","502","yes","DNA binding","Buried","102","867-III-3","NA","NA","3","M","Confirmed","P","false","false","","637","BRONCHUS AND LUNG","LUNG","Cancer, NOS","30","4","","14","in ref 62","0.01","0.01","0.01","0","-437","37","-553","-75","https://www.ncbi.nlm.nih.gov/pubmed/8425176"
"36","Fel92","USA","Northern America","Americas","More developed regions","LFS","4","TP53","3713","7517849","7577124","7673806","8-exon","272","G:C>T:A","G>T","c.814G>T","g.7577124C>A","g.7673806C>A","G","T","GTG","TTG","no","no","G_T","Val","Leu","missense","C25","Damaging","D","0.878","0.4374","non-functional","DNE_LOF","No","p.V272L","10859","12358","48","yes","DNA binding","Buried","117","Fel-IV-2","proband","proband","4","M","Confirmed","NA","true","false","19","154","HEMATOPOIETIC AND RETICULOENDOTHELIAL SYSTEMS","HEMATOP. SYSTEM","Leukemia, NOS","17","8","","20","","0.02","0.02","0","0","34","7","-599","1","https://www.ncbi.nlm.nih.gov/pubmed/1737852"
"40","Fre95-1","USA","Northern America","Americas","More developed regions","LFS","2","TP53","3297","7518263","7577538","7674220","7-exon","248","G:C>A:T at CpG","G>A","c.743G>A","g.7577538C>T","g.7674220C>T","G","A","CGG","CAG","yes","no","C_G","Arg","Gln","missense","C35","Damaging","D","0.934","0.4738","non-functional","DNE_LOF","Yes","p.R248Q","10662","12356","651","yes","DNA binding","DNA binding","122","Fre95-1-I-1","mother","1st degree relative","1","F","Confirmed","NA","false","false","","161","BREAST","BREAST","Cancer, NOS","26","11","","24","","0","0","0","0","-881","23","-997","-39","https://www.ncbi.nlm.nih.gov/pubmed/7887414"
"40","Fre95-1","USA","Northern America","Americas","More developed regions","LFS","2","TP53","3297","7518263","7577538","7674220","7-exon","248","G:C>A:T at CpG","G>A","c.743G>A","g.7577538C>T","g.7674220C>T","G","A","CGG","CAG","yes","no","C_G","Arg","Gln","missense","C35","Damaging","D","0.934","0.4738","non-functional","DNE_LOF","Yes","p.R248Q","10662","12356","651","yes","DNA binding","DNA binding","122","Fre95-1-I-1","mother","1st degree relative","1","F","Confirmed","NA","false","false","","162","LYMPH NODES","LYMPH NODES","Malignant lymphoma, NOS","32","11","","24","","0","0","0","0","-881","23","-997","-39","https://www.ncbi.nlm.nih.gov/pubmed/7887414"
"40","Fre95-1","USA","Northern America","Americas","More developed regions","LFS","2","TP53","3297","7518263","7577538","7674220","7-exon","248","G:C>A:T at CpG","G>A","c.743G>A","g.7577538C>T","g.7674220C>T","G","A","CGG","CAG","yes","no","C_G","Arg","Gln","missense","C35","Damaging","D","0.934","0.4738","non-functional","DNE_LOF","Yes","p.R248Q","10662","12356","651","yes","DNA binding","DNA binding","122","Fre95-1-I-1","mother","1st degree relative","1","F","Confirmed","NA","false","false","","164","BRONCHUS AND LUNG","LUNG","Cancer, NOS","38","11","","24","","0","0","0","0","-881","23","-997","-39","https://www.ncbi.nlm.nih.gov/pubmed/7887414"
"40","Fre95-1","USA","Northern America","Americas","More developed regions","LFS","2","TP53","3297","7518263","7577538","7674220","7-exon","248","G:C>A:T at CpG","G>A","c.743G>A","g.7577538C>T","g.7674220C>T","G","A","CGG","CAG","yes","no","C_G","Arg","Gln","missense","C35","Damaging","D","0.934","0.4738","non-functional","DNE_LOF","Yes","p.R248Q","10662","12356","651","yes","DNA binding","DNA binding","122","Fre95-1-I-1","mother","1st degree relative","1","F","Confirmed","NA","false","false","","163","BREAST","BREAST","Cancer, NOS","38","11","","24","","0","0","0","0","-881","23","-997","-39","https://www.ncbi.nlm.nih.gov/pubmed/7887414"
"40","Fre95-1","USA","Northern America","Americas","More developed regions","LFS","2","TP53","3297","7518263","7577538","7674220","7-exon","248","G:C>A:T at CpG","G>A","c.743G>A","g.7577538C>T","g.7674220C>T","G","A","CGG","CAG","yes","no","C_G","Arg","Gln","missense","C35","Damaging","D","0.934","0.4738","non-functional","DNE_LOF","Yes","p.R248Q","10662","12356","651","yes","DNA binding","DNA binding","121","Fre95-1-II-1","proband","proband","2","NA","Confirmed","M","false","false","","160","BRAIN","BRAIN","Choroid plexus papilloma, NOS (C71.5)","1","11","","24","","0","0","0","0","-881","23","-997","-39","https://www.ncbi.nlm.nih.gov/pubmed/7887414"
"41","Fre95-2","USA","Northern America","Americas","More developed regions","LFS","2","TP53","2705","7518937","7578212","7674894","6-exon","213","G:C>A:T at CpG","C>T","c.637C>T","g.7578212G>A","g.7674894G>A","C","T","CGA","TGA","yes","no","T_G","Arg","STOP","nonsense","NA","NA","NA","","","NA","notDNE_LOF","NA","p.R213*","6503267","43590","430","yes","DNA binding","Buried","123","Fre95-2--I-1","proband","proband","1","F","Confirmed","NA","false","false","","165","BREAST","BREAST","Cancer, NOS","27","11","","25","","0","0.37","0","0.47","-35","77","442","-35","https://www.ncbi.nlm.nih.gov/pubmed/7887414"
"41","Fre95-2","USA","Northern America","Americas","More developed regions","LFS","2","TP53","2705","7518937","7578212","7674894","6-exon","213","G:C>A:T at CpG","C>T","c.637C>T","g.7578212G>A","g.7674894G>A","C","T","CGA","TGA","yes","no","T_G","Arg","STOP","nonsense","NA","NA","NA","","","NA","notDNE_LOF","NA","p.R213*","6503267","43590","430","yes","DNA binding","Buried","124","Fre95-2-II-1","niece","2nd degree relative","2","NA","Confirmed","NA","false","false","","166","COLON","COLON","Cancer, NOS","9","11","","25","","0","0.37","0","0.47","-35","77","442","-35","https://www.ncbi.nlm.nih.gov/pubmed/7887414"
"42","Fre95-3","USA","Northern America","Americas","More developed regions","LFS","2","TP53","3771","7517839","7577114","7673796","8-exon","275","G:C>A:T","G>A","c.824G>A","g.7577114C>T","g.7673796C>T","G","A","TGT","TAT","no","no","T_T","Cys","Tyr","missense","C65","Damaging","D","0.972","0.6004","non-functional","DNE_LOF","Moderate","p.C275Y","10893","215997","62","yes","DNA binding","DNA binding","126","Fre95-3-I-2","father","1st degree relative","1","M","Confirmed","NA","false","false","","169","CONNECTIVE, SUBCUTANEOUS AND OTHER SOFT TISSUES","SOFT TISSUES","Sarcoma, NOS","34","11","","26","","0","0.01","0","0","-220","17","11","-573","https://www.ncbi.nlm.nih.gov/pubmed/7887414"
"42","Fre95-3","USA","Northern America","Americas","More developed regions","LFS","2","TP53","3771","7517839","7577114","7673796","8-exon","275","G:C>A:T","G>A","c.824G>A","g.7577114C>T","g.7673796C>T","G","A","TGT","TAT","no","no","T_T","Cys","Tyr","missense","C65","Damaging","D","0.972","0.6004","non-functional","DNE_LOF","Moderate","p.C275Y","10893","215997","62","yes","DNA binding","DNA binding","127","Fre95-3-I-3","paternal uncle","2nd degree relative","1","M","Confirmed","NA","false","false","","170","CONNECTIVE, SUBCUTANEOUS AND OTHER SOFT TISSUES","SOFT TISSUES","Sarcoma, NOS","22","11","","26","","0","0.01","0","0","-220","17","11","-573","https://www.ncbi.nlm.nih.gov/pubmed/7887414"
"42","Fre95-3","USA","Northern America","Americas","More developed regions","LFS","2","TP53","3771","7517839","7577114","7673796","8-exon","275","G:C>A:T","G>A","c.824G>A","g.7577114C>T","g.7673796C>T","G","A","TGT","TAT","no","no","T_T","Cys","Tyr","missense","C65","Damaging","D","0.972","0.6004","non-functional","DNE_LOF","Moderate","p.C275Y","10893","215997","62","yes","DNA binding","DNA binding","127","Fre95-3-I-3","paternal uncle","2nd degree relative","1","M","Confirmed","NA","false","false","","171","CONNECTIVE, SUBCUTANEOUS AND OTHER SOFT TISSUES","SOFT TISSUES","Sarcoma, NOS","27","11","","26","","0","0.01","0","0","-220","17","11","-573","https://www.ncbi.nlm.nih.gov/pubmed/7887414"
"42","Fre95-3","USA","Northern America","Americas","More developed regions","LFS","2","TP53","3771","7517839","7577114","7673796","8-exon","275","G:C>A:T","G>A","c.824G>A","g.7577114C>T","g.7673796C>T","G","A","TGT","TAT","no","no","T_T","Cys","Tyr","missense","C65","Damaging","D","0.972","0.6004","non-functional","DNE_LOF","Moderate","p.C275Y","10893","215997","62","yes","DNA binding","DNA binding","125","Fre95-3-II-1","proband","proband","2","NA","Confirmed","P","false","false","","168","CONNECTIVE, SUBCUTANEOUS AND OTHER SOFT TISSUES","SOFT TISSUES","Rhabdomyosarcoma, NOS","2","11","","26","","0","0.01","0","0","-220","17","11","-573","https://www.ncbi.nlm.nih.gov/pubmed/7887414"
"43","Fre95-4","USA","Northern America","Americas","More developed regions","LFS","2","TP53","3297","7518263","7577538","7674220","7-exon","248","G:C>A:T at CpG","G>A","c.743G>A","g.7577538C>T","g.7674220C>T","G","A","CGG","CAG","yes","no","C_G","Arg","Gln","missense","C35","Damaging","D","0.934","0.4738","non-functional","DNE_LOF","Yes","p.R248Q","10662","12356","651","yes","DNA binding","DNA binding","129","Fre95-4-I-1","father","1st degree relative","1","M","Confirmed","NA","false","false","","177","BRONCHUS AND LUNG","LUNG","Cancer, NOS","63","11","","27","","0","0","0","0","-881","23","-997","-39","https://www.ncbi.nlm.nih.gov/pubmed/7887414"
"43","Fre95-4","USA","Northern America","Americas","More developed regions","LFS","2","TP53","3297","7518263","7577538","7674220","7-exon","248","G:C>A:T at CpG","G>A","c.743G>A","g.7577538C>T","g.7674220C>T","G","A","CGG","CAG","yes","no","C_G","Arg","Gln","missense","C35","Damaging","D","0.934","0.4738","non-functional","DNE_LOF","Yes","p.R248Q","10662","12356","651","yes","DNA binding","DNA binding","129","Fre95-4-I-1","father","1st degree relative","1","M","Confirmed","NA","false","false","","176","CONNECTIVE, SUBCUTANEOUS AND OTHER SOFT TISSUES","SOFT TISSUES","Sarcoma, NOS","61","11","","27","","0","0","0","0","-881","23","-997","-39","https://www.ncbi.nlm.nih.gov/pubmed/7887414"
"43","Fre95-4","USA","Northern America","Americas","More developed regions","LFS","2","TP53","3297","7518263","7577538","7674220","7-exon","248","G:C>A:T at CpG","G>A","c.743G>A","g.7577538C>T","g.7674220C>T","G","A","CGG","CAG","yes","no","C_G","Arg","Gln","missense","C35","Damaging","D","0.934","0.4738","non-functional","DNE_LOF","Yes","p.R248Q","10662","12356","651","yes","DNA binding","DNA binding","129","Fre95-4-I-1","father","1st degree relative","1","M","Confirmed","NA","false","false","","175","BRONCHUS AND LUNG","LUNG","Cancer, NOS","55","11","","27","","0","0","0","0","-881","23","-997","-39","https://www.ncbi.nlm.nih.gov/pubmed/7887414"
"43","Fre95-4","USA","Northern America","Americas","More developed regions","LFS","2","TP53","3297","7518263","7577538","7674220","7-exon","248","G:C>A:T at CpG","G>A","c.743G>A","g.7577538C>T","g.7674220C>T","G","A","CGG","CAG","yes","no","C_G","Arg","Gln","missense","C35","Damaging","D","0.934","0.4738","non-functional","DNE_LOF","Yes","p.R248Q","10662","12356","651","yes","DNA binding","DNA binding","128","Fre95-4-II-1","proband","proband","2","NA","Confirmed","P","false","false","","172","BONES, JOINTS AND ARTICULAR CARTILAGE OF OTHER AND UNSPECIFIED SITES","BONES (other)","Osteosarcoma, NOS (C40._, C41._)","15","11","","27","","0","0","0","0","-881","23","-997","-39","https://www.ncbi.nlm.nih.gov/pubmed/7887414"
"43","Fre95-4","USA","Northern America","Americas","More developed regions","LFS","2","TP53","3297","7518263","7577538","7674220","7-exon","248","G:C>A:T at CpG","G>A","c.743G>A","g.7577538C>T","g.7674220C>T","G","A","CGG","CAG","yes","no","C_G","Arg","Gln","missense","C35","Damaging","D","0.934","0.4738","non-functional","DNE_LOF","Yes","p.R248Q","10662","12356","651","yes","DNA binding","DNA binding","128","Fre95-4-II-1","proband","proband","2","NA","Confirmed","P","false","false","","173","CONNECTIVE, SUBCUTANEOUS AND OTHER SOFT TISSUES","SOFT TISSUES","Sarcoma, NOS","18","11","","27","","0","0","0","0","-881","23","-997","-39","https://www.ncbi.nlm.nih.gov/pubmed/7887414"
"43","Fre95-4","USA","Northern America","Americas","More developed regions","LFS","2","TP53","3297","7518263","7577538","7674220","7-exon","248","G:C>A:T at CpG","G>A","c.743G>A","g.7577538C>T","g.7674220C>T","G","A","CGG","CAG","yes","no","C_G","Arg","Gln","missense","C35","Damaging","D","0.934","0.4738","non-functional","DNE_LOF","Yes","p.R248Q","10662","12356","651","yes","DNA binding","DNA binding","128","Fre95-4-II-1","proband","proband","2","NA","Confirmed","P","false","false","","174","CONNECTIVE, SUBCUTANEOUS AND OTHER SOFT TISSUES","SOFT TISSUES","Sarcoma, NOS","18","11","","27","","0","0","0","0","-881","23","-997","-39","https://www.ncbi.nlm.nih.gov/pubmed/7887414"
"44","Fre95-5","USA","Northern America","Americas","More developed regions","LFS","2","TP53","5128","7520036","7579311","7675993","4-intron","0","G:C>A:T","G>A","c.375+1G>A","g.7579311C>T","g.7675993C>T","G","A","NA","NA","no","consensus SD","G_T","NA","NA","splice","NA","NA","NA","","","NA","NA","NA","p.?","45304","","29","no","NA","NA","131","Fre95-5-I-2","sister","1st degree relative","1","F","Confirmed","NA","false","false","","180","BREAST","BREAST","Cancer, NOS","33","11","","28","","","","","","","","","","https://www.ncbi.nlm.nih.gov/pubmed/7887414"
"44","Fre95-5","USA","Northern America","Americas","More developed regions","LFS","2","TP53","5128","7520036","7579311","7675993","4-intron","0","G:C>A:T","G>A","c.375+1G>A","g.7579311C>T","g.7675993C>T","G","A","NA","NA","no","consensus SD","G_T","NA","NA","splice","NA","NA","NA","","","NA","NA","NA","p.?","45304","","29","no","NA","NA","131","Fre95-5-I-2","sister","1st degree relative","1","F","Confirmed","NA","false","false","","181","BREAST","BREAST","Cancer, NOS","36","11","","28","","","","","","","","","","https://www.ncbi.nlm.nih.gov/pubmed/7887414"
"44","Fre95-5","USA","Northern America","Americas","More developed regions","LFS","2","TP53","5128","7520036","7579311","7675993","4-intron","0","G:C>A:T","G>A","c.375+1G>A","g.7579311C>T","g.7675993C>T","G","A","NA","NA","no","consensus SD","G_T","NA","NA","splice","NA","NA","NA","","","NA","NA","NA","p.?","45304","","29","no","NA","NA","130","Fre95-5-I-1","proband","proband","1","F","Confirmed","NA","false","false","","178","BREAST","BREAST","Cancer, NOS","30","11","","28","","","","","","","","","","https://www.ncbi.nlm.nih.gov/pubmed/7887414"
"44","Fre95-5","USA","Northern America","Americas","More developed regions","LFS","2","TP53","5128","7520036","7579311","7675993","4-intron","0","G:C>A:T","G>A","c.375+1G>A","g.7579311C>T","g.7675993C>T","G","A","NA","NA","no","consensus SD","G_T","NA","NA","splice","NA","NA","NA","","","NA","NA","NA","p.?","45304","","29","no","NA","NA","130","Fre95-5-I-1","proband","proband","1","F","Confirmed","NA","false","false","","179","BREAST","BREAST","Cancer, NOS","36","11","","28","","","","","","","","","","https://www.ncbi.nlm.nih.gov/pubmed/7887414"
"44","Fre95-5","USA","Northern America","Americas","More developed regions","LFS","2","TP53","5128","7520036","7579311","7675993","4-intron","0","G:C>A:T","G>A","c.375+1G>A","g.7579311C>T","g.7675993C>T","G","A","NA","NA","no","consensus SD","G_T","NA","NA","splice","NA","NA","NA","","","NA","NA","NA","p.?","45304","","29","no","NA","NA","133","Fre95-5-II-1","son","1st degree relative","2","M","Confirmed","M","true","false","","183","HEMATOPOIETIC AND RETICULOENDOTHELIAL SYSTEMS","HEMATOP. SYSTEM","Leukemia, NOS","26","11","","28","","","","","","","","","","https://www.ncbi.nlm.nih.gov/pubmed/7887414"
"44","Fre95-5","USA","Northern America","Americas","More developed regions","LFS","2","TP53","5128","7520036","7579311","7675993","4-intron","0","G:C>A:T","G>A","c.375+1G>A","g.7579311C>T","g.7675993C>T","G","A","NA","NA","no","consensus SD","G_T","NA","NA","splice","NA","NA","NA","","","NA","NA","NA","p.?","45304","","29","no","NA","NA","132","Fre95-5-II-2","nephew","2nd degree relative","2","M","Confirmed","M","false","false","","182","BRAIN","BRAIN","Cancer, NOS","24","11","","28","","","","","","","","","","https://www.ncbi.nlm.nih.gov/pubmed/7887414"
"45","Fre95-6","USA","Northern America","Americas","More developed regions","LFS","2","TP53","3730","7517846","7577121","7673803","8-exon","273","G:C>A:T at CpG","C>T","c.817C>T","g.7577121G>A","g.7673803G>A","C","T","CGT","TGT","yes","no","G_G","Arg","Cys","missense","C65","Damaging","D","0.901","0.5537","non-functional","DNE_LOF","Yes","p.R273C","10659","43594","665","yes","DNA binding","DNA binding","134","Fre95-6-II-1","proband","proband","2","NA","Confirmed","NA","false","false","","184","BRAIN","BRAIN","Cancer, NOS","26","11","","29","","0.05","0","0.01","0","37","10","-596","4","https://www.ncbi.nlm.nih.gov/pubmed/7887414"
"45","Fre95-6","USA","Northern America","Americas","More developed regions","LFS","2","TP53","3730","7517846","7577121","7673803","8-exon","273","G:C>A:T at CpG","C>T","c.817C>T","g.7577121G>A","g.7673803G>A","C","T","CGT","TGT","yes","no","G_G","Arg","Cys","missense","C65","Damaging","D","0.901","0.5537","non-functional","DNE_LOF","Yes","p.R273C","10659","43594","665","yes","DNA binding","DNA binding","134","Fre95-6-II-1","proband","proband","2","NA","Confirmed","NA","false","false","","185","HEMATOPOIETIC AND RETICULOENDOTHELIAL SYSTEMS","HEMATOP. SYSTEM","Leukemia, NOS","28","11","","29","","0.05","0","0.01","0","37","10","-596","4","https://www.ncbi.nlm.nih.gov/pubmed/7887414"
"46","Fre95-7","USA","Northern America","Americas","More developed regions","LFS","1","TP53","2143","7519131","7578406","7675088","5-exon","175","G:C>A:T at CpG","G>A","c.524G>A","g.7578406C>T","g.7675088C>T","G","A","CGC","CAC","yes","no","C_C","Arg","His","missense","C25","Damaging","D","0.922","0.5462","non-functional","DNE_LOF","Yes","p.R175H","10648","12374","1000","yes","DNA binding","Buried","135","Fre95-7-I-1","proband","proband","1","NA","Confirmed","NA","false","false","","186","BONES, JOINTS AND ARTICULAR CARTILAGE OF OTHER AND UNSPECIFIED SITES","BONES (other)","Osteosarcoma, NOS (C40._, C41._)","15","11","","30","","0","0","0.01","0","-117","-134","11","248","https://www.ncbi.nlm.nih.gov/pubmed/7887414"
"47","Fre95-8","USA","Northern America","Americas","More developed regions","LFS","1","TP53","2410","7518996","7578271","7674953","6-exon","193","A:T>G:C","A>G","c.578A>G","g.7578271T>C","g.7674953T>C","A","G","CAT","CGT","no","no","C_T","His","Arg","missense","C25","Damaging","D","0.884","0.5585","non-functional","DNE_LOF","Moderate","p.H193R","10742","184979","117","yes","DNA binding","Buried","136","Fre95-8-I-1","proband","proband","1","F","Confirmed","NA","false","false","","187","CONNECTIVE, SUBCUTANEOUS AND OTHER SOFT TISSUES","SOFT TISSUES","Sarcoma, NOS","3","11","","31","","0.01","0.04","0.02","0","18","1","-99","383","https://www.ncbi.nlm.nih.gov/pubmed/7887414"
"47","Fre95-8","USA","Northern America","Americas","More developed regions","LFS","1","TP53","2410","7518996","7578271","7674953","6-exon","193","A:T>G:C","A>G","c.578A>G","g.7578271T>C","g.7674953T>C","A","G","CAT","CGT","no","no","C_T","His","Arg","missense","C25","Damaging","D","0.884","0.5585","non-functional","DNE_LOF","Moderate","p.H193R","10742","184979","117","yes","DNA binding","Buried","136","Fre95-8-I-1","proband","proband","1","F","Confirmed","NA","false","false","","188","BREAST","BREAST","Cancer, NOS","29","11","","31","","0.01","0.04","0.02","0","18","1","-99","383","https://www.ncbi.nlm.nih.gov/pubmed/7887414"
"57","Ham94","France","Western Europe","Europe","More developed regions","LFS","3","TP53","2731","7518931","7578206","7674888","6-exon","215","del","del1","c.643del","g.7578206del","g.7674888del","A","NA","AGT","NA","no","no","T_G","Ser","NA","FS","NA","NA","NA","","","NA","NA","NA","p.S215fs","46406","","0","yes","DNA binding","Phosphorylation site","163","Ham94-III-2","NA","NA","3","M","Confirmed","NA","true","false","","221","CONNECTIVE, SUBCUTANEOUS AND OTHER SOFT TISSUES","SOFT TISSUES","Rhabdomyosarcoma, NOS","6","14","","34","","","","","","","","","","https://www.ncbi.nlm.nih.gov/pubmed/8034301"
"57","Ham94","France","Western Europe","Europe","More developed regions","LFS","3","TP53","2731","7518931","7578206","7674888","6-exon","215","del","del1","c.643del","g.7578206del","g.7674888del","A","NA","AGT","NA","no","no","T_G","Ser","NA","FS","NA","NA","NA","","","NA","NA","NA","p.S215fs","46406","","0","yes","DNA binding","Phosphorylation site","163","Ham94-III-2","NA","NA","3","M","Confirmed","NA","true","false","","222","BONES, JOINTS AND ARTICULAR CARTILAGE OF OTHER AND UNSPECIFIED SITES","BONES (other)","Osteosarcoma, NOS (C40._, C41._)","11","14","","34","","","","","","","","","","https://www.ncbi.nlm.nih.gov/pubmed/8034301"
"57","Ham94","France","Western Europe","Europe","More developed regions","LFS","3","TP53","2731","7518931","7578206","7674888","6-exon","215","del","del1","c.643del","g.7578206del","g.7674888del","A","NA","AGT","NA","no","no","T_G","Ser","NA","FS","NA","NA","NA","","","NA","NA","NA","p.S215fs","46406","","0","yes","DNA binding","Phosphorylation site","164","Ham94-III-3","proband","proband","3","M","Confirmed","NA","true","false","12","223","ADRENAL GLAND","ADRENAL GLAND","Adrenal cortical carcinoma (C74.0)","12","14","","34","","","","","","","","","","https://www.ncbi.nlm.nih.gov/pubmed/8034301"
"61","Kov92","Austria","Western Europe","Europe","More developed regions","LFS","1","TP53","3737","7517845","7577120","7673802","8-exon","273","G:C>A:T at CpG","G>A","c.818G>A","g.7577120C>T","g.7673802C>T","G","A","CGT","CAT","yes","no","C_T","Arg","His","missense","C25","Damaging","D","0.868","0.5259","non-functional","DNE_LOF","Yes","p.R273H","10660","12366","635","yes","DNA binding","DNA binding","185","Kov92-I-2","sister","1st degree relative","2","F","Confirmed","M","true","false","","247","CONNECTIVE, SUBCUTANEOUS AND OTHER SOFT TISSUES","SOFT TISSUES","Rhabdomyosarcoma, NOS","","18","","38","","0.01","0.02","0","0","38","11","-595","5","https://www.ncbi.nlm.nih.gov/pubmed/1359493"
"61","Kov92","Austria","Western Europe","Europe","More developed regions","LFS","1","TP53","3737","7517845","7577120","7673802","8-exon","273","G:C>A:T at CpG","G>A","c.818G>A","g.7577120C>T","g.7673802C>T","G","A","CGT","CAT","yes","no","C_T","Arg","His","missense","C25","Damaging","D","0.868","0.5259","non-functional","DNE_LOF","Yes","p.R273H","10660","12366","635","yes","DNA binding","DNA binding","184","Kov92-I-1","proband","proband","2","M","Confirmed","M","true","false","","246","BRAIN","BRAIN","Primitive neuroectodermal tumor, NOS (C71._)","13","18","","38","","0.01","0.02","0","0","38","11","-595","5","https://www.ncbi.nlm.nih.gov/pubmed/1359493"
"61","Kov92","Austria","Western Europe","Europe","More developed regions","LFS","1","TP53","3737","7517845","7577120","7673802","8-exon","273","G:C>A:T at CpG","G>A","c.818G>A","g.7577120C>T","g.7673802C>T","G","A","CGT","CAT","yes","no","C_T","Arg","His","missense","C25","Damaging","D","0.868","0.5259","non-functional","DNE_LOF","Yes","p.R273H","10660","12366","635","yes","DNA binding","DNA binding","186","Kov92-I-3","half-sister","2nd degree relative","2","F","Confirmed","M","true","false","","248","CONNECTIVE, SUBCUTANEOUS AND OTHER SOFT TISSUES","SOFT TISSUES","Rhabdomyosarcoma, NOS","","18","","38","","0.01","0.02","0","0","38","11","-595","5","https://www.ncbi.nlm.nih.gov/pubmed/1359493"
"71","Law91-STS170(SARC36)","USA","Northern America","Americas","More developed regions","LFS","4","TP53","1429","7519257","7578532","7675214","5-exon","133","A:T>G:C","T>C","c.398T>C","g.7578532A>G","g.7675214A>G","T","C","ATG","ACG","no","no","A_G","Met","Thr","missense","C45","Damaging","P","0.78","0.3779","non-functional","DNE_LOF","No","p.M133T","43723","12357","7","yes","DNA binding","Buried","216","Law91-II-1","NA","NA","2","M","Confirmed","NA","true","false","40","284","BRONCHUS AND LUNG","LUNG","Cancer, NOS","40","20","updated from Ref_ID 81","52","","0","0","0","0","22","-260","980","-360","https://www.ncbi.nlm.nih.gov/pubmed/1933902"
"71","Law91-STS170(SARC36)","USA","Northern America","Americas","More developed regions","LFS","4","TP53","1429","7519257","7578532","7675214","5-exon","133","A:T>G:C","T>C","c.398T>C","g.7578532A>G","g.7675214A>G","T","C","ATG","ACG","no","no","A_G","Met","Thr","missense","C45","Damaging","P","0.78","0.3779","non-functional","DNE_LOF","No","p.M133T","43723","12357","7","yes","DNA binding","Buried","217","Law91-II-6","NA","NA","2","M","Confirmed","NA","true","false","55","285","PROSTATE GLAND","PROSTATE","Cancer, NOS","55","20","updated from Ref_ID 81","52","","0","0","0","0","22","-260","980","-360","https://www.ncbi.nlm.nih.gov/pubmed/1933902"
"71","Law91-STS170(SARC36)","USA","Northern America","Americas","More developed regions","LFS","4","TP53","1429","7519257","7578532","7675214","5-exon","133","A:T>G:C","T>C","c.398T>C","g.7578532A>G","g.7675214A>G","T","C","ATG","ACG","no","no","A_G","Met","Thr","missense","C45","Damaging","P","0.78","0.3779","non-functional","DNE_LOF","No","p.M133T","43723","12357","7","yes","DNA binding","Buried","219","Law91-II-8","NA","NA","2","M","Confirmed","NA","true","false","61","287","BRONCHUS AND LUNG","LUNG","Cancer, NOS","61","20","updated from Ref_ID 81","52","","0","0","0","0","22","-260","980","-360","https://www.ncbi.nlm.nih.gov/pubmed/1933902"
"71","Law91-STS170(SARC36)","USA","Northern America","Americas","More developed regions","LFS","4","TP53","1429","7519257","7578532","7675214","5-exon","133","A:T>G:C","T>C","c.398T>C","g.7578532A>G","g.7675214A>G","T","C","ATG","ACG","no","no","A_G","Met","Thr","missense","C45","Damaging","P","0.78","0.3779","non-functional","DNE_LOF","No","p.M133T","43723","12357","7","yes","DNA binding","Buried","220","Law91-III-1","NA","NA","3","M","Confirmed","P","true","false","","289","COLON","COLON","Cancer, NOS","39","20","updated from Ref_ID 81","52","","0","0","0","0","22","-260","980","-360","https://www.ncbi.nlm.nih.gov/pubmed/1933902"
"71","Law91-STS170(SARC36)","USA","Northern America","Americas","More developed regions","LFS","4","TP53","1429","7519257","7578532","7675214","5-exon","133","A:T>G:C","T>C","c.398T>C","g.7578532A>G","g.7675214A>G","T","C","ATG","ACG","no","no","A_G","Met","Thr","missense","C45","Damaging","P","0.78","0.3779","non-functional","DNE_LOF","No","p.M133T","43723","12357","7","yes","DNA binding","Buried","220","Law91-III-1","NA","NA","3","M","Confirmed","P","true","false","","288","CONNECTIVE, SUBCUTANEOUS AND OTHER SOFT TISSUES","SOFT TISSUES","Sarcoma, NOS","39","20","updated from Ref_ID 81","52","","0","0","0","0","22","-260","980","-360","https://www.ncbi.nlm.nih.gov/pubmed/1933902"
"71","Law91-STS170(SARC36)","USA","Northern America","Americas","More developed regions","LFS","4","TP53","1429","7519257","7578532","7675214","5-exon","133","A:T>G:C","T>C","c.398T>C","g.7578532A>G","g.7675214A>G","T","C","ATG","ACG","no","no","A_G","Met","Thr","missense","C45","Damaging","P","0.78","0.3779","non-functional","DNE_LOF","No","p.M133T","43723","12357","7","yes","DNA binding","Buried","220","Law91-III-1","NA","NA","3","M","Confirmed","P","true","false","","849","THYROID GLAND","THYROID","Cancer, NOS","40","20","updated from Ref_ID 81","52","","0","0","0","0","22","-260","980","-360","https://www.ncbi.nlm.nih.gov/pubmed/1933902"
"71","Law91-STS170(SARC36)","USA","Northern America","Americas","More developed regions","LFS","4","TP53","1429","7519257","7578532","7675214","5-exon","133","A:T>G:C","T>C","c.398T>C","g.7578532A>G","g.7675214A>G","T","C","ATG","ACG","no","no","A_G","Met","Thr","missense","C45","Damaging","P","0.78","0.3779","non-functional","DNE_LOF","No","p.M133T","43723","12357","7","yes","DNA binding","Buried","221","Law91-III-3","NA","NA","3","F","Confirmed","P","true","false","","290","BREAST","BREAST","Cancer, NOS","32","20","updated from Ref_ID 81","52","","0","0","0","0","22","-260","980","-360","https://www.ncbi.nlm.nih.gov/pubmed/1933902"
"71","Law91-STS170(SARC36)","USA","Northern America","Americas","More developed regions","LFS","4","TP53","1429","7519257","7578532","7675214","5-exon","133","A:T>G:C","T>C","c.398T>C","g.7578532A>G","g.7675214A>G","T","C","ATG","ACG","no","no","A_G","Met","Thr","missense","C45","Damaging","P","0.78","0.3779","non-functional","DNE_LOF","No","p.M133T","43723","12357","7","yes","DNA binding","Buried","221","Law91-III-3","NA","NA","3","F","Confirmed","P","true","false","","850","OVARY","OVARY","Cancer, NOS","42","20","updated from Ref_ID 81","52","","0","0","0","0","22","-260","980","-360","https://www.ncbi.nlm.nih.gov/pubmed/1933902"
"71","Law91-STS170(SARC36)","USA","Northern America","Americas","More developed regions","LFS","4","TP53","1429","7519257","7578532","7675214","5-exon","133","A:T>G:C","T>C","c.398T>C","g.7578532A>G","g.7675214A>G","T","C","ATG","ACG","no","no","A_G","Met","Thr","missense","C45","Damaging","P","0.78","0.3779","non-functional","DNE_LOF","No","p.M133T","43723","12357","7","yes","DNA binding","Buried","222","Law91-III-5","NA","NA","3","F","Confirmed","P","true","false","33","291","HEMATOPOIETIC AND RETICULOENDOTHELIAL SYSTEMS","HEMATOP. SYSTEM","Acute myeloid leukemia, NOS","30","20","updated from Ref_ID 81","52","","0","0","0","0","22","-260","980","-360","https://www.ncbi.nlm.nih.gov/pubmed/1933902"
"71","Law91-STS170(SARC36)","USA","Northern America","Americas","More developed regions","LFS","4","TP53","1429","7519257","7578532","7675214","5-exon","133","A:T>G:C","T>C","c.398T>C","g.7578532A>G","g.7675214A>G","T","C","ATG","ACG","no","no","A_G","Met","Thr","missense","C45","Damaging","P","0.78","0.3779","non-functional","DNE_LOF","No","p.M133T","43723","12357","7","yes","DNA binding","Buried","223","Law91-III-7","NA","NA","3","F","Confirmed","P","true","false","31","292","BREAST","BREAST","Cancer, NOS","31","20","updated from Ref_ID 81","52","","0","0","0","0","22","-260","980","-360","https://www.ncbi.nlm.nih.gov/pubmed/1933902"
"71","Law91-STS170(SARC36)","USA","Northern America","Americas","More developed regions","LFS","4","TP53","1429","7519257","7578532","7675214","5-exon","133","A:T>G:C","T>C","c.398T>C","g.7578532A>G","g.7675214A>G","T","C","ATG","ACG","no","no","A_G","Met","Thr","missense","C45","Damaging","P","0.78","0.3779","non-functional","DNE_LOF","No","p.M133T","43723","12357","7","yes","DNA binding","Buried","224","Law91-III-9","NA","NA","3","F","Confirmed","P","true","false","","293","BREAST","BREAST","Cancer, NOS","41","20","updated from Ref_ID 81","52","","0","0","0","0","22","-260","980","-360","https://www.ncbi.nlm.nih.gov/pubmed/1933902"
"71","Law91-STS170(SARC36)","USA","Northern America","Americas","More developed regions","LFS","4","TP53","1429","7519257","7578532","7675214","5-exon","133","A:T>G:C","T>C","c.398T>C","g.7578532A>G","g.7675214A>G","T","C","ATG","ACG","no","no","A_G","Met","Thr","missense","C45","Damaging","P","0.78","0.3779","non-functional","DNE_LOF","No","p.M133T","43723","12357","7","yes","DNA binding","Buried","225","Law91-III-13","NA","NA","3","M","Confirmed","P","true","true","","","","","","","20","updated from Ref_ID 81","52","","0","0","0","0","22","-260","980","-360","https://www.ncbi.nlm.nih.gov/pubmed/1933902"
"71","Law91-STS170(SARC36)","USA","Northern America","Americas","More developed regions","LFS","4","TP53","1429","7519257","7578532","7675214","5-exon","133","A:T>G:C","T>C","c.398T>C","g.7578532A>G","g.7675214A>G","T","C","ATG","ACG","no","no","A_G","Met","Thr","missense","C45","Damaging","P","0.78","0.3779","non-functional","DNE_LOF","No","p.M133T","43723","12357","7","yes","DNA binding","Buried","728","Law91-III-4","NA","NA","3","M","Confirmed","P","true","false","50","854","RECTUM","RECTUM","Cancer, NOS","50","20","updated from Ref_ID 81","52","","0","0","0","0","22","-260","980","-360","https://www.ncbi.nlm.nih.gov/pubmed/1933902"
"71","Law91-STS170(SARC36)","USA","Northern America","Americas","More developed regions","LFS","4","TP53","1429","7519257","7578532","7675214","5-exon","133","A:T>G:C","T>C","c.398T>C","g.7578532A>G","g.7675214A>G","T","C","ATG","ACG","no","no","A_G","Met","Thr","missense","C45","Damaging","P","0.78","0.3779","non-functional","DNE_LOF","No","p.M133T","43723","12357","7","yes","DNA binding","Buried","226","Law91-IV-6","NA","NA","4","F","Confirmed","M","true","false","14","851","CONNECTIVE, SUBCUTANEOUS AND OTHER SOFT TISSUES","SOFT TISSUES","Sarcoma, NOS","14","20","updated from Ref_ID 81","52","","0","0","0","0","22","-260","980","-360","https://www.ncbi.nlm.nih.gov/pubmed/1933902"
"71","Law91-STS170(SARC36)","USA","Northern America","Americas","More developed regions","LFS","4","TP53","1429","7519257","7578532","7675214","5-exon","133","A:T>G:C","T>C","c.398T>C","g.7578532A>G","g.7675214A>G","T","C","ATG","ACG","no","no","A_G","Met","Thr","missense","C45","Damaging","P","0.78","0.3779","non-functional","DNE_LOF","No","p.M133T","43723","12357","7","yes","DNA binding","Buried","228","Law91-IV-13","NA","NA","4","F","Confirmed","P","true","false","14","295","CONNECTIVE, SUBCUTANEOUS AND OTHER SOFT TISSUES","SOFT TISSUES","Fibrosarcoma, NOS","1","20","updated from Ref_ID 81","52","","0","0","0","0","22","-260","980","-360","https://www.ncbi.nlm.nih.gov/pubmed/1933902"
"71","Law91-STS170(SARC36)","USA","Northern America","Americas","More developed regions","LFS","4","TP53","1429","7519257","7578532","7675214","5-exon","133","A:T>G:C","T>C","c.398T>C","g.7578532A>G","g.7675214A>G","T","C","ATG","ACG","no","no","A_G","Met","Thr","missense","C45","Damaging","P","0.78","0.3779","non-functional","DNE_LOF","No","p.M133T","43723","12357","7","yes","DNA binding","Buried","228","Law91-IV-13","NA","NA","4","F","Confirmed","P","true","false","14","852","CONNECTIVE, SUBCUTANEOUS AND OTHER SOFT TISSUES","SOFT TISSUES","Sarcoma, NOS","14","20","updated from Ref_ID 81","52","","0","0","0","0","22","-260","980","-360","https://www.ncbi.nlm.nih.gov/pubmed/1933902"
"71","Law91-STS170(SARC36)","USA","Northern America","Americas","More developed regions","LFS","4","TP53","1429","7519257","7578532","7675214","5-exon","133","A:T>G:C","T>C","c.398T>C","g.7578532A>G","g.7675214A>G","T","C","ATG","ACG","no","no","A_G","Met","Thr","missense","C45","Damaging","P","0.78","0.3779","non-functional","DNE_LOF","No","p.M133T","43723","12357","7","yes","DNA binding","Buried","725","Law91-IV-2","NA","NA","4","F","Confirmed","P","false","true","","","","","","","20","updated from Ref_ID 81","52","","0","0","0","0","22","-260","980","-360","https://www.ncbi.nlm.nih.gov/pubmed/1933902"
"71","Law91-STS170(SARC36)","USA","Northern America","Americas","More developed regions","LFS","4","TP53","1429","7519257","7578532","7675214","5-exon","133","A:T>G:C","T>C","c.398T>C","g.7578532A>G","g.7675214A>G","T","C","ATG","ACG","no","no","A_G","Met","Thr","missense","C45","Damaging","P","0.78","0.3779","non-functional","DNE_LOF","No","p.M133T","43723","12357","7","yes","DNA binding","Buried","726","Law91-IV-3","NA","NA","4","M","Confirmed","P","false","true","","","","","","","20","updated from Ref_ID 81","52","","0","0","0","0","22","-260","980","-360","https://www.ncbi.nlm.nih.gov/pubmed/1933902"
"71","Law91-STS170(SARC36)","USA","Northern America","Americas","More developed regions","LFS","4","TP53","1429","7519257","7578532","7675214","5-exon","133","A:T>G:C","T>C","c.398T>C","g.7578532A>G","g.7675214A>G","T","C","ATG","ACG","no","no","A_G","Met","Thr","missense","C45","Damaging","P","0.78","0.3779","non-functional","DNE_LOF","No","p.M133T","43723","12357","7","yes","DNA binding","Buried","727","Law91-IV-4","NA","NA","4","F","Confirmed","P","false","true","","","","","","","20","updated from Ref_ID 81","52","","0","0","0","0","22","-260","980","-360","https://www.ncbi.nlm.nih.gov/pubmed/1933902"
"71","Law91-STS170(SARC36)","USA","Northern America","Americas","More developed regions","LFS","4","TP53","1429","7519257","7578532","7675214","5-exon","133","A:T>G:C","T>C","c.398T>C","g.7578532A>G","g.7675214A>G","T","C","ATG","ACG","no","no","A_G","Met","Thr","missense","C45","Damaging","P","0.78","0.3779","non-functional","DNE_LOF","No","p.M133T","43723","12357","7","yes","DNA binding","Buried","227","Law91-IV-12","proband","proband","4","M","Confirmed","P","true","false","","294","CONNECTIVE, SUBCUTANEOUS AND OTHER SOFT TISSUES","SOFT TISSUES","Fibrosarcoma, NOS","1","20","updated from Ref_ID 81","52","","0","0","0","0","22","-260","980","-360","https://www.ncbi.nlm.nih.gov/pubmed/1933902"
"73","Mal90-1","USA","Northern America","Americas","More developed regions","LFS","2","TP53","3294","7518264","7577539","7674221","7-exon","248","G:C>A:T at CpG","C>T","c.742C>T","g.7577539G>A","g.7674221G>A","C","T","CGG","TGG","yes","no","C_G","Arg","Trp","missense","C65","Damaging","D","0.927","0.5336","non-functional","DNE_LOF","Yes","p.R248W","10656","12347","528","yes","DNA binding","DNA binding","235","Mal90-1-I-1","NA","NA","1","M","Confirmed","NA","true","true","57","","","","","","22","","54","","0.01","0","0.01","0","-882","-381","-998","-40","https://www.ncbi.nlm.nih.gov/pubmed/1978757"
"73","Mal90-1","USA","Northern America","Americas","More developed regions","LFS","2","TP53","3294","7518264","7577539","7674221","7-exon","248","G:C>A:T at CpG","C>T","c.742C>T","g.7577539G>A","g.7674221G>A","C","T","CGG","TGG","yes","no","C_G","Arg","Trp","missense","C65","Damaging","D","0.927","0.5336","non-functional","DNE_LOF","Yes","p.R248W","10656","12347","528","yes","DNA binding","DNA binding","236","Mal90-1-II-2","NA","NA","2","F","Confirmed","P","true","false","","302","BREAST","BREAST","Cancer, NOS","30","22","","54","","0.01","0","0.01","0","-882","-381","-998","-40","https://www.ncbi.nlm.nih.gov/pubmed/1978757"
"73","Mal90-1","USA","Northern America","Americas","More developed regions","LFS","2","TP53","3294","7518264","7577539","7674221","7-exon","248","G:C>A:T at CpG","C>T","c.742C>T","g.7577539G>A","g.7674221G>A","C","T","CGG","TGG","yes","no","C_G","Arg","Trp","missense","C65","Damaging","D","0.927","0.5336","non-functional","DNE_LOF","Yes","p.R248W","10656","12347","528","yes","DNA binding","DNA binding","237","Mal90-1-II-3","NA","NA","2","F","Confirmed","P","true","false","","303","BREAST","BREAST","Cancer, NOS","28","22","","54","","0.01","0","0.01","0","-882","-381","-998","-40","https://www.ncbi.nlm.nih.gov/pubmed/1978757"
"73","Mal90-1","USA","Northern America","Americas","More developed regions","LFS","2","TP53","3294","7518264","7577539","7674221","7-exon","248","G:C>A:T at CpG","C>T","c.742C>T","g.7577539G>A","g.7674221G>A","C","T","CGG","TGG","yes","no","C_G","Arg","Trp","missense","C65","Damaging","D","0.927","0.5336","non-functional","DNE_LOF","Yes","p.R248W","10656","12347","528","yes","DNA binding","DNA binding","237","Mal90-1-II-3","NA","NA","2","F","Confirmed","P","true","false","","304","BREAST","BREAST","Cancer, NOS","28","22","","54","","0.01","0","0.01","0","-882","-381","-998","-40","https://www.ncbi.nlm.nih.gov/pubmed/1978757"
"73","Mal90-1","USA","Northern America","Americas","More developed regions","LFS","2","TP53","3294","7518264","7577539","7674221","7-exon","248","G:C>A:T at CpG","C>T","c.742C>T","g.7577539G>A","g.7674221G>A","C","T","CGG","TGG","yes","no","C_G","Arg","Trp","missense","C65","Damaging","D","0.927","0.5336","non-functional","DNE_LOF","Yes","p.R248W","10656","12347","528","yes","DNA binding","DNA binding","239","Mal90-1-III-2","NA","NA","3","M","Confirmed","M","true","false","","307","BRAIN","BRAIN","Cancer, NOS","5","22","","54","","0.01","0","0.01","0","-882","-381","-998","-40","https://www.ncbi.nlm.nih.gov/pubmed/1978757"
"73","Mal90-1","USA","Northern America","Americas","More developed regions","LFS","2","TP53","3294","7518264","7577539","7674221","7-exon","248","G:C>A:T at CpG","C>T","c.742C>T","g.7577539G>A","g.7674221G>A","C","T","CGG","TGG","yes","no","C_G","Arg","Trp","missense","C65","Damaging","D","0.927","0.5336","non-functional","DNE_LOF","Yes","p.R248W","10656","12347","528","yes","DNA binding","DNA binding","240","Mal90-1-III-5","NA","NA","3","F","Confirmed","M","true","true","","","","","","","22","","54","","0.01","0","0.01","0","-882","-381","-998","-40","https://www.ncbi.nlm.nih.gov/pubmed/1978757"
"73","Mal90-1","USA","Northern America","Americas","More developed regions","LFS","2","TP53","3294","7518264","7577539","7674221","7-exon","248","G:C>A:T at CpG","C>T","c.742C>T","g.7577539G>A","g.7674221G>A","C","T","CGG","TGG","yes","no","C_G","Arg","Trp","missense","C65","Damaging","D","0.927","0.5336","non-functional","DNE_LOF","Yes","p.R248W","10656","12347","528","yes","DNA binding","DNA binding","238","Mal90-1-III-1","proband","proband","3","F","Confirmed","M","true","false","","305","CONNECTIVE, SUBCUTANEOUS AND OTHER SOFT TISSUES","SOFT TISSUES","Sarcoma, NOS","1","22","","54","","0.01","0","0.01","0","-882","-381","-998","-40","https://www.ncbi.nlm.nih.gov/pubmed/1978757"
"73","Mal90-1","USA","Northern America","Americas","More developed regions","LFS","2","TP53","3294","7518264","7577539","7674221","7-exon","248","G:C>A:T at CpG","C>T","c.742C>T","g.7577539G>A","g.7674221G>A","C","T","CGG","TGG","yes","no","C_G","Arg","Trp","missense","C65","Damaging","D","0.927","0.5336","non-functional","DNE_LOF","Yes","p.R248W","10656","12347","528","yes","DNA binding","DNA binding","238","Mal90-1-III-1","proband","proband","3","F","Confirmed","M","true","false","","306","BONES, JOINTS AND ARTICULAR CARTILAGE OF OTHER AND UNSPECIFIED SITES","BONES (other)","Osteosarcoma, NOS (C40._, C41._)","8","22","","54","","0.01","0","0.01","0","-882","-381","-998","-40","https://www.ncbi.nlm.nih.gov/pubmed/1978757"
"74","Mal90-2","USA","Northern America","Americas","More developed regions","LFS","3","TP53","3484","7518234","7577509","7674191","7-exon","258","G:C>A:T","G>A","c.772G>A","g.7577509C>T","g.7674191C>T","G","A","GAA","AAA","no","alternative","G_A","Glu","Lys","missense","C55","Damaging","D","0.961","0.5972","non-functional","DNE_LOF","Moderate","p.E258K","10988","12348","36","yes","DNA binding","ADP-ribosylation","244","Mal90-2-II-6","NA","NA","2","F","Confirmed","NA","true","false","","312","BREAST","BREAST","Cancer, NOS","34","22","","55","","0.01","0.01","0.01","0","-852","52","-968","-10","https://www.ncbi.nlm.nih.gov/pubmed/1978757"
"75","Mal90-3","USA","Northern America","Americas","More developed regions","LFS","2","TP53","3238","7518273","7577548","7674230","7-exon","245","G:C>T:A","G>T","c.733G>T","g.7577548C>A","g.7674230C>A","G","T","GGC","TGC","yes","no","C_G","Gly","Cys","missense","C65","Damaging","D","0.97","0.5982","non-functional","unclass.","Moderate","p.G245C","11081","12349","74","yes","DNA binding","Buried","249","Mal90-3-III-2","NA","NA","3","F","Confirmed","NA","true","false","19","317","BONES, JOINTS AND ARTICULAR CARTILAGE OF OTHER AND UNSPECIFIED SITES","BONES (other)","Osteosarcoma, NOS (C40._, C41._)","19","22","","56","","0","0","0","0","-891","13","-1007","333","https://www.ncbi.nlm.nih.gov/pubmed/1978757"
"77","Mal90-5","USA","Northern America","Americas","More developed regions","LFS","3","TP53","2272","7519105","7578380","7675062","5-exon","184","del","del1","c.550del","g.7578380del","g.7675062del","G","NA","GAT","NA","no","no","A_A","Asp","NA","FS","NA","NA","NA","","","NA","NA","NA","p.D184fs","45190","","0","no","DNA binding","Exposed","258","Mal90-5-III-1","proband","proband","3","F","Confirmed","NA","true","false","","330","CONNECTIVE, SUBCUTANEOUS AND OTHER SOFT TISSUES","SOFT TISSUES","Sarcoma, NOS","2","22","","58","","","","","","","","","","https://www.ncbi.nlm.nih.gov/pubmed/1978757"
"77","Mal90-5","USA","Northern America","Americas","More developed regions","LFS","3","TP53","2272","7519105","7578380","7675062","5-exon","184","del","del1","c.550del","g.7578380del","g.7675062del","G","NA","GAT","NA","no","no","A_A","Asp","NA","FS","NA","NA","NA","","","NA","NA","NA","p.D184fs","45190","","0","no","DNA binding","Exposed","258","Mal90-5-III-1","proband","proband","3","F","Confirmed","NA","true","false","","331","BONES, JOINTS AND ARTICULAR CARTILAGE OF OTHER AND UNSPECIFIED SITES","BONES (other)","Osteosarcoma, NOS (C40._, C41._)","15","22","","58","","","","","","","","","","https://www.ncbi.nlm.nih.gov/pubmed/1978757"
"77","Mal90-5","USA","Northern America","Americas","More developed regions","LFS","3","TP53","2272","7519105","7578380","7675062","5-exon","184","del","del1","c.550del","g.7578380del","g.7675062del","G","NA","GAT","NA","no","no","A_A","Asp","NA","FS","NA","NA","NA","","","NA","NA","NA","p.D184fs","45190","","0","no","DNA binding","Exposed","258","Mal90-5-III-1","proband","proband","3","F","Confirmed","NA","true","false","","332","BREAST","BREAST","Cancer, NOS","32","22","","58","","","","","","","","","","https://www.ncbi.nlm.nih.gov/pubmed/1978757"
"85","McI94-2","USA","Northern America","Americas","More developed regions","LFS","2","TP53","2143","7519131","7578406","7675088","5-exon","175","G:C>A:T at CpG","G>A","c.524G>A","g.7578406C>T","g.7675088C>T","G","A","CGC","CAC","yes","no","C_C","Arg","His","missense","C25","Damaging","D","0.922","0.5462","non-functional","DNE_LOF","Yes","p.R175H","10648","12374","1000","yes","DNA binding","Buried","285","McI94-2-II-1","proband","proband","2","M","Confirmed","NA","true","false","","363","BONES, JOINTS AND ARTICULAR CARTILAGE OF OTHER AND UNSPECIFIED SITES","BONES (other)","Osteosarcoma, NOS (C40._, C41._)","","25","","65","","0","0","0.01","0","-117","-134","11","248","https://www.ncbi.nlm.nih.gov/pubmed/8164043"
"92","Plu94","USA","Northern America","Americas","More developed regions","LFS","3","TP53","5220","7516727","7576002","7672684","9-intron","0","del","del2356","c.993+851_1100+280del","g.7573647_7576002del","g.7670329_7672684del","C","NA","NA","NA","no","no","A_C","NA","NA","splice","NA","NA","NA","","","NA","NA","NA","p.?","","","0","no","NA","NA","301","Plu94-I-3","NA","NA","1","F","Confirmed","NA","true","false","25","381","BREAST","BREAST","Cancer, NOS","25","27","","72","","","","","","","","","","https://www.ncbi.nlm.nih.gov/pubmed/7936651"
"92","Plu94","USA","Northern America","Americas","More developed regions","LFS","3","TP53","5220","7516727","7576002","7672684","9-intron","0","del","del2356","c.993+851_1100+280del","g.7573647_7576002del","g.7670329_7672684del","C","NA","NA","NA","no","no","A_C","NA","NA","splice","NA","NA","NA","","","NA","NA","NA","p.?","","","0","no","NA","NA","304","Plu94-I-6","NA","NA","1","F","Confirmed","NA","true","false","30","385","BREAST","BREAST","Cancer, NOS","30","27","","72","","","","","","","","","","https://www.ncbi.nlm.nih.gov/pubmed/7936651"
"92","Plu94","USA","Northern America","Americas","More developed regions","LFS","3","TP53","5220","7516727","7576002","7672684","9-intron","0","del","del2356","c.993+851_1100+280del","g.7573647_7576002del","g.7670329_7672684del","C","NA","NA","NA","no","no","A_C","NA","NA","splice","NA","NA","NA","","","NA","NA","NA","p.?","","","0","no","NA","NA","305","Plu94-II-11","NA","NA","2","F","Confirmed","M","true","false","49","386","OVARY","OVARY","Papillary serous cystadenocarcinoma (C56.9)","47","27","","72","","","","","","","","","","https://www.ncbi.nlm.nih.gov/pubmed/7936651"
"92","Plu94","USA","Northern America","Americas","More developed regions","LFS","3","TP53","5220","7516727","7576002","7672684","9-intron","0","del","del2356","c.993+851_1100+280del","g.7573647_7576002del","g.7670329_7672684del","C","NA","NA","NA","no","no","A_C","NA","NA","splice","NA","NA","NA","","","NA","NA","NA","p.?","","","0","no","NA","NA","305","Plu94-II-11","NA","NA","2","F","Confirmed","M","true","false","49","387","PANCREAS","PANCREAS","Cancer, NOS","49","27","","72","","","","","","","","","","https://www.ncbi.nlm.nih.gov/pubmed/7936651"
"92","Plu94","USA","Northern America","Americas","More developed regions","LFS","3","TP53","5220","7516727","7576002","7672684","9-intron","0","del","del2356","c.993+851_1100+280del","g.7573647_7576002del","g.7670329_7672684del","C","NA","NA","NA","no","no","A_C","NA","NA","splice","NA","NA","NA","","","NA","NA","NA","p.?","","","0","no","NA","NA","308","Plu94-II-18","NA","NA","2","M","Confirmed","M","true","false","","390","CONNECTIVE, SUBCUTANEOUS AND OTHER SOFT TISSUES","SOFT TISSUES","Benign fibrous histiocytoma","47","27","","72","","","","","","","","","","https://www.ncbi.nlm.nih.gov/pubmed/7936651"
"92","Plu94","USA","Northern America","Americas","More developed regions","LFS","3","TP53","5220","7516727","7576002","7672684","9-intron","0","del","del2356","c.993+851_1100+280del","g.7573647_7576002del","g.7670329_7672684del","C","NA","NA","NA","no","no","A_C","NA","NA","splice","NA","NA","NA","","","NA","NA","NA","p.?","","","0","no","NA","NA","311","Plu94-II-22","NA","NA","2","M","Confirmed","M","true","false","42","394","BRONCHUS AND LUNG","LUNG","Cancer, NOS","42","27","","72","","","","","","","","","","https://www.ncbi.nlm.nih.gov/pubmed/7936651"
"92","Plu94","USA","Northern America","Americas","More developed regions","LFS","3","TP53","5220","7516727","7576002","7672684","9-intron","0","del","del2356","c.993+851_1100+280del","g.7573647_7576002del","g.7670329_7672684del","C","NA","NA","NA","no","no","A_C","NA","NA","splice","NA","NA","NA","","","NA","NA","NA","p.?","","","0","no","NA","NA","312","Plu94-III-1","NA","NA","3","M","Confirmed","M","true","false","18","395","BONES, JOINTS AND ARTICULAR CARTILAGE OF OTHER AND UNSPECIFIED SITES","BONES (other)","Osteosarcoma, NOS (C40._, C41._)","18","27","","72","","","","","","","","","","https://www.ncbi.nlm.nih.gov/pubmed/7936651"
"92","Plu94","USA","Northern America","Americas","More developed regions","LFS","3","TP53","5220","7516727","7576002","7672684","9-intron","0","del","del2356","c.993+851_1100+280del","g.7573647_7576002del","g.7670329_7672684del","C","NA","NA","NA","no","no","A_C","NA","NA","splice","NA","NA","NA","","","NA","NA","NA","p.?","","","0","no","NA","NA","314","Plu94-III-5","NA","NA","3","F","Confirmed","P","true","false","26","398","BREAST","BREAST","Cancer, NOS","25","27","","72","","","","","","","","","","https://www.ncbi.nlm.nih.gov/pubmed/7936651"
"92","Plu94","USA","Northern America","Americas","More developed regions","LFS","3","TP53","5220","7516727","7576002","7672684","9-intron","0","del","del2356","c.993+851_1100+280del","g.7573647_7576002del","g.7670329_7672684del","C","NA","NA","NA","no","no","A_C","NA","NA","splice","NA","NA","NA","","","NA","NA","NA","p.?","","","0","no","NA","NA","314","Plu94-III-5","NA","NA","3","F","Confirmed","P","true","false","26","399","BREAST","BREAST","Cancer, NOS","26","27","","72","","","","","","","","","","https://www.ncbi.nlm.nih.gov/pubmed/7936651"
"92","Plu94","USA","Northern America","Americas","More developed regions","LFS","3","TP53","5220","7516727","7576002","7672684","9-intron","0","del","del2356","c.993+851_1100+280del","g.7573647_7576002del","g.7670329_7672684del","C","NA","NA","NA","no","no","A_C","NA","NA","splice","NA","NA","NA","","","NA","NA","NA","p.?","","","0","no","NA","NA","313","Plu94-III-4","proband","proband","3","F","Confirmed","P","true","false","24","396","CONNECTIVE, SUBCUTANEOUS AND OTHER SOFT TISSUES","SOFT TISSUES","Sarcoma, NOS","23","27","","72","","","","","","","","","","https://www.ncbi.nlm.nih.gov/pubmed/7936651"
"92","Plu94","USA","Northern America","Americas","More developed regions","LFS","3","TP53","5220","7516727","7576002","7672684","9-intron","0","del","del2356","c.993+851_1100+280del","g.7573647_7576002del","g.7670329_7672684del","C","NA","NA","NA","no","no","A_C","NA","NA","splice","NA","NA","NA","","","NA","NA","NA","p.?","","","0","no","NA","NA","313","Plu94-III-4","proband","proband","3","F","Confirmed","P","true","false","24","397","BREAST","BREAST","Cancer, NOS","24","27","","72","","","","","","","","","","https://www.ncbi.nlm.nih.gov/pubmed/7936651"
"93","Por92-1","UK","Northern Europe","Europe","More developed regions","LFS","3","TP53","3737","7517845","7577120","7673802","8-exon","273","G:C>A:T at CpG","G>A","c.818G>A","g.7577120C>T","g.7673802C>T","G","A","CGT","CAT","yes","no","C_T","Arg","His","missense","C25","Damaging","D","0.868","0.5259","non-functional","DNE_LOF","Yes","p.R273H","10660","12366","635","yes","DNA binding","DNA binding","320","Por92-1-III-2","proband","proband","3","F","Confirmed","NA","true","false","17","405","BONES, JOINTS AND ARTICULAR CARTILAGE OF OTHER AND UNSPECIFIED SITES","BONES (other)","Osteosarcoma, NOS (C40._, C41._)","17","28","","73","","0.01","0.02","0","0","38","11","-595","5","https://www.ncbi.nlm.nih.gov/pubmed/1447251"
"95","Sam92-1","Japan","Eastern Asia","Asia","More developed regions","LFS","3","TP53","4235","7517744","7577019","7673701","8-exon","307","del","del1","c.919del","g.7577019del","g.7673701del","G","NA","GCA","NA","no","no","A_G","Ala","NA","FS","NA","NA","NA","","","NA","NA","NA","p.A307fs","44260","","0","yes","NA","NA","333","Sam92-1-III-1","proband","proband","3","M","Confirmed","NA","true","false","","417","ADRENAL GLAND","ADRENAL GLAND","Adrenal cortical carcinoma (C74.0)","5","31","","75","","","","","","","","","","https://www.ncbi.nlm.nih.gov/pubmed/1569604"
"97","Sco93","Germany","Western Europe","Europe","More developed regions","LFS","2","TP53","3294","7518264","7577539","7674221","7-exon","248","G:C>A:T at CpG","C>T","c.742C>T","g.7577539G>A","g.7674221G>A","C","T","CGG","TGG","yes","no","C_G","Arg","Trp","missense","C65","Damaging","D","0.927","0.5336","non-functional","DNE_LOF","Yes","p.R248W","10656","12347","528","yes","DNA binding","DNA binding","345","Sco93-I-3","NA","NA","1","M","Confirmed","NA","true","false","34","429","STOMACH","STOMACH","Adenocarcinoma, NOS","34","33","","77","","0.01","0","0.01","0","-882","-381","-998","-40","https://www.ncbi.nlm.nih.gov/pubmed/8393584"
"97","Sco93","Germany","Western Europe","Europe","More developed regions","LFS","2","TP53","3294","7518264","7577539","7674221","7-exon","248","G:C>A:T at CpG","C>T","c.742C>T","g.7577539G>A","g.7674221G>A","C","T","CGG","TGG","yes","no","C_G","Arg","Trp","missense","C65","Damaging","D","0.927","0.5336","non-functional","DNE_LOF","Yes","p.R248W","10656","12347","528","yes","DNA binding","DNA binding","347","Sco93-II-2","NA","NA","2","M","Confirmed","P","true","false","","435","SKIN (excludes Skin of vulva, Skin of penis, Skin of scrotum )","SKIN","Malignant fibrous histiocytoma","","33","","77","","0.01","0","0.01","0","-882","-381","-998","-40","https://www.ncbi.nlm.nih.gov/pubmed/8393584"
"97","Sco93","Germany","Western Europe","Europe","More developed regions","LFS","2","TP53","3294","7518264","7577539","7674221","7-exon","248","G:C>A:T at CpG","C>T","c.742C>T","g.7577539G>A","g.7674221G>A","C","T","CGG","TGG","yes","no","C_G","Arg","Trp","missense","C65","Damaging","D","0.927","0.5336","non-functional","DNE_LOF","Yes","p.R248W","10656","12347","528","yes","DNA binding","DNA binding","346","Sco93-II-1","proband","proband","2","M","Confirmed","P","true","false","35","430","TESTIS","TESTIS","Malignant teratoma, intermediate","19","33","","77","","0.01","0","0.01","0","-882","-381","-998","-40","https://www.ncbi.nlm.nih.gov/pubmed/8393584"
"97","Sco93","Germany","Western Europe","Europe","More developed regions","LFS","2","TP53","3294","7518264","7577539","7674221","7-exon","248","G:C>A:T at CpG","C>T","c.742C>T","g.7577539G>A","g.7674221G>A","C","T","CGG","TGG","yes","no","C_G","Arg","Trp","missense","C65","Damaging","D","0.927","0.5336","non-functional","DNE_LOF","Yes","p.R248W","10656","12347","528","yes","DNA binding","DNA binding","346","Sco93-II-1","proband","proband","2","M","Confirmed","P","true","false","35","431","BRAIN","BRAIN","Oligodendroglioma, NOS (C71._)","34","33","","77","","0.01","0","0.01","0","-882","-381","-998","-40","https://www.ncbi.nlm.nih.gov/pubmed/8393584"
"97","Sco93","Germany","Western Europe","Europe","More developed regions","LFS","2","TP53","3294","7518264","7577539","7674221","7-exon","248","G:C>A:T at CpG","C>T","c.742C>T","g.7577539G>A","g.7674221G>A","C","T","CGG","TGG","yes","no","C_G","Arg","Trp","missense","C65","Damaging","D","0.927","0.5336","non-functional","DNE_LOF","Yes","p.R248W","10656","12347","528","yes","DNA binding","DNA binding","346","Sco93-II-1","proband","proband","2","M","Confirmed","P","true","false","35","432","STOMACH","STOMACH","Cancer, NOS","34","33","","77","","0.01","0","0.01","0","-882","-381","-998","-40","https://www.ncbi.nlm.nih.gov/pubmed/8393584"
"97","Sco93","Germany","Western Europe","Europe","More developed regions","LFS","2","TP53","3294","7518264","7577539","7674221","7-exon","248","G:C>A:T at CpG","C>T","c.742C>T","g.7577539G>A","g.7674221G>A","C","T","CGG","TGG","yes","no","C_G","Arg","Trp","missense","C65","Damaging","D","0.927","0.5336","non-functional","DNE_LOF","Yes","p.R248W","10656","12347","528","yes","DNA binding","DNA binding","346","Sco93-II-1","proband","proband","2","M","Confirmed","P","true","false","35","434","COLON","COLON","Cancer, NOS","35","33","","77","","0.01","0","0.01","0","-882","-381","-998","-40","https://www.ncbi.nlm.nih.gov/pubmed/8393584"
"97","Sco93","Germany","Western Europe","Europe","More developed regions","LFS","2","TP53","3294","7518264","7577539","7674221","7-exon","248","G:C>A:T at CpG","C>T","c.742C>T","g.7577539G>A","g.7674221G>A","C","T","CGG","TGG","yes","no","C_G","Arg","Trp","missense","C65","Damaging","D","0.927","0.5336","non-functional","DNE_LOF","Yes","p.R248W","10656","12347","528","yes","DNA binding","DNA binding","346","Sco93-II-1","proband","proband","2","M","Confirmed","P","true","false","35","433","SKIN (excludes Skin of vulva, Skin of penis, Skin of scrotum )","SKIN","Malignant fibrous histiocytoma","35","33","","77","","0.01","0","0.01","0","-882","-381","-998","-40","https://www.ncbi.nlm.nih.gov/pubmed/8393584"
"98","Shi93","Japan","Eastern Asia","Asia","More developed regions","LFS","2","TP53","3879","7517819","7577094","7673776","8-exon","282","G:C>A:T at CpG","C>T","c.844C>T","g.7577094G>A","g.7673776G>A","C","T","CGG","TGG","yes","no","C_G","Arg","Trp","missense","C65","Damaging","D","0.896","0.5418","non-functional","DNE_LOF","Moderate","p.R282W","10704","12364","502","yes","DNA binding","Buried","351","Shi93-III-2","NA","NA","3","F","Confirmed","NA","true","false","","439","OTHER AND ILL-DEFINED SITES IN LIP, ORAL CAVITY AND PHARYNX","OTHER HEAD&NECK","Carcinoma, NOS","4","34","","78","","0.01","0.01","0.01","0","-437","37","-553","-75","https://www.ncbi.nlm.nih.gov/pubmed/8402598"
"98","Shi93","Japan","Eastern Asia","Asia","More developed regions","LFS","2","TP53","3879","7517819","7577094","7673776","8-exon","282","G:C>A:T at CpG","C>T","c.844C>T","g.7577094G>A","g.7673776G>A","C","T","CGG","TGG","yes","no","C_G","Arg","Trp","missense","C65","Damaging","D","0.896","0.5418","non-functional","DNE_LOF","Moderate","p.R282W","10704","12364","502","yes","DNA binding","Buried","352","Shi93-III-3","proband","proband","3","F","Confirmed","NA","true","false","","440","BONES, JOINTS AND ARTICULAR CARTILAGE OF OTHER AND UNSPECIFIED SITES","BONES (other)","Osteosarcoma, NOS (C40._, C41._)","13","34","","78","","0.01","0.01","0.01","0","-437","37","-553","-75","https://www.ncbi.nlm.nih.gov/pubmed/8402598"
"98","Shi93","Japan","Eastern Asia","Asia","More developed regions","LFS","2","TP53","3879","7517819","7577094","7673776","8-exon","282","G:C>A:T at CpG","C>T","c.844C>T","g.7577094G>A","g.7673776G>A","C","T","CGG","TGG","yes","no","C_G","Arg","Trp","missense","C65","Damaging","D","0.896","0.5418","non-functional","DNE_LOF","Moderate","p.R282W","10704","12364","502","yes","DNA binding","Buried","352","Shi93-III-3","proband","proband","3","F","Confirmed","NA","true","false","","441","BREAST","BREAST","Stromal sarcoma, NOS","19","34","","78","","0.01","0.01","0.01","0","-437","37","-553","-75","https://www.ncbi.nlm.nih.gov/pubmed/8402598"
"98","Shi93","Japan","Eastern Asia","Asia","More developed regions","LFS","2","TP53","3879","7517819","7577094","7673776","8-exon","282","G:C>A:T at CpG","C>T","c.844C>T","g.7577094G>A","g.7673776G>A","C","T","CGG","TGG","yes","no","C_G","Arg","Trp","missense","C65","Damaging","D","0.896","0.5418","non-functional","DNE_LOF","Moderate","p.R282W","10704","12364","502","yes","DNA binding","Buried","352","Shi93-III-3","proband","proband","3","F","Confirmed","NA","true","false","","442","STOMACH","STOMACH","Cancer, NOS","22","34","","78","","0.01","0.01","0.01","0","-437","37","-553","-75","https://www.ncbi.nlm.nih.gov/pubmed/8402598"
"100","Sri90","USA","Northern America","Americas","More developed regions","LFS","3","TP53","3244","7518272","7577547","7674229","7-exon","245","G:C>A:T","G>A","c.734G>A","g.7577547C>T","g.7674229C>T","G","A","GGC","GAC","no","no","G_C","Gly","Asp","missense","C65","Damaging","D","0.974","0.5986","non-functional","unclass.","Yes","p.G245D","43606","12355","99","yes","DNA binding","Buried","363","Sri90-II-2","NA","NA","2","M","Confirmed","NA","true","false","","459","BRAIN","BRAIN","Tumor cells, NOS","","36","","91","","0","0","0","0","14","-890","-48","-1006","https://www.ncbi.nlm.nih.gov/pubmed/91080929"
"100","Sri90","USA","Northern America","Americas","More developed regions","LFS","3","TP53","3244","7518272","7577547","7674229","7-exon","245","G:C>A:T","G>A","c.734G>A","g.7577547C>T","g.7674229C>T","G","A","GGC","GAC","no","no","G_C","Gly","Asp","missense","C65","Damaging","D","0.974","0.5986","non-functional","unclass.","Yes","p.G245D","43606","12355","99","yes","DNA binding","Buried","363","Sri90-II-2","NA","NA","2","M","Confirmed","NA","true","false","","460","BRAIN","BRAIN","Cancer, NOS","","36","","91","","0","0","0","0","14","-890","-48","-1006","https://www.ncbi.nlm.nih.gov/pubmed/91080929"
"100","Sri90","USA","Northern America","Americas","More developed regions","LFS","3","TP53","3244","7518272","7577547","7674229","7-exon","245","G:C>A:T","G>A","c.734G>A","g.7577547C>T","g.7674229C>T","G","A","GGC","GAC","no","no","G_C","Gly","Asp","missense","C65","Damaging","D","0.974","0.5986","non-functional","unclass.","Yes","p.G245D","43606","12355","99","yes","DNA binding","Buried","365","Sri90-II-5","NA","NA","2","F","Confirmed","NA","true","false","","462","CONNECTIVE, SUBCUTANEOUS AND OTHER SOFT TISSUES","SOFT TISSUES","Sarcoma, NOS","","36","","91","","0","0","0","0","14","-890","-48","-1006","https://www.ncbi.nlm.nih.gov/pubmed/91080929"
"100","Sri90","USA","Northern America","Americas","More developed regions","LFS","3","TP53","3244","7518272","7577547","7674229","7-exon","245","G:C>A:T","G>A","c.734G>A","g.7577547C>T","g.7674229C>T","G","A","GGC","GAC","no","no","G_C","Gly","Asp","missense","C65","Damaging","D","0.974","0.5986","non-functional","unclass.","Yes","p.G245D","43606","12355","99","yes","DNA binding","Buried","365","Sri90-II-5","NA","NA","2","F","Confirmed","NA","true","false","","463","BREAST","BREAST","Cancer, NOS","","36","","91","","0","0","0","0","14","-890","-48","-1006","https://www.ncbi.nlm.nih.gov/pubmed/91080929"
"100","Sri90","USA","Northern America","Americas","More developed regions","LFS","3","TP53","3244","7518272","7577547","7674229","7-exon","245","G:C>A:T","G>A","c.734G>A","g.7577547C>T","g.7674229C>T","G","A","GGC","GAC","no","no","G_C","Gly","Asp","missense","C65","Damaging","D","0.974","0.5986","non-functional","unclass.","Yes","p.G245D","43606","12355","99","yes","DNA binding","Buried","368","Sri90-III-3","NA","NA","3","M","Confirmed","P","true","false","","467","UNKNOWN PRIMARY SITE","UNKNOWN SITE","Neurilemoma, NOS","","36","","91","","0","0","0","0","14","-890","-48","-1006","https://www.ncbi.nlm.nih.gov/pubmed/91080929"
"100","Sri90","USA","Northern America","Americas","More developed regions","LFS","3","TP53","3244","7518272","7577547","7674229","7-exon","245","G:C>A:T","G>A","c.734G>A","g.7577547C>T","g.7674229C>T","G","A","GGC","GAC","no","no","G_C","Gly","Asp","missense","C65","Damaging","D","0.974","0.5986","non-functional","unclass.","Yes","p.G245D","43606","12355","99","yes","DNA binding","Buried","368","Sri90-III-3","NA","NA","3","M","Confirmed","P","true","false","","468","BONES, JOINTS AND ARTICULAR CARTILAGE OF OTHER AND UNSPECIFIED SITES","BONES (other)","Osteosarcoma, NOS (C40._, C41._)","","36","","91","","0","0","0","0","14","-890","-48","-1006","https://www.ncbi.nlm.nih.gov/pubmed/91080929"
"100","Sri90","USA","Northern America","Americas","More developed regions","LFS","3","TP53","3244","7518272","7577547","7674229","7-exon","245","G:C>A:T","G>A","c.734G>A","g.7577547C>T","g.7674229C>T","G","A","GGC","GAC","no","no","G_C","Gly","Asp","missense","C65","Damaging","D","0.974","0.5986","non-functional","unclass.","Yes","p.G245D","43606","12355","99","yes","DNA binding","Buried","366","Sri90-III-1","proband","proband","3","M","Confirmed","P","true","false","","465","BRAIN","BRAIN","Cancer, NOS","","36","","91","","0","0","0","0","14","-890","-48","-1006","https://www.ncbi.nlm.nih.gov/pubmed/91080929"
"100","Sri90","USA","Northern America","Americas","More developed regions","LFS","3","TP53","3244","7518272","7577547","7674229","7-exon","245","G:C>A:T","G>A","c.734G>A","g.7577547C>T","g.7674229C>T","G","A","GGC","GAC","no","no","G_C","Gly","Asp","missense","C65","Damaging","D","0.974","0.5986","non-functional","unclass.","Yes","p.G245D","43606","12355","99","yes","DNA binding","Buried","366","Sri90-III-1","proband","proband","3","M","Confirmed","P","true","false","","464","BONES, JOINTS AND ARTICULAR CARTILAGE OF OTHER AND UNSPECIFIED SITES","BONES (other)","Osteosarcoma, NOS (C40._, C41._)","","36","","91","","0","0","0","0","14","-890","-48","-1006","https://www.ncbi.nlm.nih.gov/pubmed/91080929"
"101","Stol94","France","Western Europe","Europe","More developed regions","LFS","3","TP53","2742","7518929","7578204","7674886","6-exon","215","del","del1","c.645del","g.7578204del","g.7674886del","T","NA","AGT","NA","no","no","G_G","Ser","NA","FS","NA","NA","NA","","","NA","NA","NA","p.S215fs","","","0","yes","DNA binding","Phosphorylation site","372","Stol94-III-2","NA","NA","3","M","Confirmed","NA","true","false","15","473","ADRENAL GLAND","ADRENAL GLAND","Adrenal cortical carcinoma (C74.0)","15","37","","93","","","","","","","","","","https://www.ncbi.nlm.nih.gov/pubmed/8084585"
"101","Stol94","France","Western Europe","Europe","More developed regions","LFS","3","TP53","2742","7518929","7578204","7674886","6-exon","215","del","del1","c.645del","g.7578204del","g.7674886del","T","NA","AGT","NA","no","no","G_G","Ser","NA","FS","NA","NA","NA","","","NA","NA","NA","p.S215fs","","","0","yes","DNA binding","Phosphorylation site","371","Stol94-III-1","proband","proband","3","M","Confirmed","NA","true","false","","471","CONNECTIVE, SUBCUTANEOUS AND OTHER SOFT TISSUES","SOFT TISSUES","Rhabdomyosarcoma, NOS","3","37","","93","","","","","","","","","","https://www.ncbi.nlm.nih.gov/pubmed/8084585"
"101","Stol94","France","Western Europe","Europe","More developed regions","LFS","3","TP53","2742","7518929","7578204","7674886","6-exon","215","del","del1","c.645del","g.7578204del","g.7674886del","T","NA","AGT","NA","no","no","G_G","Ser","NA","FS","NA","NA","NA","","","NA","NA","NA","p.S215fs","","","0","yes","DNA binding","Phosphorylation site","371","Stol94-III-1","proband","proband","3","M","Confirmed","NA","true","false","","643","BONES, JOINTS AND ARTICULAR CARTILAGE OF OTHER AND UNSPECIFIED SITES","BONES (other)","Osteosarcoma, NOS (C40._, C41._)","11","37","","93","in ref 62","","","","","","","","","https://www.ncbi.nlm.nih.gov/pubmed/8084585"
"101","Stol94","France","Western Europe","Europe","More developed regions","LFS","3","TP53","2742","7518929","7578204","7674886","6-exon","215","del","del1","c.645del","g.7578204del","g.7674886del","T","NA","AGT","NA","no","no","G_G","Ser","NA","FS","NA","NA","NA","","","NA","NA","NA","p.S215fs","","","0","yes","DNA binding","Phosphorylation site","371","Stol94-III-1","proband","proband","3","M","Confirmed","NA","true","false","","472","BONES, JOINTS AND ARTICULAR CARTILAGE OF OTHER AND UNSPECIFIED SITES","BONES (other)","Osteosarcoma, NOS (C40._, C41._)","15","37","","93","","","","","","","","","","https://www.ncbi.nlm.nih.gov/pubmed/8084585"
"105","Tog92-D","More developed regions,NOS","More developed regions,NOS","More developed regions,NOS","More developed regions","LFS","3","TP53","1730","7519201","7578476","7675158","5-exon","152","ins","ins1","c.453_454insN","g.7578476_7578477insN","g.7675158_7675159insN","C","NA","CCG","NA","no","no","C_C","Pro","NA","FS","NA","NA","NA","","","NA","NA","NA","p.P151fs","43894","","0","yes","DNA binding","Partially exposed","381","Tog92-D-II-3","NA","NA","2","F","Confirmed","NA","true","false","29","483","BREAST","BREAST","Cancer, NOS","29","38","Japan or USA; insC","97","","","","","","","","","","https://www.ncbi.nlm.nih.gov/pubmed/92228022"
"105","Tog92-D","More developed regions,NOS","More developed regions,NOS","More developed regions,NOS","More developed regions","LFS","3","TP53","1730","7519201","7578476","7675158","5-exon","152","ins","ins1","c.453_454insN","g.7578476_7578477insN","g.7675158_7675159insN","C","NA","CCG","NA","no","no","C_C","Pro","NA","FS","NA","NA","NA","","","NA","NA","NA","p.P151fs","43894","","0","yes","DNA binding","Partially exposed","380","Tog92-D-II-2","proband","proband","2","M","Confirmed","NA","true","false","","482","BONES, JOINTS AND ARTICULAR CARTILAGE OF OTHER AND UNSPECIFIED SITES","BONES (other)","Osteosarcoma, NOS (C40._, C41._)","19","38","Japan or USA; insC","97","","","","","","","","","","https://www.ncbi.nlm.nih.gov/pubmed/92228022"
"105","Tog92-D","More developed regions,NOS","More developed regions,NOS","More developed regions,NOS","More developed regions","LFS","3","TP53","1730","7519201","7578476","7675158","5-exon","152","ins","ins1","c.453_454insN","g.7578476_7578477insN","g.7675158_7675159insN","C","NA","CCG","NA","no","no","C_C","Pro","NA","FS","NA","NA","NA","","","NA","NA","NA","p.P151fs","43894","","0","yes","DNA binding","Partially exposed","383","Tog92-D-III-1","NA","NA","3","F","Confirmed","P","false","true","","","","","","","38","Japan or USA; insC","97","","","","","","","","","","https://www.ncbi.nlm.nih.gov/pubmed/92228022"
"105","Tog92-D","More developed regions,NOS","More developed regions,NOS","More developed regions,NOS","More developed regions","LFS","3","TP53","1730","7519201","7578476","7675158","5-exon","152","ins","ins1","c.453_454insN","g.7578476_7578477insN","g.7675158_7675159insN","C","NA","CCG","NA","no","no","C_C","Pro","NA","FS","NA","NA","NA","","","NA","NA","NA","p.P151fs","43894","","0","yes","DNA binding","Partially exposed","384","Tog92-D-III-2","NA","NA","3","M","Confirmed","M","false","true","12","","","","","","38","Japan or USA; insC","97","","","","","","","","","","https://www.ncbi.nlm.nih.gov/pubmed/92228022"
"106","Tog92-E","More developed regions,NOS","More developed regions,NOS","More developed regions,NOS","More developed regions","LFS","3","TP53","2639","7518949","7578224","7674906","6-exon","209","del","del2","c.625_626del","g.7578223_7578224del","g.7674905_7674906del","A","NA","AGA","NA","no","no","C_G","Arg","NA","FS","NA","NA","NA","","","NA","NA","NA","p.R209fs","6482","","1","no","DNA binding","Exposed","388","Tog92-E-III-1","proband","proband","3","F","Confirmed","NA","true","false","","488","UNKNOWN PRIMARY SITE","UNKNOWN SITE","Malignant fibrous histiocytoma","8","38","Japan or USA","98","","","","","","","","","","https://www.ncbi.nlm.nih.gov/pubmed/92228022"
"115","Var96","India","South Central Asia","Asia","Less developed regions","LFS","3","TP53","4664","7514721","7573996","7670678","10-exon","344","A:T>G:C","T>C","c.1031T>C","g.7573996A>G","g.7670678A>G","T","C","CTG","CCG","no","no","C_G","Leu","Pro","missense","C65","Damaging","D","0.862","0.4856","non-functional","notDNE_LOF","Moderate","p.L344P","44070","12375","6","no","Tetramerisation/NES","Tetramerisation","436","Var96-III-11","NA","NA","3","M","Confirmed","NA","true","false","","535","BONES, JOINTS AND ARTICULAR CARTILAGE OF OTHER AND UNSPECIFIED SITES","BONES (other)","Osteosarcoma, NOS (C40._, C41._)","40","43","","106","","0","0","0","0","-894","-988","172","-1007","https://www.ncbi.nlm.nih.gov/pubmed/8649785"
"115","Var96","India","South Central Asia","Asia","Less developed regions","LFS","3","TP53","4664","7514721","7573996","7670678","10-exon","344","A:T>G:C","T>C","c.1031T>C","g.7573996A>G","g.7670678A>G","T","C","CTG","CCG","no","no","C_G","Leu","Pro","missense","C65","Damaging","D","0.862","0.4856","non-functional","notDNE_LOF","Moderate","p.L344P","44070","12375","6","no","Tetramerisation/NES","Tetramerisation","435","Var96-III-9","proband","proband","3","M","Confirmed","NA","true","false","","533","BONES, JOINTS AND ARTICULAR CARTILAGE OF LIMBS","BONES (limbs)","Osteosarcoma, NOS (C40._, C41._)","33","43","","106","","0","0","0","0","-894","-988","172","-1007","https://www.ncbi.nlm.nih.gov/pubmed/8649785"
"115","Var96","India","South Central Asia","Asia","Less developed regions","LFS","3","TP53","4664","7514721","7573996","7670678","10-exon","344","A:T>G:C","T>C","c.1031T>C","g.7573996A>G","g.7670678A>G","T","C","CTG","CCG","no","no","C_G","Leu","Pro","missense","C65","Damaging","D","0.862","0.4856","non-functional","notDNE_LOF","Moderate","p.L344P","44070","12375","6","no","Tetramerisation/NES","Tetramerisation","435","Var96-III-9","proband","proband","3","M","Confirmed","NA","true","false","","534","RETROPERITONEUM AND PERITONEUM","PERITONEUM","Leiomyosarcoma, NOS","44","43","","106","","0","0","0","0","-894","-988","172","-1007","https://www.ncbi.nlm.nih.gov/pubmed/8649785"
"117","Str95","USA","Northern America","Americas","More developed regions","LFS","4","TP53","2730","7518931","7578206","7674888","6-exon","215","ins","ins6","c.642_643insNNNNNN","g.7578206_7578207insNNNNNN","g.7674888_7674889insNNNNNN","A","NA","AGT","NA","no","no","T_G","Ser","NA","other","NA","NA","NA","","","NA","NA","NA","p.?","","","0","yes","DNA binding","Phosphorylation site","448","Str95-III-6","NA","NA","3","M","Confirmed","NA","true","false","","549","OTHER AND UNSPECIFIED MALE GENITAL ORGANS","OTHER MALE GEN. ORG.","Liposarcoma, NOS","26","45","insTGGTTG","108","","","","","","","","","","https://www.ncbi.nlm.nih.gov/pubmed/7614454"
"117","Str95","USA","Northern America","Americas","More developed regions","LFS","4","TP53","2730","7518931","7578206","7674888","6-exon","215","ins","ins6","c.642_643insNNNNNN","g.7578206_7578207insNNNNNN","g.7674888_7674889insNNNNNN","A","NA","AGT","NA","no","no","T_G","Ser","NA","other","NA","NA","NA","","","NA","NA","NA","p.?","","","0","yes","DNA binding","Phosphorylation site","450","Str95-IV-2","NA","NA","4","M","Confirmed","P","true","false","","551","BONES, JOINTS AND ARTICULAR CARTILAGE OF OTHER AND UNSPECIFIED SITES","BONES (other)","Osteosarcoma, NOS (C40._, C41._)","3","45","insTGGTTG","108","","","","","","","","","","https://www.ncbi.nlm.nih.gov/pubmed/7614454"
"117","Str95","USA","Northern America","Americas","More developed regions","LFS","4","TP53","2730","7518931","7578206","7674888","6-exon","215","ins","ins6","c.642_643insNNNNNN","g.7578206_7578207insNNNNNN","g.7674888_7674889insNNNNNN","A","NA","AGT","NA","no","no","T_G","Ser","NA","other","NA","NA","NA","","","NA","NA","NA","p.?","","","0","yes","DNA binding","Phosphorylation site","449","Str95-IV-1","proband","proband","4","F","Confirmed","P","true","false","","550","ADRENAL GLAND","ADRENAL GLAND","Adrenal cortical carcinoma (C74.0)","2","45","insTGGTTG","108","","","","","","","","","","https://www.ncbi.nlm.nih.gov/pubmed/7614454"
"118","Sha95","USA","Northern America","Americas","More developed regions","LFS","3","TP53","1429","7519257","7578532","7675214","5-exon","133","A:T>G:C","T>C","c.398T>C","g.7578532A>G","g.7675214A>G","T","C","ATG","ACG","no","no","A_G","Met","Thr","missense","C45","Damaging","P","0.78","0.3779","non-functional","DNE_LOF","No","p.M133T","43723","12357","7","yes","DNA binding","Buried","454","Sha95-II-4","NA","NA","2","F","Confirmed","NA","true","false","37","555","BREAST","BREAST","Cancer, NOS","37","46","","109","","0","0","0","0","22","-260","980","-360","https://www.ncbi.nlm.nih.gov/pubmed/7799951"
"118","Sha95","USA","Northern America","Americas","More developed regions","LFS","3","TP53","1429","7519257","7578532","7675214","5-exon","133","A:T>G:C","T>C","c.398T>C","g.7578532A>G","g.7675214A>G","T","C","ATG","ACG","no","no","A_G","Met","Thr","missense","C45","Damaging","P","0.78","0.3779","non-functional","DNE_LOF","No","p.M133T","43723","12357","7","yes","DNA binding","Buried","457","Sha95-II-7","NA","NA","2","F","Confirmed","NA","false","true","","","","","","","46","","109","","0","0","0","0","22","-260","980","-360","https://www.ncbi.nlm.nih.gov/pubmed/7799951"
"118","Sha95","USA","Northern America","Americas","More developed regions","LFS","3","TP53","1429","7519257","7578532","7675214","5-exon","133","A:T>G:C","T>C","c.398T>C","g.7578532A>G","g.7675214A>G","T","C","ATG","ACG","no","no","A_G","Met","Thr","missense","C45","Damaging","P","0.78","0.3779","non-functional","DNE_LOF","No","p.M133T","43723","12357","7","yes","DNA binding","Buried","458","Sha95-III-6","NA","NA","3","F","Confirmed","M","true","false","","558","BREAST","BREAST","Cancer, NOS","31","46","","109","","0","0","0","0","22","-260","980","-360","https://www.ncbi.nlm.nih.gov/pubmed/7799951"
"118","Sha95","USA","Northern America","Americas","More developed regions","LFS","3","TP53","1429","7519257","7578532","7675214","5-exon","133","A:T>G:C","T>C","c.398T>C","g.7578532A>G","g.7675214A>G","T","C","ATG","ACG","no","no","A_G","Met","Thr","missense","C45","Damaging","P","0.78","0.3779","non-functional","DNE_LOF","No","p.M133T","43723","12357","7","yes","DNA binding","Buried","461","Sha95-III-14","proband","proband","3","F","Confirmed","M","true","false","","561","BREAST","BREAST","Cancer, NOS","31","46","","109","","0","0","0","0","22","-260","980","-360","https://www.ncbi.nlm.nih.gov/pubmed/7799951"
"147","Cho-54","France","Western Europe","Europe","More developed regions","LFS","2","TP53","1857","7519183","7578458","7675140","5-exon","158","G:C>C:G","C>G","c.472C>G","g.7578458G>C","g.7675140G>C","C","G","CGC","GGC","yes","no","C_G","Arg","Gly","missense","C65","Damaging","D","0.862","0.5248","non-functional","DNE_LOF","No","p.R158G","11087","","17","yes","DNA binding","Buried","538","Cho-54-II-2","proband","proband","2","M","Confirmed","NA","true","false","","646","BONES, JOINTS AND ARTICULAR CARTILAGE OF OTHER AND UNSPECIFIED SITES","BONES (other)","Osteosarcoma, NOS (C40._, C41._)","11","62","","137","","0","0","0","0","-186","-169","196","-286","https://www.ncbi.nlm.nih.gov/pubmed/10864200"
"148","Cho-11","France","Western Europe","Europe","More developed regions","LFS","2","TP53","2143","7519131","7578406","7675088","5-exon","175","G:C>A:T at CpG","G>A","c.524G>A","g.7578406C>T","g.7675088C>T","G","A","CGC","CAC","yes","no","C_C","Arg","His","missense","C25","Damaging","D","0.922","0.5462","non-functional","DNE_LOF","Yes","p.R175H","10648","12374","1000","yes","DNA binding","Buried","541","Cho-11-II-1","proband","proband","2","M","Confirmed","NA","true","false","","649","CONNECTIVE, SUBCUTANEOUS AND OTHER SOFT TISSUES","SOFT TISSUES","Rhabdomyosarcoma, NOS","2","62","","138","","0","0","0.01","0","-117","-134","11","248","https://www.ncbi.nlm.nih.gov/pubmed/10864200"
"148","Cho-11","France","Western Europe","Europe","More developed regions","LFS","2","TP53","2143","7519131","7578406","7675088","5-exon","175","G:C>A:T at CpG","G>A","c.524G>A","g.7578406C>T","g.7675088C>T","G","A","CGC","CAC","yes","no","C_C","Arg","His","missense","C25","Damaging","D","0.922","0.5462","non-functional","DNE_LOF","Yes","p.R175H","10648","12374","1000","yes","DNA binding","Buried","541","Cho-11-II-1","proband","proband","2","M","Confirmed","NA","true","false","","650","BONES, JOINTS AND ARTICULAR CARTILAGE OF OTHER AND UNSPECIFIED SITES","BONES (other)","Osteosarcoma, NOS (C40._, C41._)","13","62","","138","","0","0","0.01","0","-117","-134","11","248","https://www.ncbi.nlm.nih.gov/pubmed/10864200"
"149","Cho-1497","France","Western Europe","Europe","More developed regions","LFS","2","TP53","3879","7517819","7577094","7673776","8-exon","282","G:C>A:T at CpG","C>T","c.844C>T","g.7577094G>A","g.7673776G>A","C","T","CGG","TGG","yes","no","C_G","Arg","Trp","missense","C65","Damaging","D","0.896","0.5418","non-functional","DNE_LOF","Moderate","p.R282W","10704","12364","502","yes","DNA binding","Buried","545","Cho-1497-II-2","proband","proband","2","M","Confirmed","NA","true","false","","655","BRAIN","BRAIN","Choroid plexus carcinoma (C71.5)","9","62","","139","","0.01","0.01","0.01","0","-437","37","-553","-75","https://www.ncbi.nlm.nih.gov/pubmed/10864200"
"150","Cho-2453","France","Western Europe","Europe","More developed regions","LFS","3","TP53","3584","7517873","7577148","7673830","8-exon","264","del","del3","c.790_792del","g.7577146_7577148del","g.7673828_7673830del","C","NA","CTA","NA","no","no","T_T","Leu","NA","other","NA","NA","NA","","","NA","NA","NA","p.L264del","45150","","0","no","DNA binding","Partially exposed","557","Cho-2453-III-9","proband","proband","3","F","Confirmed","NA","true","false","","668","CONNECTIVE, SUBCUTANEOUS AND OTHER SOFT TISSUES","SOFT TISSUES","Rhabdomyosarcoma, NOS","7","62","","140","","","","","","","","","","https://www.ncbi.nlm.nih.gov/pubmed/10864200"
"151","Cho-66","France","Western Europe","Europe","More developed regions","LFS","3","TP53","3737","7517845","7577120","7673802","8-exon","273","G:C>A:T at CpG","G>A","c.818G>A","g.7577120C>T","g.7673802C>T","G","A","CGT","CAT","yes","no","C_T","Arg","His","missense","C25","Damaging","D","0.868","0.5259","non-functional","DNE_LOF","Yes","p.R273H","10660","12366","635","yes","DNA binding","DNA binding","563","Cho-66-III-3","proband","proband","3","M","Confirmed","NA","true","false","","673","PERIPHERAL NERVES AND AUTONOMIC NERVOUS SYSTEM","NERVES","Neuroblastoma, NOS","5","62","","141","","0.01","0.02","0","0","38","11","-595","5","https://www.ncbi.nlm.nih.gov/pubmed/10864200"
"151","Cho-66","France","Western Europe","Europe","More developed regions","LFS","3","TP53","3737","7517845","7577120","7673802","8-exon","273","G:C>A:T at CpG","G>A","c.818G>A","g.7577120C>T","g.7673802C>T","G","A","CGT","CAT","yes","no","C_T","Arg","His","missense","C25","Damaging","D","0.868","0.5259","non-functional","DNE_LOF","Yes","p.R273H","10660","12366","635","yes","DNA binding","DNA binding","563","Cho-66-III-3","proband","proband","3","M","Confirmed","NA","true","false","","674","BONES, JOINTS AND ARTICULAR CARTILAGE OF OTHER AND UNSPECIFIED SITES","BONES (other)","Osteosarcoma, NOS (C40._, C41._)","11","62","","141","","0.01","0.02","0","0","38","11","-595","5","https://www.ncbi.nlm.nih.gov/pubmed/10864200"
"151","Cho-66","France","Western Europe","Europe","More developed regions","LFS","3","TP53","3737","7517845","7577120","7673802","8-exon","273","G:C>A:T at CpG","G>A","c.818G>A","g.7577120C>T","g.7673802C>T","G","A","CGT","CAT","yes","no","C_T","Arg","His","missense","C25","Damaging","D","0.868","0.5259","non-functional","DNE_LOF","Yes","p.R273H","10660","12366","635","yes","DNA binding","DNA binding","563","Cho-66-III-3","proband","proband","3","M","Confirmed","NA","true","false","","675","BONES, JOINTS AND ARTICULAR CARTILAGE OF OTHER AND UNSPECIFIED SITES","BONES (other)","Osteosarcoma, NOS (C40._, C41._)","13","62","","141","","0.01","0.02","0","0","38","11","-595","5","https://www.ncbi.nlm.nih.gov/pubmed/10864200"
"152","Cho-2471","France","Western Europe","Europe","More developed regions","LFS","2","TP53","1309","7520037","7579312","7675994","4-exon","125","G:C>C:G","G>C","c.375G>C","g.7579312C>G","g.7675994C>G","G","C","ACG","ACC","yes","no","C_G","Thr","Thr","splice","NA","Tolerated","NA","","","NA","notDNE_notLOF","NA","p.T125T","46152","480746","3","yes","DNA binding","Buried","566","Cho-2471-II-1","proband","proband","2","M","Confirmed","NA","true","false","","678","BRAIN","BRAIN","Ependymoma, NOS (C71._)","2","62","","142","","0.01","0.1","0.24","0.87","-1040","74","-48","0","https://www.ncbi.nlm.nih.gov/pubmed/10864200"
"155","Doc96","Germany","Western Europe","Europe","More developed regions","LFS","3","TP53","2707","7518936","7578211","7674893","6-exon","213","G:C>C:G","G>C","c.638G>C","g.7578211C>G","g.7674893C>G","G","C","CGA","CCA","yes","no","C_A","Arg","Pro","missense","C65","Damaging","D","0.951","0.5865","non-functional","DNE_LOF","Moderate","p.R213P","11860","231214","6","yes","DNA binding","Buried","577","Doc96-I-1","NA","NA","1","F","Confirmed","NA","true","false","","692","UTERUS, NOS","UTERUS","Cancer, NOS","48","65","","146","","0","0.14","0","0.08","-7","61","443","-39","https://www.ncbi.nlm.nih.gov/pubmed/8869100"
"155","Doc96","Germany","Western Europe","Europe","More developed regions","LFS","3","TP53","2707","7518936","7578211","7674893","6-exon","213","G:C>C:G","G>C","c.638G>C","g.7578211C>G","g.7674893C>G","G","C","CGA","CCA","yes","no","C_A","Arg","Pro","missense","C65","Damaging","D","0.951","0.5865","non-functional","DNE_LOF","Moderate","p.R213P","11860","231214","6","yes","DNA binding","Buried","579","Doc96-I-3","NA","NA","1","F","Confirmed","NA","true","false","","694","BREAST","BREAST","Cancer, NOS","48","65","","146","","0","0.14","0","0.08","-7","61","443","-39","https://www.ncbi.nlm.nih.gov/pubmed/8869100"
"155","Doc96","Germany","Western Europe","Europe","More developed regions","LFS","3","TP53","2707","7518936","7578211","7674893","6-exon","213","G:C>C:G","G>C","c.638G>C","g.7578211C>G","g.7674893C>G","G","C","CGA","CCA","yes","no","C_A","Arg","Pro","missense","C65","Damaging","D","0.951","0.5865","non-functional","DNE_LOF","Moderate","p.R213P","11860","231214","6","yes","DNA binding","Buried","582","Doc96-II-3","NA","NA","2","M","Confirmed","M","false","true","23","","","","","","65","","146","","0","0.14","0","0.08","-7","61","443","-39","https://www.ncbi.nlm.nih.gov/pubmed/8869100"
"155","Doc96","Germany","Western Europe","Europe","More developed regions","LFS","3","TP53","2707","7518936","7578211","7674893","6-exon","213","G:C>C:G","G>C","c.638G>C","g.7578211C>G","g.7674893C>G","G","C","CGA","CCA","yes","no","C_A","Arg","Pro","missense","C65","Damaging","D","0.951","0.5865","non-functional","DNE_LOF","Moderate","p.R213P","11860","231214","6","yes","DNA binding","Buried","583","Doc96-II-4","NA","NA","2","F","Confirmed","M","false","true","21","","","","","","65","","146","","0","0.14","0","0.08","-7","61","443","-39","https://www.ncbi.nlm.nih.gov/pubmed/8869100"
"155","Doc96","Germany","Western Europe","Europe","More developed regions","LFS","3","TP53","2707","7518936","7578211","7674893","6-exon","213","G:C>C:G","G>C","c.638G>C","g.7578211C>G","g.7674893C>G","G","C","CGA","CCA","yes","no","C_A","Arg","Pro","missense","C65","Damaging","D","0.951","0.5865","non-functional","DNE_LOF","Moderate","p.R213P","11860","231214","6","yes","DNA binding","Buried","584","Doc96-II-5","proband","proband","2","F","Confirmed","M","true","false","11","697","BRAIN","BRAIN","Cancer, NOS","7","65","","146","","0","0.14","0","0.08","-7","61","443","-39","https://www.ncbi.nlm.nih.gov/pubmed/8869100"
"155","Doc96","Germany","Western Europe","Europe","More developed regions","LFS","3","TP53","2707","7518936","7578211","7674893","6-exon","213","G:C>C:G","G>C","c.638G>C","g.7578211C>G","g.7674893C>G","G","C","CGA","CCA","yes","no","C_A","Arg","Pro","missense","C65","Damaging","D","0.951","0.5865","non-functional","DNE_LOF","Moderate","p.R213P","11860","231214","6","yes","DNA binding","Buried","584","Doc96-II-5","proband","proband","2","F","Confirmed","M","true","false","11","698","HEMATOPOIETIC AND RETICULOENDOTHELIAL SYSTEMS","HEMATOP. SYSTEM","Acute myeloid leukemia, NOS","11","65","","146","","0","0.14","0","0.08","-7","61","443","-39","https://www.ncbi.nlm.nih.gov/pubmed/8869100"
"158","Cor97-1","The Netherlands","Western Europe","Europe","More developed regions","LFS","3","TP53","3604","7517869","7577144","7673826","8-exon","265","A:T>G:C","T>C","c.794T>C","g.7577144A>G","g.7673826A>G","T","C","CTG","CCG","no","no","C_G","Leu","Pro","missense","C65","Damaging","D","0.948","0.588","non-functional","DNE_LOF","Yes","p.L265P","11011","245777","17","yes","DNA binding","Buried","588","Cor97-1-II-1","NA","NA","2","M","Confirmed","NA","true","false","","703","BRAIN","BRAIN","Cancer, NOS","40","50","","148","","0","0.01","0","0.01","-250","14","-19","-603","https://www.ncbi.nlm.nih.gov/pubmed/9067756"
"158","Cor97-1","The Netherlands","Western Europe","Europe","More developed regions","LFS","3","TP53","3604","7517869","7577144","7673826","8-exon","265","A:T>G:C","T>C","c.794T>C","g.7577144A>G","g.7673826A>G","T","C","CTG","CCG","no","no","C_G","Leu","Pro","missense","C65","Damaging","D","0.948","0.588","non-functional","DNE_LOF","Yes","p.L265P","11011","245777","17","yes","DNA binding","Buried","589","Cor97-1-III-1","NA","NA","3","M","Confirmed","P","true","false","","704","CONNECTIVE, SUBCUTANEOUS AND OTHER SOFT TISSUES","SOFT TISSUES","Rhabdomyosarcoma, NOS","2","50","","148","","0","0.01","0","0.01","-250","14","-19","-603","https://www.ncbi.nlm.nih.gov/pubmed/9067756"
"158","Cor97-1","The Netherlands","Western Europe","Europe","More developed regions","LFS","3","TP53","3604","7517869","7577144","7673826","8-exon","265","A:T>G:C","T>C","c.794T>C","g.7577144A>G","g.7673826A>G","T","C","CTG","CCG","no","no","C_G","Leu","Pro","missense","C65","Damaging","D","0.948","0.588","non-functional","DNE_LOF","Yes","p.L265P","11011","245777","17","yes","DNA binding","Buried","590","Cor97-1-III-3","proband","proband","3","M","Confirmed","P","true","false","","705","CONNECTIVE, SUBCUTANEOUS AND OTHER SOFT TISSUES","SOFT TISSUES","Rhabdomyosarcoma, NOS","2","50","","148","","0","0.01","0","0.01","-250","14","-19","-603","https://www.ncbi.nlm.nih.gov/pubmed/9067756"
"161","Lom97","UK","Northern Europe","Europe","More developed regions","LFS","4","TP53","4584","7514743","7574018","7670700","10-exon","337","G:C>A:T at CpG","C>T","c.1009C>T","g.7574018G>A","g.7670700G>A","C","T","CGC","TGC","yes","no","G_G","Arg","Cys","missense","C45","Damaging","B","0.715","0.3165","non-functional","notDNE_LOF","No","p.R337C","11071","142536","78","yes","Tetramerisation","Tetramerisation/Methylation site","612","Lom97-III-2","proband","proband","3","F","Confirmed","NA","true","false","","725","BREAST","BREAST","Cancer, NOS","34","52","Family tree in Lancet 1992","152","","0.01","0","0","0","-1901","-279","-1029","150","https://www.ncbi.nlm.nih.gov/pubmed/9150393"
"163","Sed98-A","Czech Republic","Eastern Europe","Europe","More developed regions","LFS","4","TP53","1509","7519243","7578518","7675200","5-exon","138","G:C>C:G","G>C","c.412G>C","g.7578518C>G","g.7675200C>G","G","C","GCC","CCC","no","no","G_C","Ala","Pro","missense","C25","Damaging","D","0.949","0.5846","non-functional","DNE_LOF","Yes","p.A138P","11188","12376","12","no","DNA binding","Partially exposed","617","Sed98-A-II-1","NA","NA","2","M","Confirmed","NA","true","false","45","730","KIDNEY","KIDNEY","Carcinoma, NOS","45","56","","153","","0","0","0","0","868","36","-346","136","https://www.ncbi.nlm.nih.gov/pubmed/9569035"
"163","Sed98-A","Czech Republic","Eastern Europe","Europe","More developed regions","LFS","4","TP53","1509","7519243","7578518","7675200","5-exon","138","G:C>C:G","G>C","c.412G>C","g.7578518C>G","g.7675200C>G","G","C","GCC","CCC","no","no","G_C","Ala","Pro","missense","C25","Damaging","D","0.949","0.5846","non-functional","DNE_LOF","Yes","p.A138P","11188","12376","12","no","DNA binding","Partially exposed","618","Sed98-A-III-2","NA","NA","3","F","Confirmed","P","false","true","","","","","","","56","","153","","0","0","0","0","868","36","-346","136","https://www.ncbi.nlm.nih.gov/pubmed/9569035"
"163","Sed98-A","Czech Republic","Eastern Europe","Europe","More developed regions","LFS","4","TP53","1509","7519243","7578518","7675200","5-exon","138","G:C>C:G","G>C","c.412G>C","g.7578518C>G","g.7675200C>G","G","C","GCC","CCC","no","no","G_C","Ala","Pro","missense","C25","Damaging","D","0.949","0.5846","non-functional","DNE_LOF","Yes","p.A138P","11188","12376","12","no","DNA binding","Partially exposed","619","Sed98-A-IV-1","NA","NA","4","F","Confirmed","M","true","false","","731","ADRENAL GLAND","ADRENAL GLAND","Adrenal cortical carcinoma (C74.0)","2","56","","153","","0","0","0","0","868","36","-346","136","https://www.ncbi.nlm.nih.gov/pubmed/9569035"
"163","Sed98-A","Czech Republic","Eastern Europe","Europe","More developed regions","LFS","4","TP53","1509","7519243","7578518","7675200","5-exon","138","G:C>C:G","G>C","c.412G>C","g.7578518C>G","g.7675200C>G","G","C","GCC","CCC","no","no","G_C","Ala","Pro","missense","C25","Damaging","D","0.949","0.5846","non-functional","DNE_LOF","Yes","p.A138P","11188","12376","12","no","DNA binding","Partially exposed","619","Sed98-A-IV-1","NA","NA","4","F","Confirmed","M","true","false","","732","CONNECTIVE, SUBCUTANEOUS AND OTHER SOFT TISSUES","SOFT TISSUES","Rhabdomyosarcoma, NOS","3","56","","153","","0","0","0","0","868","36","-346","136","https://www.ncbi.nlm.nih.gov/pubmed/9569035"
"164","Sed98-B","Czech Republic","Eastern Europe","Europe","More developed regions","LFS","4","TP53","2199","7519123","7578398","7675080","5-exon","178","del","del1","c.532del","g.7578398del","g.7675080del","C","NA","CAC","NA","no","no","C_A","His","NA","FS","NA","NA","NA","","","NA","NA","NA","p.H178fs","44659","12377","16","yes","DNA binding","Exposed","627","Sed98-B-III-2","NA","NA","3","F","Confirmed","NA","true","false","","741","BREAST","BREAST","Cancer, NOS","28","56","","154","","","","","","","","","","https://www.ncbi.nlm.nih.gov/pubmed/9569035"
"164","Sed98-B","Czech Republic","Eastern Europe","Europe","More developed regions","LFS","4","TP53","2199","7519123","7578398","7675080","5-exon","178","del","del1","c.532del","g.7578398del","g.7675080del","C","NA","CAC","NA","no","no","C_A","His","NA","FS","NA","NA","NA","","","NA","NA","NA","p.H178fs","44659","12377","16","yes","DNA binding","Exposed","627","Sed98-B-III-2","NA","NA","3","F","Confirmed","NA","true","false","","742","BREAST","BREAST","Cancer, NOS","36","56","","154","","","","","","","","","","https://www.ncbi.nlm.nih.gov/pubmed/9569035"
"164","Sed98-B","Czech Republic","Eastern Europe","Europe","More developed regions","LFS","4","TP53","2199","7519123","7578398","7675080","5-exon","178","del","del1","c.532del","g.7578398del","g.7675080del","C","NA","CAC","NA","no","no","C_A","His","NA","FS","NA","NA","NA","","","NA","NA","NA","p.H178fs","44659","12377","16","yes","DNA binding","Exposed","627","Sed98-B-III-2","NA","NA","3","F","Confirmed","NA","true","false","","743","OVARY","OVARY","Cancer, NOS","37","56","","154","","","","","","","","","","https://www.ncbi.nlm.nih.gov/pubmed/9569035"
"164","Sed98-B","Czech Republic","Eastern Europe","Europe","More developed regions","LFS","4","TP53","2199","7519123","7578398","7675080","5-exon","178","del","del1","c.532del","g.7578398del","g.7675080del","C","NA","CAC","NA","no","no","C_A","His","NA","FS","NA","NA","NA","","","NA","NA","NA","p.H178fs","44659","12377","16","yes","DNA binding","Exposed","630","Sed98-B-IV-1","NA","NA","4","M","Confirmed","M","true","false","","746","BRAIN","BRAIN","Choroid plexus carcinoma (C71.5)","2","56","","154","","","","","","","","","","https://www.ncbi.nlm.nih.gov/pubmed/9569035"
"180","Luc98","USA","Northern America","Americas","More developed regions","LFS","2","TP53","4584","7514743","7574018","7670700","10-exon","337","G:C>A:T at CpG","C>T","c.1009C>T","g.7574018G>A","g.7670700G>A","C","T","CGC","TGC","yes","no","G_G","Arg","Cys","missense","C45","Damaging","B","0.715","0.3165","non-functional","notDNE_LOF","No","p.R337C","11071","142536","78","yes","Tetramerisation","Tetramerisation/Methylation site","675","Luc98-I-1","NA","NA","1","M","Confirmed","NA","true","false","","798","PROSTATE GLAND","PROSTATE","Cancer, NOS","58","70","","170","","0.01","0","0","0","-1901","-279","-1029","150","https://www.ncbi.nlm.nih.gov/pubmed/9452042"
"180","Luc98","USA","Northern America","Americas","More developed regions","LFS","2","TP53","4584","7514743","7574018","7670700","10-exon","337","G:C>A:T at CpG","C>T","c.1009C>T","g.7574018G>A","g.7670700G>A","C","T","CGC","TGC","yes","no","G_G","Arg","Cys","missense","C45","Damaging","B","0.715","0.3165","non-functional","notDNE_LOF","No","p.R337C","11071","142536","78","yes","Tetramerisation","Tetramerisation/Methylation site","678","Luc98-II-1","proband","proband","2","M","Confirmed","P","true","false","","801","BONES, JOINTS AND ARTICULAR CARTILAGE OF OTHER AND UNSPECIFIED SITES","BONES (other)","Osteosarcoma, NOS (C40._, C41._)","9","70","","170","","0.01","0","0","0","-1901","-279","-1029","150","https://www.ncbi.nlm.nih.gov/pubmed/9452042"
"191","Hus99-020","Finland","Northern Europe","Europe","More developed regions","LFS","3","TP53","2821","7518915","7578190","7674872","6-exon","220","A:T>G:C","A>G","c.659A>G","g.7578190T>C","g.7674872T>C","A","G","TAT","TGT","no","no","T_T","Tyr","Cys","missense","C65","Damaging","D","0.936","0.5625","non-functional","DNE_LOF","Moderate","p.Y220C","10758","127819","329","yes","DNA binding","Buried","718","Hus99-020-II-2","proband","proband","2","F","Confirmed","NA","true","false","","841","BONES, JOINTS AND ARTICULAR CARTILAGE OF OTHER AND UNSPECIFIED SITES","BONES (other)","Osteosarcoma, NOS (C40._, C41._)","13","79","","181","","0","0.03","0.13","0.04","1","82","1","-18","https://www.ncbi.nlm.nih.gov/pubmed/10432928"
"191","Hus99-020","Finland","Northern Europe","Europe","More developed regions","LFS","3","TP53","2821","7518915","7578190","7674872","6-exon","220","A:T>G:C","A>G","c.659A>G","g.7578190T>C","g.7674872T>C","A","G","TAT","TGT","no","no","T_T","Tyr","Cys","missense","C65","Damaging","D","0.936","0.5625","non-functional","DNE_LOF","Moderate","p.Y220C","10758","127819","329","yes","DNA binding","Buried","718","Hus99-020-II-2","proband","proband","2","F","Confirmed","NA","true","false","","842","BREAST","BREAST","Cancer, NOS","36","79","","181","","0","0.03","0.13","0.04","1","82","1","-18","https://www.ncbi.nlm.nih.gov/pubmed/10432928"
"191","Hus99-020","Finland","Northern Europe","Europe","More developed regions","LFS","3","TP53","2821","7518915","7578190","7674872","6-exon","220","A:T>G:C","A>G","c.659A>G","g.7578190T>C","g.7674872T>C","A","G","TAT","TGT","no","no","T_T","Tyr","Cys","missense","C65","Damaging","D","0.936","0.5625","non-functional","DNE_LOF","Moderate","p.Y220C","10758","127819","329","yes","DNA binding","Buried","718","Hus99-020-II-2","proband","proband","2","F","Confirmed","NA","true","false","","843","BREAST","BREAST","Cancer, NOS","36","79","","181","","0","0.03","0.13","0.04","1","82","1","-18","https://www.ncbi.nlm.nih.gov/pubmed/10432928"
"191","Hus99-020","Finland","Northern Europe","Europe","More developed regions","LFS","3","TP53","2821","7518915","7578190","7674872","6-exon","220","A:T>G:C","A>G","c.659A>G","g.7578190T>C","g.7674872T>C","A","G","TAT","TGT","no","no","T_T","Tyr","Cys","missense","C65","Damaging","D","0.936","0.5625","non-functional","DNE_LOF","Moderate","p.Y220C","10758","127819","329","yes","DNA binding","Buried","719","Hus99-020-III-1","NA","NA","3","M","Confirmed","M","true","false","","844","BRAIN","BRAIN","Choroid plexus papilloma, NOS (C71.5)","4","79","","181","","0","0.03","0.13","0.04","1","82","1","-18","https://www.ncbi.nlm.nih.gov/pubmed/10432928"
"193","Hun99-BC54","USA","Northern America","Americas","More developed regions","LFS","4","TP53","1429","7519257","7578532","7675214","5-exon","133","A:T>G:C","T>C","c.398T>C","g.7578532A>G","g.7675214A>G","T","C","ATG","ACG","no","no","A_G","Met","Thr","missense","C45","Damaging","P","0.78","0.3779","non-functional","DNE_LOF","No","p.M133T","43723","12357","7","yes","DNA binding","Buried","740","Hun99-BC54-IV-1","NA","NA","4","F","Confirmed","M","true","false","","867","BREAST","BREAST","Cancer, NOS","25","81","","183","","0","0","0","0","22","-260","980","-360","https://www.ncbi.nlm.nih.gov/pubmed/10477429"
"193","Hun99-BC54","USA","Northern America","Americas","More developed regions","LFS","4","TP53","1429","7519257","7578532","7675214","5-exon","133","A:T>G:C","T>C","c.398T>C","g.7578532A>G","g.7675214A>G","T","C","ATG","ACG","no","no","A_G","Met","Thr","missense","C45","Damaging","P","0.78","0.3779","non-functional","DNE_LOF","No","p.M133T","43723","12357","7","yes","DNA binding","Buried","741","Hun99-BC54-IV-2","NA","NA","4","F","Confirmed","M","true","false","","868","BREAST","BREAST","Cancer, NOS","27","81","","183","","0","0","0","0","22","-260","980","-360","https://www.ncbi.nlm.nih.gov/pubmed/10477429"
"193","Hun99-BC54","USA","Northern America","Americas","More developed regions","LFS","4","TP53","1429","7519257","7578532","7675214","5-exon","133","A:T>G:C","T>C","c.398T>C","g.7578532A>G","g.7675214A>G","T","C","ATG","ACG","no","no","A_G","Met","Thr","missense","C45","Damaging","P","0.78","0.3779","non-functional","DNE_LOF","No","p.M133T","43723","12357","7","yes","DNA binding","Buried","743","Hun99-BC54-IV-4","proband","proband","4","F","Confirmed","M","true","false","","870","BREAST","BREAST","Cancer, NOS","31","81","","183","","0","0","0","0","22","-260","980","-360","https://www.ncbi.nlm.nih.gov/pubmed/10477429"
"194","Que99-A","Canada","Northern America","Americas","More developed regions","LFS","4","TP53","1814","7519188","7578463","7675145","5-exon","156","G:C>A:T at CpG","G>A","c.467G>A","g.7578463C>T","g.7675145C>T","G","A","CGC","CAC","yes","no","C_C","Arg","His","missense","C0","Damaging","D","0.627","0.1907","partially functional","unclass.","No","p.R156H","43739","127811","8","no","DNA binding","Partially exposed","749","Que99-A-III-1","NA","NA","3","M","Confirmed","NA","false","true","","","","","","","82","","184","","0","0","0","0","-174","-191","-291","-1922","https://www.ncbi.nlm.nih.gov/pubmed/99361973"
"194","Que99-A","Canada","Northern America","Americas","More developed regions","LFS","4","TP53","1814","7519188","7578463","7675145","5-exon","156","G:C>A:T at CpG","G>A","c.467G>A","g.7578463C>T","g.7675145C>T","G","A","CGC","CAC","yes","no","C_C","Arg","His","missense","C0","Damaging","D","0.627","0.1907","partially functional","unclass.","No","p.R156H","43739","127811","8","no","DNA binding","Partially exposed","750","Que99-A-III-2","NA","NA","3","F","Confirmed","NA","true","false","","877","BREAST","BREAST","Cancer, NOS","35","82","","184","","0","0","0","0","-174","-191","-291","-1922","https://www.ncbi.nlm.nih.gov/pubmed/99361973"
"194","Que99-A","Canada","Northern America","Americas","More developed regions","LFS","4","TP53","1814","7519188","7578463","7675145","5-exon","156","G:C>A:T at CpG","G>A","c.467G>A","g.7578463C>T","g.7675145C>T","G","A","CGC","CAC","yes","no","C_C","Arg","His","missense","C0","Damaging","D","0.627","0.1907","partially functional","unclass.","No","p.R156H","43739","127811","8","no","DNA binding","Partially exposed","750","Que99-A-III-2","NA","NA","3","F","Confirmed","NA","true","false","","878","BREAST","BREAST","Cancer, NOS","43","82","","184","","0","0","0","0","-174","-191","-291","-1922","https://www.ncbi.nlm.nih.gov/pubmed/99361973"
"194","Que99-A","Canada","Northern America","Americas","More developed regions","LFS","4","TP53","1814","7519188","7578463","7675145","5-exon","156","G:C>A:T at CpG","G>A","c.467G>A","g.7578463C>T","g.7675145C>T","G","A","CGC","CAC","yes","no","C_C","Arg","His","missense","C0","Damaging","D","0.627","0.1907","partially functional","unclass.","No","p.R156H","43739","127811","8","no","DNA binding","Partially exposed","753","Que99-A-IV-1","proband","proband","4","M","Confirmed","M&P","true","false","12","881","CONNECTIVE, SUBCUTANEOUS AND OTHER SOFT TISSUES","SOFT TISSUES","Rhabdomyosarcoma, NOS","2","82","","184","","0","0","0","0","-174","-191","-291","-1922","https://www.ncbi.nlm.nih.gov/pubmed/99361973"
"194","Que99-A","Canada","Northern America","Americas","More developed regions","LFS","4","TP53","1814","7519188","7578463","7675145","5-exon","156","G:C>A:T at CpG","G>A","c.467G>A","g.7578463C>T","g.7675145C>T","G","A","CGC","CAC","yes","no","C_C","Arg","His","missense","C0","Damaging","D","0.627","0.1907","partially functional","unclass.","No","p.R156H","43739","127811","8","no","DNA binding","Partially exposed","753","Que99-A-IV-1","proband","proband","4","M","Confirmed","M&P","true","false","12","882","BRAIN","BRAIN","Cancer, NOS","10","82","","184","","0","0","0","0","-174","-191","-291","-1922","https://www.ncbi.nlm.nih.gov/pubmed/99361973"
"194","Que99-A","Canada","Northern America","Americas","More developed regions","LFS","4","TP53","3634","7517863","7577138","7673820","8-exon","267","G:C>A:T at CpG","G>A","c.800G>A","g.7577138C>T","g.7673820C>T","G","A","CGG","CAG","yes","no","C_G","Arg","Gln","missense","C35","Damaging","D","0.902","0.5934","partially functional","notDNE_notLOF","No","p.R267Q","43923","127823","6","yes","DNA binding","Buried","749","Que99-A-III-1","NA","NA","3","M","Confirmed","NA","false","true","","","","","","","82","","185","","0.08","0.04","0.01","0","-2","-7","-597","-13","https://www.ncbi.nlm.nih.gov/pubmed/99361973"
"194","Que99-A","Canada","Northern America","Americas","More developed regions","LFS","4","TP53","3634","7517863","7577138","7673820","8-exon","267","G:C>A:T at CpG","G>A","c.800G>A","g.7577138C>T","g.7673820C>T","G","A","CGG","CAG","yes","no","C_G","Arg","Gln","missense","C35","Damaging","D","0.902","0.5934","partially functional","notDNE_notLOF","No","p.R267Q","43923","127823","6","yes","DNA binding","Buried","750","Que99-A-III-2","NA","NA","3","F","Confirmed","NA","true","false","","877","BREAST","BREAST","Cancer, NOS","35","82","","185","","0.08","0.04","0.01","0","-2","-7","-597","-13","https://www.ncbi.nlm.nih.gov/pubmed/99361973"
"194","Que99-A","Canada","Northern America","Americas","More developed regions","LFS","4","TP53","3634","7517863","7577138","7673820","8-exon","267","G:C>A:T at CpG","G>A","c.800G>A","g.7577138C>T","g.7673820C>T","G","A","CGG","CAG","yes","no","C_G","Arg","Gln","missense","C35","Damaging","D","0.902","0.5934","partially functional","notDNE_notLOF","No","p.R267Q","43923","127823","6","yes","DNA binding","Buried","750","Que99-A-III-2","NA","NA","3","F","Confirmed","NA","true","false","","878","BREAST","BREAST","Cancer, NOS","43","82","","185","","0.08","0.04","0.01","0","-2","-7","-597","-13","https://www.ncbi.nlm.nih.gov/pubmed/99361973"
"194","Que99-A","Canada","Northern America","Americas","More developed regions","LFS","4","TP53","3634","7517863","7577138","7673820","8-exon","267","G:C>A:T at CpG","G>A","c.800G>A","g.7577138C>T","g.7673820C>T","G","A","CGG","CAG","yes","no","C_G","Arg","Gln","missense","C35","Damaging","D","0.902","0.5934","partially functional","notDNE_notLOF","No","p.R267Q","43923","127823","6","yes","DNA binding","Buried","753","Que99-A-IV-1","proband","proband","4","M","Confirmed","M&P","true","false","12","881","CONNECTIVE, SUBCUTANEOUS AND OTHER SOFT TISSUES","SOFT TISSUES","Rhabdomyosarcoma, NOS","2","82","","185","","0.08","0.04","0.01","0","-2","-7","-597","-13","https://www.ncbi.nlm.nih.gov/pubmed/99361973"
"194","Que99-A","Canada","Northern America","Americas","More developed regions","LFS","4","TP53","3634","7517863","7577138","7673820","8-exon","267","G:C>A:T at CpG","G>A","c.800G>A","g.7577138C>T","g.7673820C>T","G","A","CGG","CAG","yes","no","C_G","Arg","Gln","missense","C35","Damaging","D","0.902","0.5934","partially functional","notDNE_notLOF","No","p.R267Q","43923","127823","6","yes","DNA binding","Buried","753","Que99-A-IV-1","proband","proband","4","M","Confirmed","M&P","true","false","12","882","BRAIN","BRAIN","Cancer, NOS","10","82","","185","","0.08","0.04","0.01","0","-2","-7","-597","-13","https://www.ncbi.nlm.nih.gov/pubmed/99361973"
"194","Que99-A","Canada","Northern America","Americas","More developed regions","LFS","4","TP53","4011","7517794","7577069","7673751","8-exon","290","G:C>A:T at CpG","G>A","c.869G>A","g.7577069C>T","g.7673751C>T","G","A","CGC","CAC","yes","no","C_C","Arg","His","missense","C0","Tolerated","B","0.584","0.0916","supertrans","notDNE_notLOF","No","p.R290H","44017","127825","11","no","DNA binding","NA","749","Que99-A-III-1","NA","NA","3","M","Confirmed","NA","false","true","","","","","","","82","","186","","0","0.01","0","0","-412","89","-544","-50","https://www.ncbi.nlm.nih.gov/pubmed/99361973"
"194","Que99-A","Canada","Northern America","Americas","More developed regions","LFS","4","TP53","4011","7517794","7577069","7673751","8-exon","290","G:C>A:T at CpG","G>A","c.869G>A","g.7577069C>T","g.7673751C>T","G","A","CGC","CAC","yes","no","C_C","Arg","His","missense","C0","Tolerated","B","0.584","0.0916","supertrans","notDNE_notLOF","No","p.R290H","44017","127825","11","no","DNA binding","NA","750","Que99-A-III-2","NA","NA","3","F","Confirmed","NA","true","false","","877","BREAST","BREAST","Cancer, NOS","35","82","","186","","0","0.01","0","0","-412","89","-544","-50","https://www.ncbi.nlm.nih.gov/pubmed/99361973"
"194","Que99-A","Canada","Northern America","Americas","More developed regions","LFS","4","TP53","4011","7517794","7577069","7673751","8-exon","290","G:C>A:T at CpG","G>A","c.869G>A","g.7577069C>T","g.7673751C>T","G","A","CGC","CAC","yes","no","C_C","Arg","His","missense","C0","Tolerated","B","0.584","0.0916","supertrans","notDNE_notLOF","No","p.R290H","44017","127825","11","no","DNA binding","NA","750","Que99-A-III-2","NA","NA","3","F","Confirmed","NA","true","false","","878","BREAST","BREAST","Cancer, NOS","43","82","","186","","0","0.01","0","0","-412","89","-544","-50","https://www.ncbi.nlm.nih.gov/pubmed/99361973"
"194","Que99-A","Canada","Northern America","Americas","More developed regions","LFS","4","TP53","4011","7517794","7577069","7673751","8-exon","290","G:C>A:T at CpG","G>A","c.869G>A","g.7577069C>T","g.7673751C>T","G","A","CGC","CAC","yes","no","C_C","Arg","His","missense","C0","Tolerated","B","0.584","0.0916","supertrans","notDNE_notLOF","No","p.R290H","44017","127825","11","no","DNA binding","NA","753","Que99-A-IV-1","proband","proband","4","M","Confirmed","M&P","true","false","12","881","CONNECTIVE, SUBCUTANEOUS AND OTHER SOFT TISSUES","SOFT TISSUES","Rhabdomyosarcoma, NOS","2","82","","186","","0","0.01","0","0","-412","89","-544","-50","https://www.ncbi.nlm.nih.gov/pubmed/99361973"
"194","Que99-A","Canada","Northern America","Americas","More developed regions","LFS","4","TP53","4011","7517794","7577069","7673751","8-exon","290","G:C>A:T at CpG","G>A","c.869G>A","g.7577069C>T","g.7673751C>T","G","A","CGC","CAC","yes","no","C_C","Arg","His","missense","C0","Tolerated","B","0.584","0.0916","supertrans","notDNE_notLOF","No","p.R290H","44017","127825","11","no","DNA binding","NA","753","Que99-A-IV-1","proband","proband","4","M","Confirmed","M&P","true","false","12","882","BRAIN","BRAIN","Cancer, NOS","10","82","","186","","0","0.01","0","0","-412","89","-544","-50","https://www.ncbi.nlm.nih.gov/pubmed/99361973"
"195","Que99-B","Canada","Northern America","Americas","More developed regions","LFS","3","TP53","4011","7517794","7577069","7673751","8-exon","290","G:C>A:T at CpG","G>A","c.869G>A","g.7577069C>T","g.7673751C>T","G","A","CGC","CAC","yes","no","C_C","Arg","His","missense","C0","Tolerated","B","0.584","0.0916","supertrans","notDNE_notLOF","No","p.R290H","44017","127825","11","no","DNA binding","NA","755","Que99-B-III-1","proband","proband","3","F","Confirmed","NA","true","false","","884","BRAIN","BRAIN","Cancer, NOS","9","82","","187","","0","0.01","0","0","-412","89","-544","-50","https://www.ncbi.nlm.nih.gov/pubmed/99361973"
"196","Zho99-1","France","Western Europe","Europe","More developed regions","LFS","3","TP53","1562","7519233","7578508","7675190","5-exon","141","G:C>A:T","G>A","c.422G>A","g.7578508C>T","g.7675190C>T","G","A","TGC","TAC","no","no","T_C","Cys","Tyr","missense","C65","Damaging","D","0.897","0.5687","non-functional","DNE_LOF","Moderate","p.C141Y","43708","140801","55","yes","DNA binding","S-glutathionylation site","761","Zho99-1-III-1","proband","proband","3","M","Confirmed","NA","true","false","","890","BRAIN","BRAIN","Pleomorphic xanthoastrocytoma (C71._)","","83","","188","","0","0","0","0","46","878","146","-336","https://www.ncbi.nlm.nih.gov/pubmed/10589545"
"196","Zho99-1","France","Western Europe","Europe","More developed regions","LFS","3","TP53","1562","7519233","7578508","7675190","5-exon","141","G:C>A:T","G>A","c.422G>A","g.7578508C>T","g.7675190C>T","G","A","TGC","TAC","no","no","T_C","Cys","Tyr","missense","C65","Damaging","D","0.897","0.5687","non-functional","DNE_LOF","Moderate","p.C141Y","43708","140801","55","yes","DNA binding","S-glutathionylation site","761","Zho99-1-III-1","proband","proband","3","M","Confirmed","NA","true","false","","891","TESTIS","TESTIS","Liposarcoma, NOS","","83","","188","","0","0","0","0","46","878","146","-336","https://www.ncbi.nlm.nih.gov/pubmed/10589545"
"197","Zho99-2","France","Western Europe","Europe","More developed regions","LFS","2","TP53","2821","7518915","7578190","7674872","6-exon","220","A:T>G:C","A>G","c.659A>G","g.7578190T>C","g.7674872T>C","A","G","TAT","TGT","no","no","T_T","Tyr","Cys","missense","C65","Damaging","D","0.936","0.5625","non-functional","DNE_LOF","Moderate","p.Y220C","10758","127819","329","yes","DNA binding","Buried","763","Zho99-2-II-1","proband","proband","2","M","Confirmed","NA","true","false","","894","BRAIN","BRAIN","Astrocytoma, anaplastic (C71._)","","83","","189","","0","0.03","0.13","0.04","1","82","1","-18","https://www.ncbi.nlm.nih.gov/pubmed/10589545"
"203","Var97-86","UK","Northern Europe","Europe","More developed regions","LFS","5","TP53","5127","7520316","7579591","7676273","3-intron","0","G:C>A:T","G>A","c.97-1G>A","g.7579591C>T","g.7676273C>T","G","A","NA","NA","no","consensus SA","A_T","NA","NA","splice","NA","NA","NA","","","NA","NA","NA","p.?","43759","","25","no","NA","NA","792","Var97-86-IV-5","NA","NA","4","F","Confirmed","NA","false","true","36","","","","","","86","Updated with ref 89","195","","","","","","","","","","https://www.ncbi.nlm.nih.gov/pubmed/9242456"
"203","Var97-86","UK","Northern Europe","Europe","More developed regions","LFS","5","TP53","5127","7520316","7579591","7676273","3-intron","0","G:C>A:T","G>A","c.97-1G>A","g.7579591C>T","g.7676273C>T","G","A","NA","NA","no","consensus SA","A_T","NA","NA","splice","NA","NA","NA","","","NA","NA","NA","p.?","43759","","25","no","NA","NA","888","Var97-86-IV-9","NA","NA","4","F","Confirmed","NA","true","false","","1021","MENINGES","MENINGES","Sarcoma, NOS","29","86","Updated with ref 89","195","","","","","","","","","","https://www.ncbi.nlm.nih.gov/pubmed/9242456"
"203","Var97-86","UK","Northern Europe","Europe","More developed regions","LFS","5","TP53","5127","7520316","7579591","7676273","3-intron","0","G:C>A:T","G>A","c.97-1G>A","g.7579591C>T","g.7676273C>T","G","A","NA","NA","no","consensus SA","A_T","NA","NA","splice","NA","NA","NA","","","NA","NA","NA","p.?","43759","","25","no","NA","NA","793","Var97-86-V-3","proband","proband","5","M","Confirmed","M","true","false","","921","BONES, JOINTS AND ARTICULAR CARTILAGE OF LIMBS","BONES (limbs)","Osteosarcoma, NOS (C40._, C41._)","15","86","Updated with ref 89","195","","","","","","","","","","https://www.ncbi.nlm.nih.gov/pubmed/9242456"
"204","Var97-110","UK","Northern Europe","Europe","More developed regions","LFS","2","TP53","3297","7518263","7577538","7674220","7-exon","248","G:C>A:T at CpG","G>A","c.743G>A","g.7577538C>T","g.7674220C>T","G","A","CGG","CAG","yes","no","C_G","Arg","Gln","missense","C35","Damaging","D","0.934","0.4738","non-functional","DNE_LOF","Yes","p.R248Q","10662","12356","651","yes","DNA binding","DNA binding","794","Var97-110-I-1","NA","NA","1","F","Confirmed","NA","true","false","","922","BREAST","BREAST","Cancer, NOS","32","86","","196","","0","0","0","0","-881","23","-997","-39","https://www.ncbi.nlm.nih.gov/pubmed/9242456"
"204","Var97-110","UK","Northern Europe","Europe","More developed regions","LFS","2","TP53","3297","7518263","7577538","7674220","7-exon","248","G:C>A:T at CpG","G>A","c.743G>A","g.7577538C>T","g.7674220C>T","G","A","CGG","CAG","yes","no","C_G","Arg","Gln","missense","C35","Damaging","D","0.934","0.4738","non-functional","DNE_LOF","Yes","p.R248Q","10662","12356","651","yes","DNA binding","DNA binding","794","Var97-110-I-1","NA","NA","1","F","Confirmed","NA","true","false","","923","CONNECTIVE, SUBCUTANEOUS AND OTHER SOFT TISSUES","SOFT TISSUES","Neurilemoma, NOS","33","86","","196","","0","0","0","0","-881","23","-997","-39","https://www.ncbi.nlm.nih.gov/pubmed/9242456"
"204","Var97-110","UK","Northern Europe","Europe","More developed regions","LFS","2","TP53","3297","7518263","7577538","7674220","7-exon","248","G:C>A:T at CpG","G>A","c.743G>A","g.7577538C>T","g.7674220C>T","G","A","CGG","CAG","yes","no","C_G","Arg","Gln","missense","C35","Damaging","D","0.934","0.4738","non-functional","DNE_LOF","Yes","p.R248Q","10662","12356","651","yes","DNA binding","DNA binding","795","Var97-110-II-1","proband","proband","2","NA","Confirmed","M","true","false","","924","BONES, JOINTS AND ARTICULAR CARTILAGE OF OTHER AND UNSPECIFIED SITES","BONES (other)","Osteosarcoma, NOS (C40._, C41._)","29","86","","196","","0","0","0","0","-881","23","-997","-39","https://www.ncbi.nlm.nih.gov/pubmed/9242456"
"205","Var97-610","UK","Northern Europe","Europe","More developed regions","LFS","2","TP53","1477","7519249","7578524","7675206","5-exon","136","G:C>A:T","C>T","c.406C>T","g.7578524G>A","g.7675206G>A","C","T","CAA","TAA","no","no","C_A","Gln","STOP","nonsense","NA","NA","NA","","","NA","notDNE_notLOF","NA","p.Q136*","11166","","39","yes","DNA binding","Buried","802","Var97-610-I-1","NA","NA","1","M","Confirmed","NA","true","false","","928","BONES, JOINTS AND ARTICULAR CARTILAGE OF OTHER AND UNSPECIFIED SITES","BONES (other)","Osteosarcoma, NOS (C40._, C41._)","26","86","","198","","0.01","0","0.01","0.01","862","30","-352","130","https://www.ncbi.nlm.nih.gov/pubmed/9242456"
"205","Var97-610","UK","Northern Europe","Europe","More developed regions","LFS","2","TP53","1477","7519249","7578524","7675206","5-exon","136","G:C>A:T","C>T","c.406C>T","g.7578524G>A","g.7675206G>A","C","T","CAA","TAA","no","no","C_A","Gln","STOP","nonsense","NA","NA","NA","","","NA","notDNE_notLOF","NA","p.Q136*","11166","","39","yes","DNA binding","Buried","802","Var97-610-I-1","NA","NA","1","M","Confirmed","NA","true","false","","929","BRONCHUS AND LUNG","LUNG","Cancer, NOS","27","86","","198","","0.01","0","0.01","0.01","862","30","-352","130","https://www.ncbi.nlm.nih.gov/pubmed/9242456"
"205","Var97-610","UK","Northern Europe","Europe","More developed regions","LFS","2","TP53","1477","7519249","7578524","7675206","5-exon","136","G:C>A:T","C>T","c.406C>T","g.7578524G>A","g.7675206G>A","C","T","CAA","TAA","no","no","C_A","Gln","STOP","nonsense","NA","NA","NA","","","NA","notDNE_notLOF","NA","p.Q136*","11166","","39","yes","DNA binding","Buried","803","Var97-610-II-1","proband","proband","2","F","Confirmed","P","true","false","","930","CONNECTIVE, SUBCUTANEOUS AND OTHER SOFT TISSUES","SOFT TISSUES","Rhabdomyosarcoma, NOS","3","86","","198","","0.01","0","0.01","0.01","862","30","-352","130","https://www.ncbi.nlm.nih.gov/pubmed/9242456"
"206","Var97-1786","UK","Northern Europe","Europe","More developed regions","LFS","2","TP53","5125","7520562","7579837","7676519","2-intron","0","del","del167","c.74+2_96+29del","g.7579671_7579837del","g.7676353_7676519del","T","NA","NA","NA","no","consensus SD","G_G","NA","NA","splice","NA","NA","NA","","","NA","NA","NA","p.?","","","0","no","NA","NA","805","Var97-1786-I-1","NA","NA","1","F","Confirmed","NA","true","false","","931","BREAST","BREAST","Cancer, NOS","31","86","","199","","","","","","","","","","https://www.ncbi.nlm.nih.gov/pubmed/9242456"
"206","Var97-1786","UK","Northern Europe","Europe","More developed regions","LFS","2","TP53","5125","7520562","7579837","7676519","2-intron","0","del","del167","c.74+2_96+29del","g.7579671_7579837del","g.7676353_7676519del","T","NA","NA","NA","no","consensus SD","G_G","NA","NA","splice","NA","NA","NA","","","NA","NA","NA","p.?","","","0","no","NA","NA","805","Var97-1786-I-1","NA","NA","1","F","Confirmed","NA","true","false","","932","CONNECTIVE, SUBCUTANEOUS AND OTHER SOFT TISSUES","SOFT TISSUES","Liposarcoma, NOS","41","86","","199","","","","","","","","","","https://www.ncbi.nlm.nih.gov/pubmed/9242456"
"206","Var97-1786","UK","Northern Europe","Europe","More developed regions","LFS","2","TP53","5125","7520562","7579837","7676519","2-intron","0","del","del167","c.74+2_96+29del","g.7579671_7579837del","g.7676353_7676519del","T","NA","NA","NA","no","consensus SD","G_G","NA","NA","splice","NA","NA","NA","","","NA","NA","NA","p.?","","","0","no","NA","NA","806","Var97-1786-II-1","proband","proband","2","NA","Confirmed","M","true","false","","933","CONNECTIVE, SUBCUTANEOUS AND OTHER SOFT TISSUES","SOFT TISSUES","Liposarcoma, NOS","14","86","","199","","","","","","","","","","https://www.ncbi.nlm.nih.gov/pubmed/9242456"
"207","Var97-2180","UK","Northern Europe","Europe","More developed regions","LFS","2","TP53","3730","7517846","7577121","7673803","8-exon","273","G:C>A:T at CpG","C>T","c.817C>T","g.7577121G>A","g.7673803G>A","C","T","CGT","TGT","yes","no","G_G","Arg","Cys","missense","C65","Damaging","D","0.901","0.5537","non-functional","DNE_LOF","Yes","p.R273C","10659","43594","665","yes","DNA binding","DNA binding","808","Var97-2180-II-1","proband","proband","2","F","Confirmed","NA","true","false","","935","CONNECTIVE, SUBCUTANEOUS AND OTHER SOFT TISSUES","SOFT TISSUES","Rhabdomyosarcoma, NOS","10","86","","200","","0.05","0","0.01","0","37","10","-596","4","https://www.ncbi.nlm.nih.gov/pubmed/9242456"
"208","Var97-7003","UK","Northern Europe","Europe","More developed regions","LFS","1","TP53","4664","7514721","7573996","7670678","10-exon","344","A:T>G:C","T>C","c.1031T>C","g.7573996A>G","g.7670678A>G","T","C","CTG","CCG","no","no","C_G","Leu","Pro","missense","C65","Damaging","D","0.862","0.4856","non-functional","notDNE_LOF","Moderate","p.L344P","44070","12375","6","no","Tetramerisation/NES","Tetramerisation","811","Var97-7003-I-1","NA","NA","1","M","Confirmed","NA","true","false","","938","BONES, JOINTS AND ARTICULAR CARTILAGE OF OTHER AND UNSPECIFIED SITES","BONES (other)","Osteosarcoma, NOS (C40._, C41._)","","86","","201","","0","0","0","0","-894","-988","172","-1007","https://www.ncbi.nlm.nih.gov/pubmed/9242456"
"208","Var97-7003","UK","Northern Europe","Europe","More developed regions","LFS","1","TP53","4664","7514721","7573996","7670678","10-exon","344","A:T>G:C","T>C","c.1031T>C","g.7573996A>G","g.7670678A>G","T","C","CTG","CCG","no","no","C_G","Leu","Pro","missense","C65","Damaging","D","0.862","0.4856","non-functional","notDNE_LOF","Moderate","p.L344P","44070","12375","6","no","Tetramerisation/NES","Tetramerisation","812","Var97-7003-I-2","proband","proband","1","NA","Confirmed","NA","true","false","","939","BONES, JOINTS AND ARTICULAR CARTILAGE OF OTHER AND UNSPECIFIED SITES","BONES (other)","Osteosarcoma, NOS (C40._, C41._)","33","86","","201","","0","0","0","0","-894","-988","172","-1007","https://www.ncbi.nlm.nih.gov/pubmed/9242456"
"208","Var97-7003","UK","Northern Europe","Europe","More developed regions","LFS","1","TP53","4664","7514721","7573996","7670678","10-exon","344","A:T>G:C","T>C","c.1031T>C","g.7573996A>G","g.7670678A>G","T","C","CTG","CCG","no","no","C_G","Leu","Pro","missense","C65","Damaging","D","0.862","0.4856","non-functional","notDNE_LOF","Moderate","p.L344P","44070","12375","6","no","Tetramerisation/NES","Tetramerisation","812","Var97-7003-I-2","proband","proband","1","NA","Confirmed","NA","true","false","","940","CONNECTIVE, SUBCUTANEOUS AND OTHER SOFT TISSUES","SOFT TISSUES","Leiomyosarcoma, NOS","44","86","","201","","0","0","0","0","-894","-988","172","-1007","https://www.ncbi.nlm.nih.gov/pubmed/9242456"
"210","Var97-2612","UK","Northern Europe","Europe","More developed regions","LFS","2","TP53","2644","7518949","7578224","7674906","6-exon","209","A:T>T:A","A>T","c.625A>T","g.7578224T>A","g.7674906T>A","A","T","AGA","TGA","no","no","C_G","Arg","STOP","nonsense","NA","NA","NA","","","NA","notDNE_LOF","NA","p.R209*","11290","","10","no","DNA binding","Exposed","827","Var97-2612-I-1","NA","NA","1","M","Confirmed","NA","true","false","","955","TESTIS","TESTIS","Teratoma, NOS","32","86","","203","","0","0.09","0.01","0.03","-20","48","-110","-52","https://www.ncbi.nlm.nih.gov/pubmed/9242456"
"210","Var97-2612","UK","Northern Europe","Europe","More developed regions","LFS","2","TP53","2644","7518949","7578224","7674906","6-exon","209","A:T>T:A","A>T","c.625A>T","g.7578224T>A","g.7674906T>A","A","T","AGA","TGA","no","no","C_G","Arg","STOP","nonsense","NA","NA","NA","","","NA","notDNE_LOF","NA","p.R209*","11290","","10","no","DNA binding","Exposed","827","Var97-2612-I-1","NA","NA","1","M","Confirmed","NA","true","false","","956","CONNECTIVE, SUBCUTANEOUS AND OTHER SOFT TISSUES","SOFT TISSUES","Spindle cell sarcoma","34","86","","203","","0","0.09","0.01","0.03","-20","48","-110","-52","https://www.ncbi.nlm.nih.gov/pubmed/9242456"
"210","Var97-2612","UK","Northern Europe","Europe","More developed regions","LFS","2","TP53","2644","7518949","7578224","7674906","6-exon","209","A:T>T:A","A>T","c.625A>T","g.7578224T>A","g.7674906T>A","A","T","AGA","TGA","no","no","C_G","Arg","STOP","nonsense","NA","NA","NA","","","NA","notDNE_LOF","NA","p.R209*","11290","","10","no","DNA binding","Exposed","1118","Var97-2612-II-1","NA","NA","2","NA","Confirmed","P","false","false","","1377","HEMATOPOIETIC AND RETICULOENDOTHELIAL SYSTEMS","HEMATOP. SYSTEM","Malignant lymphoma, non-Hodgkin, NOS","16","86","","203","","0","0.09","0.01","0.03","-20","48","-110","-52","https://www.ncbi.nlm.nih.gov/pubmed/9242456"
"224","Eel00-26","UK","Northern Europe","Europe","More developed regions","LFS","2","TP53","2706","7518936","7578211","7674893","6-exon","213","G:C>A:T at CpG","G>A","c.638G>A","g.7578211C>T","g.7674893C>T","G","A","CGA","CAA","yes","no","C_A","Arg","Gln","missense","C35","Damaging","D","0.92","0.5033","non-functional","DNE_LOF","Moderate","p.R213Q","10735","135359","51","yes","DNA binding","Buried","911","Eel00-26-II-1","proband","proband","2","F","Confirmed","NA","true","false","","1047","RETROPERITONEUM AND PERITONEUM","PERITONEUM","Sarcoma, NOS","32","91","","209","","0","0.08","0","0.05","1379","61","443","-39",""
"225","Eel00-33","UK","Northern Europe","Europe","More developed regions","LFS","3","TP53","2143","7519131","7578406","7675088","5-exon","175","G:C>A:T at CpG","G>A","c.524G>A","g.7578406C>T","g.7675088C>T","G","A","CGC","CAC","yes","no","C_C","Arg","His","missense","C25","Damaging","D","0.922","0.5462","non-functional","DNE_LOF","Yes","p.R175H","10648","12374","1000","yes","DNA binding","Buried","916","Eel00-33-III-1","proband","proband","3","F","Confirmed","NA","true","false","","1052","ADRENAL GLAND","ADRENAL GLAND","Adrenal cortical carcinoma (C74.0)","","91","","210","","0","0","0.01","0","-117","-134","11","248",""
"226","Eel00-34","UK","Northern Europe","Europe","More developed regions","LFS","3","TP53","3064","7518299","7577574","7674256","7-exon","236","A:T>G:C","A>G","c.707A>G","g.7577574T>C","g.7674256T>C","A","G","TAC","TGC","no","no","T_C","Tyr","Cys","missense","C55","Damaging","D","0.811","0.4057","non-functional","DNE_LOF","Moderate","p.Y236C","10731","376693","84","yes","DNA binding","Buried","919","Eel00-34-III-1","NA","NA","3","M","Confirmed","NA","true","false","","1055","BONES, JOINTS AND ARTICULAR CARTILAGE OF OTHER AND UNSPECIFIED SITES","BONES (other)","Osteosarcoma, NOS (C40._, C41._)","","91","","211","","0","0.01","0","0","698","-13","598","-75",""
"226","Eel00-34","UK","Northern Europe","Europe","More developed regions","LFS","3","TP53","3064","7518299","7577574","7674256","7-exon","236","A:T>G:C","A>G","c.707A>G","g.7577574T>C","g.7674256T>C","A","G","TAC","TGC","no","no","T_C","Tyr","Cys","missense","C55","Damaging","D","0.811","0.4057","non-functional","DNE_LOF","Moderate","p.Y236C","10731","376693","84","yes","DNA binding","Buried","919","Eel00-34-III-1","NA","NA","3","M","Confirmed","NA","true","false","","1056","HEMATOPOIETIC AND RETICULOENDOTHELIAL SYSTEMS","HEMATOP. SYSTEM","Leukemia, NOS","","91","","211","","0","0.01","0","0","698","-13","598","-75",""
"228","Eel00-59","UK","Northern Europe","Europe","More developed regions","LFS","2","TP53","2458","7518988","7578263","7674945","6-exon","196","G:C>A:T at CpG","C>T","c.586C>T","g.7578263G>A","g.7674945G>A","C","T","CGA","TGA","yes","no","C_G","Arg","STOP","nonsense","NA","NA","NA","","","NA","notDNE_LOF","NA","p.R196*","10705","43589","310","yes","DNA binding","Buried","923","Eel00-59-I-1","proband","proband","1","F","Confirmed","NA","true","false","","1061","BREAST","BREAST","Cancer, NOS","33","91","","213","","0","0.21","0","0.16","-86","9","391","-86",""
"229","Eel00-109","UK","Northern Europe","Europe","More developed regions","LFS","3","TP53","4584","7514743","7574018","7670700","10-exon","337","G:C>A:T at CpG","C>T","c.1009C>T","g.7574018G>A","g.7670700G>A","C","T","CGC","TGC","yes","no","G_G","Arg","Cys","missense","C45","Damaging","B","0.715","0.3165","non-functional","notDNE_LOF","No","p.R337C","11071","142536","78","yes","Tetramerisation","Tetramerisation/Methylation site","927","Eel00-109-II-1","proband","proband","2","F","Confirmed","NA","true","false","","1065","BREAST","BREAST","Cancer, NOS","31","91","","214","","0.01","0","0","0","-1901","-279","-1029","150",""
"231","Eel00-187","UK","Northern Europe","Europe","More developed regions","LFS","4","TP53","4643","7514728","7574003","7670685","10-exon","342","G:C>A:T at CpG","C>T","c.1024C>T","g.7574003G>A","g.7670685G>A","C","T","CGA","TGA","yes","no","C_G","Arg","STOP","nonsense","NA","NA","NA","","","NA","notDNE_LOF","NA","p.R342*","11073","182970","300","yes","Tetramerisation/NES","NA","941","Eel00-187-III-1","proband","proband","3","F","Confirmed","NA","true","false","","1081","BREAST","BREAST","Cancer, NOS","27","91","","216","","0.01","0","0.01","0","-1886","74","-793","165",""
"235","SUG99","Japan","Eastern Asia","Asia","More developed regions","LFS","2","TP53","3737","7517845","7577120","7673802","8-exon","273","G:C>A:T at CpG","G>A","c.818G>A","g.7577120C>T","g.7673802C>T","G","A","CGT","CAT","yes","no","C_T","Arg","His","missense","C25","Damaging","D","0.868","0.5259","non-functional","DNE_LOF","Yes","p.R273H","10660","12366","635","yes","DNA binding","DNA binding","969","SUG-I-1","proband","proband","1","M","Confirmed","de novo","true","false","38","1115","STOMACH","STOMACH","Carcinoma, NOS","38","84","","225","","0.01","0.02","0","0","38","11","-595","5","https://www.ncbi.nlm.nih.gov/pubmed/10645809"
"235","SUG99","Japan","Eastern Asia","Asia","More developed regions","LFS","2","TP53","3737","7517845","7577120","7673802","8-exon","273","G:C>A:T at CpG","G>A","c.818G>A","g.7577120C>T","g.7673802C>T","G","A","CGT","CAT","yes","no","C_T","Arg","His","missense","C25","Damaging","D","0.868","0.5259","non-functional","DNE_LOF","Yes","p.R273H","10660","12366","635","yes","DNA binding","DNA binding","970","SUG-II-1","NA","NA","2","M","Confirmed","P","false","false","","1116","CONNECTIVE, SUBCUTANEOUS AND OTHER SOFT TISSUES","SOFT TISSUES","Sarcoma, NOS","11","84","","225","","0.01","0.02","0","0","38","11","-595","5","https://www.ncbi.nlm.nih.gov/pubmed/10645809"
"235","SUG99","Japan","Eastern Asia","Asia","More developed regions","LFS","2","TP53","3737","7517845","7577120","7673802","8-exon","273","G:C>A:T at CpG","G>A","c.818G>A","g.7577120C>T","g.7673802C>T","G","A","CGT","CAT","yes","no","C_T","Arg","His","missense","C25","Damaging","D","0.868","0.5259","non-functional","DNE_LOF","Yes","p.R273H","10660","12366","635","yes","DNA binding","DNA binding","971","SUG-II-2","NA","NA","2","M","Confirmed","P","false","true","6","","","","","","84","","225","","0.01","0.02","0","0","38","11","-595","5","https://www.ncbi.nlm.nih.gov/pubmed/10645809"
"237","VER00-F1","USA","Northern America","Americas","More developed regions","LFS","5","TP53","5169","7517577","7576852","7673534","9-intron","0","del","del1","c.993+1del","g.7576852del","g.7673534del","G","NA","NA","NA","no","consensus SD","G_T","NA","NA","splice","NA","NA","NA","","","NA","NA","NA","p.?","","428898","0","no","NA","NA","980","VER00F1-III-6","NA","NA","3","F","Confirmed","NA","false","false","","1128","BREAST","BREAST","Cancer, NOS","42","98","can't identify proband","230","","","","","","","","","","https://www.ncbi.nlm.nih.gov/pubmed/10980596"
"237","VER00-F1","USA","Northern America","Americas","More developed regions","LFS","5","TP53","5169","7517577","7576852","7673534","9-intron","0","del","del1","c.993+1del","g.7576852del","g.7673534del","G","NA","NA","NA","no","consensus SD","G_T","NA","NA","splice","NA","NA","NA","","","NA","NA","NA","p.?","","428898","0","no","NA","NA","987","VER00F1-IV-6","NA","NA","4","F","Confirmed","M","false","false","","1137","BREAST","BREAST","Cancer, NOS","33","98","can't identify proband","230","","","","","","","","","","https://www.ncbi.nlm.nih.gov/pubmed/10980596"
"237","VER00-F1","USA","Northern America","Americas","More developed regions","LFS","5","TP53","5169","7517577","7576852","7673534","9-intron","0","del","del1","c.993+1del","g.7576852del","g.7673534del","G","NA","NA","NA","no","consensus SD","G_T","NA","NA","splice","NA","NA","NA","","","NA","NA","NA","p.?","","428898","0","no","NA","NA","988","VER00F1-IV-7","NA","NA","4","M","Confirmed","M","true","false","32","1138","BRAIN","BRAIN","Cancer, NOS","32","98","can't identify proband","230","","","","","","","","","","https://www.ncbi.nlm.nih.gov/pubmed/10980596"
"237","VER00-F1","USA","Northern America","Americas","More developed regions","LFS","5","TP53","5169","7517577","7576852","7673534","9-intron","0","del","del1","c.993+1del","g.7576852del","g.7673534del","G","NA","NA","NA","no","consensus SD","G_T","NA","NA","splice","NA","NA","NA","","","NA","NA","NA","p.?","","428898","0","no","NA","NA","989","VER00F1-V-1","NA","NA","5","M","Confirmed","P","true","false","","1139","BRAIN","BRAIN","Cancer, NOS","10","98","can't identify proband","230","","","","","","","","","","https://www.ncbi.nlm.nih.gov/pubmed/10980596"
"238","VER00-F2","USA","Northern America","Americas","More developed regions","LFS","3","TP53","6227","7531419","7590694","7687376","1-intron","0","G:C>T:A","G>T","c.1-10782G>T","g.7590694C>A","g.7687376C>A","G","T","NA","NA","no","no","G_T","NA","NA","NA","NA","NA","NA","","","NA","NA","NA","p.?","","","4","no","NA","NA","991","VER00F2-II-1","NA","NA","2","M","Confirmed","NA","false","false","","1141","CONNECTIVE, SUBCUTANEOUS AND OTHER SOFT TISSUES","SOFT TISSUES","Sarcoma, NOS","40","98","","235","","","","","","","","","","https://www.ncbi.nlm.nih.gov/pubmed/10980596"
"238","VER00-F2","USA","Northern America","Americas","More developed regions","LFS","3","TP53","6227","7531419","7590694","7687376","1-intron","0","G:C>T:A","G>T","c.1-10782G>T","g.7590694C>A","g.7687376C>A","G","T","NA","NA","no","no","G_T","NA","NA","NA","NA","NA","NA","","","NA","NA","NA","p.?","","","4","no","NA","NA","991","VER00F2-II-1","NA","NA","2","M","Confirmed","NA","false","false","","1142","CONNECTIVE, SUBCUTANEOUS AND OTHER SOFT TISSUES","SOFT TISSUES","Angiomyoma","45","98","","235","","","","","","","","","","https://www.ncbi.nlm.nih.gov/pubmed/10980596"
"238","VER00-F2","USA","Northern America","Americas","More developed regions","LFS","3","TP53","6227","7531419","7590694","7687376","1-intron","0","G:C>T:A","G>T","c.1-10782G>T","g.7590694C>A","g.7687376C>A","G","T","NA","NA","no","no","G_T","NA","NA","NA","NA","NA","NA","","","NA","NA","NA","p.?","","","4","no","NA","NA","992","VER00F2-III-1","NA","NA","3","M","Confirmed","P","false","false","","1143","BONES, JOINTS AND ARTICULAR CARTILAGE OF OTHER AND UNSPECIFIED SITES","BONES (other)","Osteosarcoma, NOS (C40._, C41._)","4","98","","235","","","","","","","","","","https://www.ncbi.nlm.nih.gov/pubmed/10980596"
"238","VER00-F2","USA","Northern America","Americas","More developed regions","LFS","3","TP53","6227","7531419","7590694","7687376","1-intron","0","G:C>T:A","G>T","c.1-10782G>T","g.7590694C>A","g.7687376C>A","G","T","NA","NA","no","no","G_T","NA","NA","NA","NA","NA","NA","","","NA","NA","NA","p.?","","","4","no","NA","NA","992","VER00F2-III-1","NA","NA","3","M","Confirmed","P","false","false","","1144","CONNECTIVE, SUBCUTANEOUS AND OTHER SOFT TISSUES","SOFT TISSUES","Sarcoma, NOS","17","98","","235","","","","","","","","","","https://www.ncbi.nlm.nih.gov/pubmed/10980596"
"238","VER00-F2","USA","Northern America","Americas","More developed regions","LFS","3","TP53","6227","7531419","7590694","7687376","1-intron","0","G:C>T:A","G>T","c.1-10782G>T","g.7590694C>A","g.7687376C>A","G","T","NA","NA","no","no","G_T","NA","NA","NA","NA","NA","NA","","","NA","NA","NA","p.?","","","4","no","NA","NA","993","VER00F2-III-2","NA","NA","3","M","Confirmed","P","false","false","","1145","CONNECTIVE, SUBCUTANEOUS AND OTHER SOFT TISSUES","SOFT TISSUES","Sarcoma, NOS","12","98","","235","","","","","","","","","","https://www.ncbi.nlm.nih.gov/pubmed/10980596"
"240","BOU01-F1","France","Western Europe","Europe","More developed regions","LFS","3","TP53","1562","7519233","7578508","7675190","5-exon","141","G:C>A:T","G>A","c.422G>A","g.7578508C>T","g.7675190C>T","G","A","TGC","TAC","no","no","T_C","Cys","Tyr","missense","C65","Damaging","D","0.897","0.5687","non-functional","DNE_LOF","Moderate","p.C141Y","43708","140801","55","yes","DNA binding","S-glutathionylation site","1003","BOU01F1-III-1","proband","proband","3","M","Confirmed","M","false","false","","1157","CONNECTIVE, SUBCUTANEOUS AND OTHER SOFT TISSUES","SOFT TISSUES","Liposarcoma, NOS","10","99","","238","","0","0","0","0","46","878","146","-336","https://www.ncbi.nlm.nih.gov/pubmed/11370630"
"240","BOU01-F1","France","Western Europe","Europe","More developed regions","LFS","3","TP53","1562","7519233","7578508","7675190","5-exon","141","G:C>A:T","G>A","c.422G>A","g.7578508C>T","g.7675190C>T","G","A","TGC","TAC","no","no","T_C","Cys","Tyr","missense","C65","Damaging","D","0.897","0.5687","non-functional","DNE_LOF","Moderate","p.C141Y","43708","140801","55","yes","DNA binding","S-glutathionylation site","1003","BOU01F1-III-1","proband","proband","3","M","Confirmed","M","false","false","","1158","BRAIN","BRAIN","Astrocytoma, NOS (C71._)","30","99","","238","","0","0","0","0","46","878","146","-336","https://www.ncbi.nlm.nih.gov/pubmed/11370630"
"240","BOU01-F1","France","Western Europe","Europe","More developed regions","LFS","3","TP53","1562","7519233","7578508","7675190","5-exon","141","G:C>A:T","G>A","c.422G>A","g.7578508C>T","g.7675190C>T","G","A","TGC","TAC","no","no","T_C","Cys","Tyr","missense","C65","Damaging","D","0.897","0.5687","non-functional","DNE_LOF","Moderate","p.C141Y","43708","140801","55","yes","DNA binding","S-glutathionylation site","1003","BOU01F1-III-1","proband","proband","3","M","Confirmed","M","false","false","","1159","LYMPH NODES","LYMPH NODES","Hodgkin lymphoma, NOS","32","99","","238","","0","0","0","0","46","878","146","-336","https://www.ncbi.nlm.nih.gov/pubmed/11370630"
"241","BOU01-F2","France","Western Europe","Europe","More developed regions","LFS","4","TP53","2139","7519132","7578407","7675089","5-exon","175","G:C>C:G","C>G","c.523C>G","g.7578407G>C","g.7675089G>C","C","G","CGC","GGC","yes","no","G_G","Arg","Gly","missense","C65","Damaging","D","0.829","0.5545","non-functional","DNE_LOF","No","p.R175G","10870","376649","26","yes","DNA binding","Buried","1006","BOU01F2-III-1","proband","proband","3","F","Confirmed","NA","false","false","","1164","BONES, JOINTS AND ARTICULAR CARTILAGE OF OTHER AND UNSPECIFIED SITES","BONES (other)","Osteosarcoma, NOS (C40._, C41._)","18","99","","239","","0","0","0.02","0","1530","-135","10","247","https://www.ncbi.nlm.nih.gov/pubmed/11370630"
"241","BOU01-F2","France","Western Europe","Europe","More developed regions","LFS","4","TP53","2139","7519132","7578407","7675089","5-exon","175","G:C>C:G","C>G","c.523C>G","g.7578407G>C","g.7675089G>C","C","G","CGC","GGC","yes","no","G_G","Arg","Gly","missense","C65","Damaging","D","0.829","0.5545","non-functional","DNE_LOF","No","p.R175G","10870","376649","26","yes","DNA binding","Buried","1006","BOU01F2-III-1","proband","proband","3","F","Confirmed","NA","false","false","","1165","BREAST","BREAST","Cancer, NOS","27","99","","239","","0","0","0.02","0","1530","-135","10","247","https://www.ncbi.nlm.nih.gov/pubmed/11370630"
"241","BOU01-F2","France","Western Europe","Europe","More developed regions","LFS","4","TP53","2139","7519132","7578407","7675089","5-exon","175","G:C>C:G","C>G","c.523C>G","g.7578407G>C","g.7675089G>C","C","G","CGC","GGC","yes","no","G_G","Arg","Gly","missense","C65","Damaging","D","0.829","0.5545","non-functional","DNE_LOF","No","p.R175G","10870","376649","26","yes","DNA binding","Buried","1006","BOU01F2-III-1","proband","proband","3","F","Confirmed","NA","false","false","","1166","BREAST","BREAST","Cancer, NOS","29","99","","239","","0","0","0.02","0","1530","-135","10","247","https://www.ncbi.nlm.nih.gov/pubmed/11370630"
"242","BOU01-F3","France","Western Europe","Europe","More developed regions","LFS","2","TP53","2687","7518940","7578215","7674897","6-exon","212","del","del1","c.634del","g.7578215del","g.7674897del","T","NA","TTT","NA","no","no","T_T","Phe","NA","FS","NA","NA","NA","","","NA","NA","NA","p.F212fs","44358","","0","no","DNA binding","Exposed","1009","BOU01F3-II-2","proband","proband","2","F","Confirmed","P","false","false","","1169","BREAST","BREAST","Cancer, NOS","44","99","","240","","","","","","","","","","https://www.ncbi.nlm.nih.gov/pubmed/11370630"
"242","BOU01-F3","France","Western Europe","Europe","More developed regions","LFS","2","TP53","2687","7518940","7578215","7674897","6-exon","212","del","del1","c.634del","g.7578215del","g.7674897del","T","NA","TTT","NA","no","no","T_T","Phe","NA","FS","NA","NA","NA","","","NA","NA","NA","p.F212fs","44358","","0","no","DNA binding","Exposed","1009","BOU01F3-II-2","proband","proband","2","F","Confirmed","P","false","false","","1170","BREAST","BREAST","Cancer, NOS","45","99","","240","","","","","","","","","","https://www.ncbi.nlm.nih.gov/pubmed/11370630"
"243","BOU01-F4","France","Western Europe","Europe","More developed regions","LFS","3","TP53","3236","7518273","7577548","7674230","7-exon","245","G:C>A:T at CpG","G>A","c.733G>A","g.7577548C>T","g.7674230C>T","G","A","GGC","AGC","yes","no","C_G","Gly","Ser","missense","C55","Damaging","D","0.947","0.5536","non-functional","DNE_LOF","Yes","p.G245S","6932","12365","288","yes","DNA binding","Buried","1013","BOU01F4-II-1","proband","proband","2","F","Confirmed","NA","false","false","","1176","BRAIN","BRAIN","Cancer, NOS","67","99","","241","","0","0","0","0","724","13","624","1106","https://www.ncbi.nlm.nih.gov/pubmed/11370630"
"243","BOU01-F4","France","Western Europe","Europe","More developed regions","LFS","3","TP53","3236","7518273","7577548","7674230","7-exon","245","G:C>A:T at CpG","G>A","c.733G>A","g.7577548C>T","g.7674230C>T","G","A","GGC","AGC","yes","no","C_G","Gly","Ser","missense","C55","Damaging","D","0.947","0.5536","non-functional","DNE_LOF","Yes","p.G245S","6932","12365","288","yes","DNA binding","Buried","1013","BOU01F4-II-1","proband","proband","2","F","Confirmed","NA","false","false","","1175","BREAST","BREAST","Cancer, NOS","66","99","","241","","0","0","0","0","724","13","624","1106","https://www.ncbi.nlm.nih.gov/pubmed/11370630"
"243","BOU01-F4","France","Western Europe","Europe","More developed regions","LFS","3","TP53","3236","7518273","7577548","7674230","7-exon","245","G:C>A:T at CpG","G>A","c.733G>A","g.7577548C>T","g.7674230C>T","G","A","GGC","AGC","yes","no","C_G","Gly","Ser","missense","C55","Damaging","D","0.947","0.5536","non-functional","DNE_LOF","Yes","p.G245S","6932","12365","288","yes","DNA binding","Buried","1013","BOU01F4-II-1","proband","proband","2","F","Confirmed","NA","false","false","","1174","BREAST","BREAST","Cancer, NOS","42","99","","241","","0","0","0","0","724","13","624","1106","https://www.ncbi.nlm.nih.gov/pubmed/11370630"
"260","MAL01-a","Northern America, NOS","Northern America","Americas","More developed regions","LFS","3","TP53","2143","7519131","7578406","7675088","5-exon","175","G:C>A:T at CpG","G>A","c.524G>A","g.7578406C>T","g.7675088C>T","G","A","CGC","CAC","yes","no","C_C","Arg","His","missense","C25","Damaging","D","0.922","0.5462","non-functional","DNE_LOF","Yes","p.R175H","10648","12374","1000","yes","DNA binding","Buried","1073","MAL01-II-2","NA","NA","2","M","Confirmed","NA","false","true","","","","","","","101","","254","","0","0","0.01","0","-117","-134","11","248","https://www.ncbi.nlm.nih.gov/pubmed/11494139"
"260","MAL01-a","Northern America, NOS","Northern America","Americas","More developed regions","LFS","3","TP53","2143","7519131","7578406","7675088","5-exon","175","G:C>A:T at CpG","G>A","c.524G>A","g.7578406C>T","g.7675088C>T","G","A","CGC","CAC","yes","no","C_C","Arg","His","missense","C25","Damaging","D","0.922","0.5462","non-functional","DNE_LOF","Yes","p.R175H","10648","12374","1000","yes","DNA binding","Buried","1075","MAL01-III-2","proband","proband","3","M","Confirmed","P","true","false","","1255","BRAIN","BRAIN","Choroid plexus carcinoma (C71.5)","1","101","","254","","0","0","0.01","0","-117","-134","11","248","https://www.ncbi.nlm.nih.gov/pubmed/11494139"
"260","MAL01-a","Northern America, NOS","Northern America","Americas","More developed regions","LFS","3","TP53","2143","7519131","7578406","7675088","5-exon","175","G:C>A:T at CpG","G>A","c.524G>A","g.7578406C>T","g.7675088C>T","G","A","CGC","CAC","yes","no","C_C","Arg","His","missense","C25","Damaging","D","0.922","0.5462","non-functional","DNE_LOF","Yes","p.R175H","10648","12374","1000","yes","DNA binding","Buried","1075","MAL01-III-2","proband","proband","3","M","Confirmed","P","true","false","","1254","CONNECTIVE, SUBCUTANEOUS AND OTHER SOFT TISSUES","SOFT TISSUES","Rhabdomyosarcoma, NOS","1","101","","254","","0","0","0.01","0","-117","-134","11","248","https://www.ncbi.nlm.nih.gov/pubmed/11494139"
"263","VAH01-7154","Finland","Northern Europe","Europe","More developed regions","LFS","","TP53","1716","7519204","7578479","7675161","5-exon","151","G:C>T:A","C>A","c.451C>A","g.7578479G>T","g.7675161G>T","C","A","CCC","ACC","no","no","A_C","Pro","Thr","missense","C35","Damaging","D","0.911","0.5667","non-functional","DNE_LOF","No","p.P151T","43911","12369","16","yes","DNA binding","Buried","1081","7154-1","proband","proband","","F","Confirmed","NA","false","false","","1262","BREAST","BREAST","Cancer, NOS","29","103","","257","","0","0","0","0","75","-207","175","-307","https://www.ncbi.nlm.nih.gov/pubmed/11479205"
"264","VAH01-7106","Finland","Northern Europe","Europe","More developed regions","LFS","","TP53","2458","7518988","7578263","7674945","6-exon","196","G:C>A:T at CpG","C>T","c.586C>T","g.7578263G>A","g.7674945G>A","C","T","CGA","TGA","yes","no","C_G","Arg","STOP","nonsense","NA","NA","NA","","","NA","notDNE_LOF","NA","p.R196*","10705","43589","310","yes","DNA binding","Buried","1086","7106-1","proband","proband","","F","Confirmed","NA","false","false","","1267","CONNECTIVE, SUBCUTANEOUS AND OTHER SOFT TISSUES","SOFT TISSUES","Liposarcoma, NOS","32","103","","258","","0","0.21","0","0.16","-86","9","391","-86","https://www.ncbi.nlm.nih.gov/pubmed/11479205"
"264","VAH01-7106","Finland","Northern Europe","Europe","More developed regions","LFS","","TP53","2458","7518988","7578263","7674945","6-exon","196","G:C>A:T at CpG","C>T","c.586C>T","g.7578263G>A","g.7674945G>A","C","T","CGA","TGA","yes","no","C_G","Arg","STOP","nonsense","NA","NA","NA","","","NA","notDNE_LOF","NA","p.R196*","10705","43589","310","yes","DNA binding","Buried","1086","7106-1","proband","proband","","F","Confirmed","NA","false","false","","1268","BREAST","BREAST","Cancer, NOS","35","103","","258","","0","0.21","0","0.16","-86","9","391","-86","https://www.ncbi.nlm.nih.gov/pubmed/11479205"
"264","VAH01-7106","Finland","Northern Europe","Europe","More developed regions","LFS","","TP53","2458","7518988","7578263","7674945","6-exon","196","G:C>A:T at CpG","C>T","c.586C>T","g.7578263G>A","g.7674945G>A","C","T","CGA","TGA","yes","no","C_G","Arg","STOP","nonsense","NA","NA","NA","","","NA","notDNE_LOF","NA","p.R196*","10705","43589","310","yes","DNA binding","Buried","1086","7106-1","proband","proband","","F","Confirmed","NA","false","false","","1269","BREAST","BREAST","Cancer, NOS","37","103","","258","","0","0.21","0","0.16","-86","9","391","-86","https://www.ncbi.nlm.nih.gov/pubmed/11479205"
"270","PAT02-1","UK","Northern Europe","Europe","More developed regions","LFS","2","TP53","1609","7519224","7578499","7675181","5-exon","144","A:T>T:A","A>T","c.431A>T","g.7578499T>A","g.7675181T>A","A","T","CAG","CTG","no","no","C_G","Gln","Leu","missense","C0","Tolerated","D","0.764","0.3196","partially functional","notDNE_notLOF","No","p.Q144L","43783","376647","1","yes","DNA binding","Buried","1107","PAT02-1-II-2","proband","proband","2","F","Confirmed","de novo","false","false","","1292","ADRENAL GLAND","ADRENAL GLAND","Adrenal cortical carcinoma (C74.0)","1","105","","262","","0","0","0","0","521","887","155","1013","https://www.ncbi.nlm.nih.gov/pubmed/12076704"
"270","PAT02-1","UK","Northern Europe","Europe","More developed regions","LFS","2","TP53","1609","7519224","7578499","7675181","5-exon","144","A:T>T:A","A>T","c.431A>T","g.7578499T>A","g.7675181T>A","A","T","CAG","CTG","no","no","C_G","Gln","Leu","missense","C0","Tolerated","D","0.764","0.3196","partially functional","notDNE_notLOF","No","p.Q144L","43783","376647","1","yes","DNA binding","Buried","1107","PAT02-1-II-2","proband","proband","2","F","Confirmed","de novo","false","false","","1293","BONES, JOINTS AND ARTICULAR CARTILAGE OF OTHER AND UNSPECIFIED SITES","BONES (other)","Osteosarcoma, NOS (C40._, C41._)","26","105","","262","","0","0","0","0","521","887","155","1013","https://www.ncbi.nlm.nih.gov/pubmed/12076704"
"270","PAT02-1","UK","Northern Europe","Europe","More developed regions","LFS","2","TP53","1609","7519224","7578499","7675181","5-exon","144","A:T>T:A","A>T","c.431A>T","g.7578499T>A","g.7675181T>A","A","T","CAG","CTG","no","no","C_G","Gln","Leu","missense","C0","Tolerated","D","0.764","0.3196","partially functional","notDNE_notLOF","No","p.Q144L","43783","376647","1","yes","DNA binding","Buried","1107","PAT02-1-II-2","proband","proband","2","F","Confirmed","de novo","false","false","","1294","SKIN (excludes Skin of vulva, Skin of penis, Skin of scrotum )","SKIN","Bowen disease (C44._)","31","105","","262","","0","0","0","0","521","887","155","1013","https://www.ncbi.nlm.nih.gov/pubmed/12076704"
"274","POT02","Germany","Western Europe","Europe","More developed regions","LFS","4","TP53","2143","7519131","7578406","7675088","5-exon","175","G:C>A:T at CpG","G>A","c.524G>A","g.7578406C>T","g.7675088C>T","G","A","CGC","CAC","yes","no","C_C","Arg","His","missense","C25","Damaging","D","0.922","0.5462","non-functional","DNE_LOF","Yes","p.R175H","10648","12374","1000","yes","DNA binding","Buried","1111","POT02-IV1","proband","proband","4","F","Confirmed","M","false","false","","1300","CONNECTIVE, SUBCUTANEOUS AND OTHER SOFT TISSUES","SOFT TISSUES","Leiomyosarcoma, NOS","22","108","","276","","0","0","0.01","0","-117","-134","11","248","https://www.ncbi.nlm.nih.gov/pubmed/12200603"
"274","POT02","Germany","Western Europe","Europe","More developed regions","LFS","4","TP53","2143","7519131","7578406","7675088","5-exon","175","G:C>A:T at CpG","G>A","c.524G>A","g.7578406C>T","g.7675088C>T","G","A","CGC","CAC","yes","no","C_C","Arg","His","missense","C25","Damaging","D","0.922","0.5462","non-functional","DNE_LOF","Yes","p.R175H","10648","12374","1000","yes","DNA binding","Buried","1111","POT02-IV1","proband","proband","4","F","Confirmed","M","false","false","","1301","SKIN (excludes Skin of vulva, Skin of penis, Skin of scrotum )","SKIN","Malignant melanoma, NOS","26","108","","276","","0","0","0.01","0","-117","-134","11","248","https://www.ncbi.nlm.nih.gov/pubmed/12200603"
"274","POT02","Germany","Western Europe","Europe","More developed regions","LFS","4","TP53","2143","7519131","7578406","7675088","5-exon","175","G:C>A:T at CpG","G>A","c.524G>A","g.7578406C>T","g.7675088C>T","G","A","CGC","CAC","yes","no","C_C","Arg","His","missense","C25","Damaging","D","0.922","0.5462","non-functional","DNE_LOF","Yes","p.R175H","10648","12374","1000","yes","DNA binding","Buried","1111","POT02-IV1","proband","proband","4","F","Confirmed","M","false","false","","1302","BREAST","BREAST","Intraductal carcinoma, noninfiltrating, NOS","30","108","","276","","0","0","0.01","0","-117","-134","11","248","https://www.ncbi.nlm.nih.gov/pubmed/12200603"
"278","WON03","Australia","Australia/New Zealand","Western Pacific","More developed regions","LFS","4","TP53","5729","7519094","7578369","7675051","5-intron","0","A:T>C:G","T>G","c.559+2T>G","g.7578369A>C","g.7675051A>C","T","G","NA","NA","no","consensus SD","G_G","NA","NA","splice","NA","NA","NA","","","NA","NA","NA","p.?","45711","","7","no","NA","NA","1129","WON03-III-5","proband","proband","3","F","Confirmed","P","false","false","","1391","BREAST","BREAST","Infiltrating duct carcinoma, NOS (C50._)","36","111","","288","","","","","","","","","","https://www.ncbi.nlm.nih.gov/pubmed/14656244"
"279","BAL02","Spain","Southern Europe","Europe","More developed regions","LFS","3","TP53","3100","7518294","7577569","7674251","7-exon","238","A:T>T:A","T>A","c.712T>A","g.7577569A>T","g.7674251A>T","T","A","TGT","AGT","no","no","G_G","Cys","Ser","missense","C65","Damaging","D","0.946","0.5997","non-functional","DNE_LOF","Moderate","p.C238S","43700","485039","2","yes","DNA binding","Zn binding","1146","BAL02-III-6","NA","NA","","NA","Confirmed","P","false","true","27","","","","","","112","","289","","0","0.03","0","0","-411","-8","0","-1028","https://www.ncbi.nlm.nih.gov/pubmed/12406399"
"279","BAL02","Spain","Southern Europe","Europe","More developed regions","LFS","3","TP53","3100","7518294","7577569","7674251","7-exon","238","A:T>T:A","T>A","c.712T>A","g.7577569A>T","g.7674251A>T","T","A","TGT","AGT","no","no","G_G","Cys","Ser","missense","C65","Damaging","D","0.946","0.5997","non-functional","DNE_LOF","Moderate","p.C238S","43700","485039","2","yes","DNA binding","Zn binding","1141","BAL02-II-5","father","1st degree relative","2","M","Confirmed","NA","true","false","","1402","CONNECTIVE, SUBCUTANEOUS AND OTHER SOFT TISSUES","SOFT TISSUES","Leiomyosarcoma, NOS","47","112","","289","","0","0.03","0","0","-411","-8","0","-1028","https://www.ncbi.nlm.nih.gov/pubmed/12406399"
"279","BAL02","Spain","Southern Europe","Europe","More developed regions","LFS","3","TP53","3100","7518294","7577569","7674251","7-exon","238","A:T>T:A","T>A","c.712T>A","g.7577569A>T","g.7674251A>T","T","A","TGT","AGT","no","no","G_G","Cys","Ser","missense","C65","Damaging","D","0.946","0.5997","non-functional","DNE_LOF","Moderate","p.C238S","43700","485039","2","yes","DNA binding","Zn binding","1145","BAL02-III-5","NA","NA","3","NA","Confirmed","P","false","true","20","","","","","","112","","289","","0","0.03","0","0","-411","-8","0","-1028","https://www.ncbi.nlm.nih.gov/pubmed/12406399"
"279","BAL02","Spain","Southern Europe","Europe","More developed regions","LFS","3","TP53","3100","7518294","7577569","7674251","7-exon","238","A:T>T:A","T>A","c.712T>A","g.7577569A>T","g.7674251A>T","T","A","TGT","AGT","no","no","G_G","Cys","Ser","missense","C65","Damaging","D","0.946","0.5997","non-functional","DNE_LOF","Moderate","p.C238S","43700","485039","2","yes","DNA binding","Zn binding","1144","BAL02-III-4","proband","proband","3","M","Confirmed","P","true","false","","1405","CONNECTIVE, SUBCUTANEOUS AND OTHER SOFT TISSUES","SOFT TISSUES","Rhabdomyosarcoma, NOS","5","112","","289","","0","0.03","0","0","-411","-8","0","-1028","https://www.ncbi.nlm.nih.gov/pubmed/12406399"
"280","BOU03","France","Western Europe","Europe","More developed regions","LFS","5","TP53","5535","0","0","0","NA","0","complex","del45kb","c.?(del45kb)","g.?(del45kb)","g.?(del45kb)","N","NA","NA","NA","no","no","na","NA","NA","large del","NA","NA","NA","","","NA","NA","NA","p.?","","","0","no","NA","NA","1151","BOU03-III-9","NA","NA","","M","Confirmed","NA","false","true","70","","","","","","113","","290","","","","","","","","","","https://www.ncbi.nlm.nih.gov/pubmed/12584563"
"280","BOU03","France","Western Europe","Europe","More developed regions","LFS","5","TP53","5535","0","0","0","NA","0","complex","del45kb","c.?(del45kb)","g.?(del45kb)","g.?(del45kb)","N","NA","NA","NA","no","no","na","NA","NA","large del","NA","NA","NA","","","NA","NA","NA","p.?","","","0","no","NA","NA","1153","BOU03-IV-4","NA","NA","","F","Confirmed","NA","false","false","","1415","BREAST","BREAST","Cancer, NOS","51","113","","290","","","","","","","","","","https://www.ncbi.nlm.nih.gov/pubmed/12584563"
"280","BOU03","France","Western Europe","Europe","More developed regions","LFS","5","TP53","5535","0","0","0","NA","0","complex","del45kb","c.?(del45kb)","g.?(del45kb)","g.?(del45kb)","N","NA","NA","NA","no","no","na","NA","NA","large del","NA","NA","NA","","","NA","NA","NA","p.?","","","0","no","NA","NA","1160","BOU03-IV-27","NA","NA","","F","Confirmed","NA","false","false","","1424","BONES, JOINTS AND ARTICULAR CARTILAGE OF OTHER AND UNSPECIFIED SITES","BONES (other)","Osteosarcoma, NOS (C40._, C41._)","17","113","","290","","","","","","","","","","https://www.ncbi.nlm.nih.gov/pubmed/12584563"
"280","BOU03","France","Western Europe","Europe","More developed regions","LFS","5","TP53","5535","0","0","0","NA","0","complex","del45kb","c.?(del45kb)","g.?(del45kb)","g.?(del45kb)","N","NA","NA","NA","no","no","na","NA","NA","large del","NA","NA","NA","","","NA","NA","NA","p.?","","","0","no","NA","NA","1160","BOU03-IV-27","NA","NA","","F","Confirmed","NA","false","false","","1425","BREAST","BREAST","Cancer, NOS","29","113","","290","","","","","","","","","","https://www.ncbi.nlm.nih.gov/pubmed/12584563"
"280","BOU03","France","Western Europe","Europe","More developed regions","LFS","5","TP53","5535","0","0","0","NA","0","complex","del45kb","c.?(del45kb)","g.?(del45kb)","g.?(del45kb)","N","NA","NA","NA","no","no","na","NA","NA","large del","NA","NA","NA","","","NA","NA","NA","p.?","","","0","no","NA","NA","1165","BOU03-V-17","NA","NA","","NA","Confirmed","NA","false","false","","1430","HEMATOPOIETIC AND RETICULOENDOTHELIAL SYSTEMS","HEMATOP. SYSTEM","Malignant lymphoma, NOS","13","113","","290","","","","","","","","","","https://www.ncbi.nlm.nih.gov/pubmed/12584563"
"280","BOU03","France","Western Europe","Europe","More developed regions","LFS","5","TP53","5535","0","0","0","NA","0","complex","del45kb","c.?(del45kb)","g.?(del45kb)","g.?(del45kb)","N","NA","NA","NA","no","no","na","NA","NA","large del","NA","NA","NA","","","NA","NA","NA","p.?","","","0","no","NA","NA","1159","BOU03-IV-24","proband","proband","","F","Confirmed","NA","false","false","","1422","BREAST","BREAST","Cancer, NOS","46","113","","290","","","","","","","","","","https://www.ncbi.nlm.nih.gov/pubmed/12584563"
"280","BOU03","France","Western Europe","Europe","More developed regions","LFS","5","TP53","5535","0","0","0","NA","0","complex","del45kb","c.?(del45kb)","g.?(del45kb)","g.?(del45kb)","N","NA","NA","NA","no","no","na","NA","NA","large del","NA","NA","NA","","","NA","NA","NA","p.?","","","0","no","NA","NA","1159","BOU03-IV-24","proband","proband","","F","Confirmed","NA","false","false","","1423","CONNECTIVE, SUBCUTANEOUS AND OTHER SOFT TISSUES","SOFT TISSUES","Leiomyosarcoma, NOS","47","113","","290","","","","","","","","","","https://www.ncbi.nlm.nih.gov/pubmed/12584563"
"283","TRK03","Czech Republic","Eastern Europe","Europe","More developed regions","LFS","3","TP53","3236","7518273","7577548","7674230","7-exon","245","G:C>A:T at CpG","G>A","c.733G>A","g.7577548C>T","g.7674230C>T","G","A","GGC","AGC","yes","no","C_G","Gly","Ser","missense","C55","Damaging","D","0.947","0.5536","non-functional","DNE_LOF","Yes","p.G245S","6932","12365","288","yes","DNA binding","Buried","1179","TRK03-II-7","sister","1st degree relative","2","F","Confirmed","M","false","false","","1448","CONNECTIVE, SUBCUTANEOUS AND OTHER SOFT TISSUES","SOFT TISSUES","Liposarcoma, NOS","29","116","","292","","0","0","0","0","724","13","624","1106","https://www.ncbi.nlm.nih.gov/pubmed/12885464"
"283","TRK03","Czech Republic","Eastern Europe","Europe","More developed regions","LFS","3","TP53","3236","7518273","7577548","7674230","7-exon","245","G:C>A:T at CpG","G>A","c.733G>A","g.7577548C>T","g.7674230C>T","G","A","GGC","AGC","yes","no","C_G","Gly","Ser","missense","C55","Damaging","D","0.947","0.5536","non-functional","DNE_LOF","Yes","p.G245S","6932","12365","288","yes","DNA binding","Buried","1177","TRK03-II-4","maternal half-sister","2nd degree relative","2","F","Confirmed","NA","false","true","","","","","","","116","","292","","0","0","0","0","724","13","624","1106","https://www.ncbi.nlm.nih.gov/pubmed/12885464"
"283","TRK03","Czech Republic","Eastern Europe","Europe","More developed regions","LFS","3","TP53","3236","7518273","7577548","7674230","7-exon","245","G:C>A:T at CpG","G>A","c.733G>A","g.7577548C>T","g.7674230C>T","G","A","GGC","AGC","yes","no","C_G","Gly","Ser","missense","C55","Damaging","D","0.947","0.5536","non-functional","DNE_LOF","Yes","p.G245S","6932","12365","288","yes","DNA binding","Buried","1180","TRK03-II-8","proband","proband","2","F","Confirmed","M","false","false","","1449","COLON","COLON","Cancer, NOS","21","116","","292","","0","0","0","0","724","13","624","1106","https://www.ncbi.nlm.nih.gov/pubmed/12885464"
"284","LYN03-2","USA","Northern America","Americas","More developed regions","LFS","5","TP53","3771","7517839","7577114","7673796","8-exon","275","G:C>A:T","G>A","c.824G>A","g.7577114C>T","g.7673796C>T","G","A","TGT","TAT","no","no","T_T","Cys","Tyr","missense","C65","Damaging","D","0.972","0.6004","non-functional","DNE_LOF","Moderate","p.C275Y","10893","215997","62","yes","DNA binding","DNA binding","1205","LYN03-2-IV-10","NA","NA","4","M","Confirmed","NA","false","false","","1477","BONES, JOINTS AND ARTICULAR CARTILAGE OF OTHER AND UNSPECIFIED SITES","BONES (other)","Osteosarcoma, NOS (C40._, C41._)","22","117","","293","","0","0.01","0","0","-220","17","11","-573","https://www.ncbi.nlm.nih.gov/pubmed/14584079"
"284","LYN03-2","USA","Northern America","Americas","More developed regions","LFS","5","TP53","3771","7517839","7577114","7673796","8-exon","275","G:C>A:T","G>A","c.824G>A","g.7577114C>T","g.7673796C>T","G","A","TGT","TAT","no","no","T_T","Cys","Tyr","missense","C65","Damaging","D","0.972","0.6004","non-functional","DNE_LOF","Moderate","p.C275Y","10893","215997","62","yes","DNA binding","DNA binding","1205","LYN03-2-IV-10","NA","NA","4","M","Confirmed","NA","false","false","","1478","CONNECTIVE, SUBCUTANEOUS AND OTHER SOFT TISSUES","SOFT TISSUES","Rhabdomyosarcoma, NOS","27","117","","293","","0","0.01","0","0","-220","17","11","-573","https://www.ncbi.nlm.nih.gov/pubmed/14584079"
"284","LYN03-2","USA","Northern America","Americas","More developed regions","LFS","5","TP53","3771","7517839","7577114","7673796","8-exon","275","G:C>A:T","G>A","c.824G>A","g.7577114C>T","g.7673796C>T","G","A","TGT","TAT","no","no","T_T","Cys","Tyr","missense","C65","Damaging","D","0.972","0.6004","non-functional","DNE_LOF","Moderate","p.C275Y","10893","215997","62","yes","DNA binding","DNA binding","1206","LYN03-2-V-4","NA","NA","5","F","Confirmed","NA","false","false","","1479","CONNECTIVE, SUBCUTANEOUS AND OTHER SOFT TISSUES","SOFT TISSUES","Rhabdomyosarcoma, NOS","2","117","","293","","0","0.01","0","0","-220","17","11","-573","https://www.ncbi.nlm.nih.gov/pubmed/14584079"
"287","GUR99","Turkey","Western Asia","Asia","Less developed regions","LFS","3","TP53","4039","7517788","7577063","7673745","8-exon","292","A:T>T:A","A>T","c.875A>T","g.7577063T>A","g.7673745T>A","A","T","AAA","ATA","no","no","A_A","Lys","Ile","missense","C0","Damaging","P","0.832","0.3142","functional","notDNE_notLOF","No","p.K292I","7394703","12378","0","no","DNA binding","Ubiquitination site","1217","GUR99-II-5","proband","proband","2","M","Confirmed","NA","false","false","","1492","UNKNOWN PRIMARY SITE","UNKNOWN SITE","Sarcoma, NOS","","120","","296","","0.01","0","0.01","0","-406","95","-522","-44","https://www.ncbi.nlm.nih.gov/pubmed/10484981"
"287","GUR99","Turkey","Western Asia","Asia","Less developed regions","LFS","3","TP53","4039","7517788","7577063","7673745","8-exon","292","A:T>T:A","A>T","c.875A>T","g.7577063T>A","g.7673745T>A","A","T","AAA","ATA","no","no","A_A","Lys","Ile","missense","C0","Damaging","P","0.832","0.3142","functional","notDNE_notLOF","No","p.K292I","7394703","12378","0","no","DNA binding","Ubiquitination site","1219","GUR99-III-8","daughter","1st degree relative","3","F","Confirmed","P","false","false","","1494","BREAST","BREAST","Cancer, NOS","","120","","296","","0.01","0","0.01","0","-406","95","-522","-44","https://www.ncbi.nlm.nih.gov/pubmed/10484981"
"311","PEP03-1","UK","Northern Europe","Europe","More developed regions","LFS","2","TP53","3730","7517846","7577121","7673803","8-exon","273","G:C>A:T at CpG","C>T","c.817C>T","g.7577121G>A","g.7673803G>A","C","T","CGT","TGT","yes","no","G_G","Arg","Cys","missense","C65","Damaging","D","0.901","0.5537","non-functional","DNE_LOF","Yes","p.R273C","10659","43594","665","yes","DNA binding","DNA binding","1254","PEP03-1-1","proband","proband","","F","Confirmed","NA","false","false","","1526","CONNECTIVE, SUBCUTANEOUS AND OTHER SOFT TISSUES","SOFT TISSUES","Rhabdomyosarcoma, NOS","16","123","","318","","0.05","0","0.01","0","37","10","-596","4","https://www.ncbi.nlm.nih.gov/pubmed/12695689"
"312","PEP03-2","UK","Northern Europe","Europe","More developed regions","LFS","2","TP53","3026","7518305","7577580","7674262","7-exon","234","A:T>G:C","A>G","c.701A>G","g.7577580T>C","g.7674262T>C","A","G","TAC","TGC","no","no","T_C","Tyr","Cys","missense","C45","Damaging","D","0.945","0.5288","non-functional","DNE_LOF","Moderate","p.Y234C","10725","127820","101","yes","DNA binding","Buried","1257","PEP03-2-1","proband","proband","","F","Confirmed","NA","false","false","","1529","HEMATOPOIETIC AND RETICULOENDOTHELIAL SYSTEMS","HEMATOP. SYSTEM","B-cell chronic lymphocytic leukemia/small lymphocytic lymphoma","43","123","","319","","0","0.01","0","0","692","-19","592","-81","https://www.ncbi.nlm.nih.gov/pubmed/12695689"
"312","PEP03-2","UK","Northern Europe","Europe","More developed regions","LFS","2","TP53","3026","7518305","7577580","7674262","7-exon","234","A:T>G:C","A>G","c.701A>G","g.7577580T>C","g.7674262T>C","A","G","TAC","TGC","no","no","T_C","Tyr","Cys","missense","C45","Damaging","D","0.945","0.5288","non-functional","DNE_LOF","Moderate","p.Y234C","10725","127820","101","yes","DNA binding","Buried","1257","PEP03-2-1","proband","proband","","F","Confirmed","NA","false","false","","1530","CONNECTIVE, SUBCUTANEOUS AND OTHER SOFT TISSUES","SOFT TISSUES","Leiomyosarcoma, NOS","55","123","","319","","0","0.01","0","0","692","-19","592","-81","https://www.ncbi.nlm.nih.gov/pubmed/12695689"
"315","AVI04-LFS","Israel","Western Asia","Asia","Less developed regions","LFS","3","TP53","1704","7519205","7578480","7675162","5-exon","150","del","del1","c.450del","g.7578480del","g.7675162del","A","NA","ACA","NA","no","no","C_C","Thr","NA","FS","NA","NA","NA","","","NA","NA","NA","p.T150fs","44421","","2","no","DNA binding","Phosphorylation site","1283","AVI04-II-2","father","1st degree relative","2","M","Confirmed","NA","false","false","","1552","BONES, JOINTS AND ARTICULAR CARTILAGE OF OTHER AND UNSPECIFIED SITES","BONES (other)","Osteosarcoma, NOS (C40._, C41._)","36","126","","326","","","","","","","","","","https://www.ncbi.nlm.nih.gov/pubmed/15342977"
"315","AVI04-LFS","Israel","Western Asia","Asia","Less developed regions","LFS","3","TP53","1704","7519205","7578480","7675162","5-exon","150","del","del1","c.450del","g.7578480del","g.7675162del","A","NA","ACA","NA","no","no","C_C","Thr","NA","FS","NA","NA","NA","","","NA","NA","NA","p.T150fs","44421","","2","no","DNA binding","Phosphorylation site","1283","AVI04-II-2","father","1st degree relative","2","M","Confirmed","NA","false","false","","1553","CONNECTIVE, SUBCUTANEOUS AND OTHER SOFT TISSUES","SOFT TISSUES","Leiomyosarcoma, NOS","42","126","","326","","","","","","","","","","https://www.ncbi.nlm.nih.gov/pubmed/15342977"
"315","AVI04-LFS","Israel","Western Asia","Asia","Less developed regions","LFS","3","TP53","1704","7519205","7578480","7675162","5-exon","150","del","del1","c.450del","g.7578480del","g.7675162del","A","NA","ACA","NA","no","no","C_C","Thr","NA","FS","NA","NA","NA","","","NA","NA","NA","p.T150fs","44421","","2","no","DNA binding","Phosphorylation site","1282","AVI04-II-1","paternal aunt","2nd degree relative","2","F","Confirmed","NA","true","false","","1550","BREAST","BREAST","Cancer, NOS","40","126","","326","","","","","","","","","","https://www.ncbi.nlm.nih.gov/pubmed/15342977"
"315","AVI04-LFS","Israel","Western Asia","Asia","Less developed regions","LFS","3","TP53","1704","7519205","7578480","7675162","5-exon","150","del","del1","c.450del","g.7578480del","g.7675162del","A","NA","ACA","NA","no","no","C_C","Thr","NA","FS","NA","NA","NA","","","NA","NA","NA","p.T150fs","44421","","2","no","DNA binding","Phosphorylation site","1282","AVI04-II-1","paternal aunt","2nd degree relative","2","F","Confirmed","NA","true","false","","1551","BREAST","BREAST","Cancer, NOS","40","126","","326","","","","","","","","","","https://www.ncbi.nlm.nih.gov/pubmed/15342977"
"315","AVI04-LFS","Israel","Western Asia","Asia","Less developed regions","LFS","3","TP53","1704","7519205","7578480","7675162","5-exon","150","del","del1","c.450del","g.7578480del","g.7675162del","A","NA","ACA","NA","no","no","C_C","Thr","NA","FS","NA","NA","NA","","","NA","NA","NA","p.T150fs","44421","","2","no","DNA binding","Phosphorylation site","1285","AVI04-III-2","proband","proband","3","M","Confirmed","P","false","false","","1554","CONNECTIVE, SUBCUTANEOUS AND OTHER SOFT TISSUES","SOFT TISSUES","Rhabdomyosarcoma, NOS","2","126","","326","","","","","","","","","","https://www.ncbi.nlm.nih.gov/pubmed/15342977"
"315","AVI04-LFS","Israel","Western Asia","Asia","Less developed regions","LFS","3","TP53","1704","7519205","7578480","7675162","5-exon","150","del","del1","c.450del","g.7578480del","g.7675162del","A","NA","ACA","NA","no","no","C_C","Thr","NA","FS","NA","NA","NA","","","NA","NA","NA","p.T150fs","44421","","2","no","DNA binding","Phosphorylation site","1285","AVI04-III-2","proband","proband","3","M","Confirmed","P","false","false","","1555","BONES, JOINTS AND ARTICULAR CARTILAGE OF LIMBS","BONES (limbs)","Osteosarcoma, NOS (C40._, C41._)","10","126","","326","","","","","","","","","","https://www.ncbi.nlm.nih.gov/pubmed/15342977"
"322","YON04-3","Japan","Eastern Asia","Asia","More developed regions","LFS","3","TP53","2143","7519131","7578406","7675088","5-exon","175","G:C>A:T at CpG","G>A","c.524G>A","g.7578406C>T","g.7675088C>T","G","A","CGC","CAC","yes","no","C_C","Arg","His","missense","C25","Damaging","D","0.922","0.5462","non-functional","DNE_LOF","Yes","p.R175H","10648","12374","1000","yes","DNA binding","Buried","1313","YON04-3-III-1","proband","proband","3","F","Confirmed","NA","true","false","","1585","BONES, JOINTS AND ARTICULAR CARTILAGE OF LIMBS","BONES (limbs)","Osteosarcoma, NOS (C40._, C41._)","12","132","","333","","0","0","0.01","0","-117","-134","11","248","https://www.ncbi.nlm.nih.gov/pubmed/15170137"
"322","YON04-3","Japan","Eastern Asia","Asia","More developed regions","LFS","3","TP53","2143","7519131","7578406","7675088","5-exon","175","G:C>A:T at CpG","G>A","c.524G>A","g.7578406C>T","g.7675088C>T","G","A","CGC","CAC","yes","no","C_C","Arg","His","missense","C25","Damaging","D","0.922","0.5462","non-functional","DNE_LOF","Yes","p.R175H","10648","12374","1000","yes","DNA binding","Buried","1313","YON04-3-III-1","proband","proband","3","F","Confirmed","NA","true","false","","1586","BREAST","BREAST","Phyllodes tumor, malignant (C50._)","21","132","","333","","0","0","0.01","0","-117","-134","11","248","https://www.ncbi.nlm.nih.gov/pubmed/15170137"
"324","BEN04-M","Switzerland","Western Europe","Europe","More developed regions","LFS","4","TP53","5669","7519025","7578300","7674982","5-intron","0","del","del11","c.560-11_560-1del","g.7578290_7578300del","g.7674972_7674982del","A","NA","NA","NA","no","no","G_T","NA","NA","splice","NA","NA","NA","","","NA","NA","NA","p.?","","","0","no","NA","NA","1324","BEN04-M-III-3","proband","proband","3","F","Confirmed","NA","false","false","","1599","BREAST","BREAST","Canalicular adenoma","45","133","","335","","","","","","","","","","https://www.ncbi.nlm.nih.gov/pubmed/15381368"
"329","HWA03-I","USA","Northern America","Americas","More developed regions","LFS","","TP53","4121","7517771","7577046","7673728","8-exon","298","G:C>T:A","G>T","c.892G>T","g.7577046C>A","g.7673728C>A","G","T","GAG","TAG","yes","no","C_A","Glu","STOP","nonsense","NA","NA","NA","","","NA","notDNE_LOF","NA","p.E298*","10710","93323","84","yes","NA","NA","1343","HWA03-I-1","proband","proband","","NA","Confirmed","NA","false","false","","1617","CONNECTIVE, SUBCUTANEOUS AND OTHER SOFT TISSUES","SOFT TISSUES","Sarcoma, NOS","","135","incomplete data","340","","0.02","0.01","0.02","0","-389","112","-505","-27","https://www.ncbi.nlm.nih.gov/pubmed/12610779"
"331","HWA03-III","USA","Northern America","Americas","More developed regions","LFS","","TP53","2143","7519131","7578406","7675088","5-exon","175","G:C>A:T at CpG","G>A","c.524G>A","g.7578406C>T","g.7675088C>T","G","A","CGC","CAC","yes","no","C_C","Arg","His","missense","C25","Damaging","D","0.922","0.5462","non-functional","DNE_LOF","Yes","p.R175H","10648","12374","1000","yes","DNA binding","Buried","1345","HWA03-III-1","proband","proband","","NA","Confirmed","NA","false","false","","1619","CONNECTIVE, SUBCUTANEOUS AND OTHER SOFT TISSUES","SOFT TISSUES","Sarcoma, NOS","","135","incomplete data","342","","0","0","0.01","0","-117","-134","11","248","https://www.ncbi.nlm.nih.gov/pubmed/12610779"
"389","Y-33","Brazil","South America","Americas","Less developed regions","LFS","4","TP53","2094","7519138","7578413","7675095","5-exon","173","G:C>A:T","G>A","c.517G>A","g.7578413C>T","g.7675095C>T","G","A","GTG","ATG","no","no","T_T","Val","Met","missense","C15","Damaging","D","0.892","0.5927","non-functional","DNE_LOF","Yes","p.V173M","11084","233951","75","yes","DNA binding","Buried","1596","Y-33-III-2","proband","proband","3","F","Confirmed","NA","false","false","","1907","CONNECTIVE, SUBCUTANEOUS AND OTHER SOFT TISSUES","SOFT TISSUES","Sarcoma, NOS","23","138","","349","","0","0.01","0.01","0","973","-141","4","241","https://www.ncbi.nlm.nih.gov/pubmed/16494995"
"389","Y-33","Brazil","South America","Americas","Less developed regions","LFS","4","TP53","2094","7519138","7578413","7675095","5-exon","173","G:C>A:T","G>A","c.517G>A","g.7578413C>T","g.7675095C>T","G","A","GTG","ATG","no","no","T_T","Val","Met","missense","C15","Damaging","D","0.892","0.5927","non-functional","DNE_LOF","Yes","p.V173M","11084","233951","75","yes","DNA binding","Buried","1596","Y-33-III-2","proband","proband","3","F","Confirmed","NA","false","false","","1908","BREAST","BREAST","Infiltrating duct carcinoma, NOS (C50._)","43","138","","349","","0","0.01","0.01","0","973","-141","4","241","https://www.ncbi.nlm.nih.gov/pubmed/16494995"
"416","KRU05-2","Austria","Western Europe","Europe","More developed regions","LFS","3","TP53","3236","7518273","7577548","7674230","7-exon","245","G:C>A:T at CpG","G>A","c.733G>A","g.7577548C>T","g.7674230C>T","G","A","GGC","AGC","yes","no","C_G","Gly","Ser","missense","C55","Damaging","D","0.947","0.5536","non-functional","DNE_LOF","Yes","p.G245S","6932","12365","288","yes","DNA binding","Buried","1694","KRU05-2-III-1","proband","proband","3","M","Confirmed","NA","false","false","","2013","BRAIN","BRAIN","Choroid plexus carcinoma (C71.5)","2","141","","361","","0","0","0","0","724","13","624","1106","https://www.ncbi.nlm.nih.gov/pubmed/15925506"
"420","CHA05","USA","Northern America","Americas","More developed regions","LFS","3","TP53","2947","7518320","7577595","7674277","7-exon","229","del","del2","c.686_687del","g.7577594_7577595del","g.7674276_7674277del","G","NA","TGT","NA","no","no","T_T","Cys","NA","FS","NA","NA","NA","","","NA","NA","NA","p.C229fs","44360","","23","no","DNA binding","Partially exposed","1712","CHA05-III-2","proband","proband","3","M","Confirmed","NA","false","false","","2034","CONNECTIVE, SUBCUTANEOUS AND OTHER SOFT TISSUES","SOFT TISSUES","Malignant peripheral nerve sheath tumor with rhabdomyoblastic differentiation","3","142","","365","","","","","","","","","","https://www.ncbi.nlm.nih.gov/pubmed/16333835"
"424","RIE05","Poland","Eastern Europe","Europe","More developed regions","LFS","2","TP53","3236","7518273","7577548","7674230","7-exon","245","G:C>A:T at CpG","G>A","c.733G>A","g.7577548C>T","g.7674230C>T","G","A","GGC","AGC","yes","no","C_G","Gly","Ser","missense","C55","Damaging","D","0.947","0.5536","non-functional","DNE_LOF","Yes","p.G245S","6932","12365","288","yes","DNA binding","Buried","1717","RIE05-I-1","proband","proband","1","M","Confirmed","NA","true","false","50","2040","CONNECTIVE, SUBCUTANEOUS AND OTHER SOFT TISSUES","SOFT TISSUES","Liposarcoma, NOS","40","145","","369","","0","0","0","0","724","13","624","1106","https://www.ncbi.nlm.nih.gov/pubmed/15719270"
"424","RIE05","Poland","Eastern Europe","Europe","More developed regions","LFS","2","TP53","3236","7518273","7577548","7674230","7-exon","245","G:C>A:T at CpG","G>A","c.733G>A","g.7577548C>T","g.7674230C>T","G","A","GGC","AGC","yes","no","C_G","Gly","Ser","missense","C55","Damaging","D","0.947","0.5536","non-functional","DNE_LOF","Yes","p.G245S","6932","12365","288","yes","DNA binding","Buried","1717","RIE05-I-1","proband","proband","1","M","Confirmed","NA","true","false","50","2041","CONNECTIVE, SUBCUTANEOUS AND OTHER SOFT TISSUES","SOFT TISSUES","Malignant fibrous histiocytoma","43","145","","369","","0","0","0","0","724","13","624","1106","https://www.ncbi.nlm.nih.gov/pubmed/15719270"
"424","RIE05","Poland","Eastern Europe","Europe","More developed regions","LFS","2","TP53","3236","7518273","7577548","7674230","7-exon","245","G:C>A:T at CpG","G>A","c.733G>A","g.7577548C>T","g.7674230C>T","G","A","GGC","AGC","yes","no","C_G","Gly","Ser","missense","C55","Damaging","D","0.947","0.5536","non-functional","DNE_LOF","Yes","p.G245S","6932","12365","288","yes","DNA binding","Buried","1717","RIE05-I-1","proband","proband","1","M","Confirmed","NA","true","false","50","2042","BRAIN","BRAIN","Glioblastoma, NOS (C71._)","50","145","","369","","0","0","0","0","724","13","624","1106","https://www.ncbi.nlm.nih.gov/pubmed/15719270"
"424","RIE05","Poland","Eastern Europe","Europe","More developed regions","LFS","2","TP53","3236","7518273","7577548","7674230","7-exon","245","G:C>A:T at CpG","G>A","c.733G>A","g.7577548C>T","g.7674230C>T","G","A","GGC","AGC","yes","no","C_G","Gly","Ser","missense","C55","Damaging","D","0.947","0.5536","non-functional","DNE_LOF","Yes","p.G245S","6932","12365","288","yes","DNA binding","Buried","1718","RIE05-II-1","daughter","1st degree relative","2","F","Confirmed","P","false","true","","","","","","","145","","369","","0","0","0","0","724","13","624","1106","https://www.ncbi.nlm.nih.gov/pubmed/15719270"
"426","CAP05","Italy","Southern Europe","Europe","More developed regions","LFS","3","TP53","2821","7518915","7578190","7674872","6-exon","220","A:T>G:C","A>G","c.659A>G","g.7578190T>C","g.7674872T>C","A","G","TAT","TGT","no","no","T_T","Tyr","Cys","missense","C65","Damaging","D","0.936","0.5625","non-functional","DNE_LOF","Moderate","p.Y220C","10758","127819","329","yes","DNA binding","Buried","1720","CAP05-II-2","proband","proband","2","F","Confirmed","NA","true","false","35","2045","BREAST","BREAST","Cancer, NOS","35","147","","370","","0","0.03","0.13","0.04","1","82","1","-18","https://www.ncbi.nlm.nih.gov/pubmed/15977174"
"426","CAP05","Italy","Southern Europe","Europe","More developed regions","LFS","3","TP53","2821","7518915","7578190","7674872","6-exon","220","A:T>G:C","A>G","c.659A>G","g.7578190T>C","g.7674872T>C","A","G","TAT","TGT","no","no","T_T","Tyr","Cys","missense","C65","Damaging","D","0.936","0.5625","non-functional","DNE_LOF","Moderate","p.Y220C","10758","127819","329","yes","DNA binding","Buried","1722","CAP05-III-1","son","1st degree relative","3","M","Confirmed","M","true","false","3","2046","CONNECTIVE, SUBCUTANEOUS AND OTHER SOFT TISSUES","SOFT TISSUES","Rhabdomyosarcoma, NOS","3","147","","370","","0","0.03","0.13","0.04","1","82","1","-18","https://www.ncbi.nlm.nih.gov/pubmed/15977174"
"426","CAP05","Italy","Southern Europe","Europe","More developed regions","LFS","3","TP53","2821","7518915","7578190","7674872","6-exon","220","A:T>G:C","A>G","c.659A>G","g.7578190T>C","g.7674872T>C","A","G","TAT","TGT","no","no","T_T","Tyr","Cys","missense","C65","Damaging","D","0.936","0.5625","non-functional","DNE_LOF","Moderate","p.Y220C","10758","127819","329","yes","DNA binding","Buried","1723","CAP05-III-2","daughter","1st degree relative","3","F","Confirmed","M","true","false","13","2047","BONES, JOINTS AND ARTICULAR CARTILAGE OF OTHER AND UNSPECIFIED SITES","BONES (other)","Osteosarcoma, NOS (C40._, C41._)","13","147","","370","","0","0.03","0.13","0.04","1","82","1","-18","https://www.ncbi.nlm.nih.gov/pubmed/15977174"
"426","CAP05","Italy","Southern Europe","Europe","More developed regions","LFS","3","TP53","2821","7518915","7578190","7674872","6-exon","220","A:T>G:C","A>G","c.659A>G","g.7578190T>C","g.7674872T>C","A","G","TAT","TGT","no","no","T_T","Tyr","Cys","missense","C65","Damaging","D","0.936","0.5625","non-functional","DNE_LOF","Moderate","p.Y220C","10758","127819","329","yes","DNA binding","Buried","1724","CAP05-III-3","daughter","1st degree relative","3","F","Confirmed","M","true","false","17","2048","BONES, JOINTS AND ARTICULAR CARTILAGE OF LIMBS","BONES (limbs)","Osteosarcoma, NOS (C40._, C41._)","17","147","","370","","0","0.03","0.13","0.04","1","82","1","-18","https://www.ncbi.nlm.nih.gov/pubmed/15977174"
"426","CAP05","Italy","Southern Europe","Europe","More developed regions","LFS","3","TP53","2821","7518915","7578190","7674872","6-exon","220","A:T>G:C","A>G","c.659A>G","g.7578190T>C","g.7674872T>C","A","G","TAT","TGT","no","no","T_T","Tyr","Cys","missense","C65","Damaging","D","0.936","0.5625","non-functional","DNE_LOF","Moderate","p.Y220C","10758","127819","329","yes","DNA binding","Buried","1724","CAP05-III-3","daughter","1st degree relative","3","F","Confirmed","M","true","false","17","2049","BONES, JOINTS AND ARTICULAR CARTILAGE OF LIMBS","BONES (limbs)","Osteosarcoma, NOS (C40._, C41._)","17","147","","370","","0","0.03","0.13","0.04","1","82","1","-18","https://www.ncbi.nlm.nih.gov/pubmed/15977174"
"426","CAP05","Italy","Southern Europe","Europe","More developed regions","LFS","3","TP53","2821","7518915","7578190","7674872","6-exon","220","A:T>G:C","A>G","c.659A>G","g.7578190T>C","g.7674872T>C","A","G","TAT","TGT","no","no","T_T","Tyr","Cys","missense","C65","Damaging","D","0.936","0.5625","non-functional","DNE_LOF","Moderate","p.Y220C","10758","127819","329","yes","DNA binding","Buried","1724","CAP05-III-3","daughter","1st degree relative","3","F","Confirmed","M","true","false","17","2050","BONES, JOINTS AND ARTICULAR CARTILAGE OF LIMBS","BONES (limbs)","Osteosarcoma, NOS (C40._, C41._)","17","147","","370","","0","0.03","0.13","0.04","1","82","1","-18","https://www.ncbi.nlm.nih.gov/pubmed/15977174"
"426","CAP05","Italy","Southern Europe","Europe","More developed regions","LFS","3","TP53","2821","7518915","7578190","7674872","6-exon","220","A:T>G:C","A>G","c.659A>G","g.7578190T>C","g.7674872T>C","A","G","TAT","TGT","no","no","T_T","Tyr","Cys","missense","C65","Damaging","D","0.936","0.5625","non-functional","DNE_LOF","Moderate","p.Y220C","10758","127819","329","yes","DNA binding","Buried","1724","CAP05-III-3","daughter","1st degree relative","3","F","Confirmed","M","true","false","17","2051","BONES, JOINTS AND ARTICULAR CARTILAGE OF LIMBS","BONES (limbs)","Osteosarcoma, NOS (C40._, C41._)","17","147","","370","","0","0.03","0.13","0.04","1","82","1","-18","https://www.ncbi.nlm.nih.gov/pubmed/15977174"
"427","WON06-1","USA","Northern America","Americas","More developed regions","LFS","3","TP53","2705","7518937","7578212","7674894","6-exon","213","G:C>A:T at CpG","C>T","c.637C>T","g.7578212G>A","g.7674894G>A","C","T","CGA","TGA","yes","no","T_G","Arg","STOP","nonsense","NA","NA","NA","","","NA","notDNE_LOF","NA","p.R213*","6503267","43590","430","yes","DNA binding","Buried","1727","WON06-1-III-1","proband","proband","3","NA","Confirmed","NA","false","false","","2052","COLON","COLON","Adenocarcinoma, NOS","9","148","","371","","0","0.37","0","0.47","-35","77","442","-35","https://www.ncbi.nlm.nih.gov/pubmed/16401470"
"428","WON06-4","USA","Northern America","Americas","More developed regions","LFS","3","TP53","2462","7518987","7578262","7674944","6-exon","196","G:C>C:G","G>C","c.587G>C","g.7578262C>G","g.7674944C>G","G","C","CGA","CCA","yes","no","C_A","Arg","Pro","missense","C65","Damaging","D","0.941","0.5898","non-functional","DNE_LOF","Moderate","p.R196P","43814","231165","20","yes","DNA binding","Buried","1737","WON06-4-III-1","proband","proband","3","M","Confirmed","NA","false","false","","2058","BRAIN","BRAIN","Cancer, NOS","1","148","","372","","0","0.07","0","0.05","-3","10","392","-90","https://www.ncbi.nlm.nih.gov/pubmed/16401470"
"428","WON06-4","USA","Northern America","Americas","More developed regions","LFS","3","TP53","2462","7518987","7578262","7674944","6-exon","196","G:C>C:G","G>C","c.587G>C","g.7578262C>G","g.7674944C>G","G","C","CGA","CCA","yes","no","C_A","Arg","Pro","missense","C65","Damaging","D","0.941","0.5898","non-functional","DNE_LOF","Moderate","p.R196P","43814","231165","20","yes","DNA binding","Buried","1737","WON06-4-III-1","proband","proband","3","M","Confirmed","NA","false","false","","2059","BONES, JOINTS AND ARTICULAR CARTILAGE OF OTHER AND UNSPECIFIED SITES","BONES (other)","Osteosarcoma, NOS (C40._, C41._)","16","148","","372","","0","0.07","0","0.05","-3","10","392","-90","https://www.ncbi.nlm.nih.gov/pubmed/16401470"
"430","WON06-6","USA","Northern America","Americas","More developed regions","LFS","3","TP53","3236","7518273","7577548","7674230","7-exon","245","G:C>A:T at CpG","G>A","c.733G>A","g.7577548C>T","g.7674230C>T","G","A","GGC","AGC","yes","no","C_G","Gly","Ser","missense","C55","Damaging","D","0.947","0.5536","non-functional","DNE_LOF","Yes","p.G245S","6932","12365","288","yes","DNA binding","Buried","1746","WON06-6-II-4","proband","proband","2","NA","Confirmed","NA","false","false","","2068","COLON","COLON","Adenocarcinoma, NOS","41","148","","374","","0","0","0","0","724","13","624","1106","https://www.ncbi.nlm.nih.gov/pubmed/16401470"
"483","SID05-3","USA","Northern America","Americas","More developed regions","LFS","","TP53","2143","7519131","7578406","7675088","5-exon","175","G:C>A:T at CpG","G>A","c.524G>A","g.7578406C>T","g.7675088C>T","G","A","CGC","CAC","yes","no","C_C","Arg","His","missense","C25","Damaging","D","0.922","0.5462","non-functional","DNE_LOF","Yes","p.R175H","10648","12374","1000","yes","DNA binding","Buried","1901","SID05-3-I-1","proband","proband","","M","Confirmed","NA","false","false","","2163","UNKNOWN PRIMARY SITE","UNKNOWN SITE","Sarcoma, NOS","2","153","","428","","0","0","0.01","0","-117","-134","11","248","https://www.ncbi.nlm.nih.gov/pubmed/15951970"
"486","SID05-6","USA","Northern America","Americas","More developed regions","LFS","","TP53","5883","7518922","7578197","7674879","6-exon","218","del","del?","c.?(652del)","g.?","g.?","G","NA","GTG","NA","no","no","G_T","Val","NA","FS","NA","NA","NA","","","NA","NA","NA","p.?","","","0","yes","DNA binding","Buried","1904","SID05-6-I-1","proband","proband","","F","Confirmed","NA","false","false","","2170","UNKNOWN PRIMARY SITE","UNKNOWN SITE","Sarcoma, NOS","","153","","431","","","","","","","","","","https://www.ncbi.nlm.nih.gov/pubmed/15951970"
"486","SID05-6","USA","Northern America","Americas","More developed regions","LFS","","TP53","5883","7518922","7578197","7674879","6-exon","218","del","del?","c.?(652del)","g.?","g.?","G","NA","GTG","NA","no","no","G_T","Val","NA","FS","NA","NA","NA","","","NA","NA","NA","p.?","","","0","yes","DNA binding","Buried","1904","SID05-6-I-1","proband","proband","","F","Confirmed","NA","false","false","","2171","HEMATOPOIETIC AND RETICULOENDOTHELIAL SYSTEMS","HEMATOP. SYSTEM","Leukemia, NOS","","153","","431","","","","","","","","","","https://www.ncbi.nlm.nih.gov/pubmed/15951970"
"486","SID05-6","USA","Northern America","Americas","More developed regions","LFS","","TP53","5883","7518922","7578197","7674879","6-exon","218","del","del?","c.?(652del)","g.?","g.?","G","NA","GTG","NA","no","no","G_T","Val","NA","FS","NA","NA","NA","","","NA","NA","NA","p.?","","","0","yes","DNA binding","Buried","1904","SID05-6-I-1","proband","proband","","F","Confirmed","NA","false","false","","2169","BREAST","BREAST","Cancer, NOS","34","153","","431","","","","","","","","","","https://www.ncbi.nlm.nih.gov/pubmed/15951970"
"492","POL05","Italy","Southern Europe","Europe","More developed regions","LFS","2","TP53","3878","7517819","7577094","7673776","8-exon","282","G:C>C:G","C>G","c.844C>G","g.7577094G>C","g.7673776G>C","C","G","CGG","GGG","yes","no","C_G","Arg","Gly","missense","C65","Damaging","D","0.863","0.483","non-functional","DNE_LOF","Moderate","p.R282G","10992","140821","28","yes","DNA binding","Buried","1920","POL05-II-1","proband","proband","2","F","Confirmed","NA","false","false","","2190","CONNECTIVE, SUBCUTANEOUS AND OTHER SOFT TISSUES","SOFT TISSUES","Myxoid liposarcoma","20","156","","437","","0.01","0.01","0.01","0","-437","37","-553","-75","https://www.ncbi.nlm.nih.gov/pubmed/15850016"
"494","MAN07-4","Italy","Southern Europe","Europe","More developed regions","LFS","4","TP53","5129","7520035","7579310","7675992","4-intron","0","ins","ins1","c.375+1_375+2insN","g.7579310_7579311insN","g.7675992_7675993insN","T","NA","NA","NA","no","consensus SD","G_C","NA","NA","splice","NA","NA","NA","","","NA","NA","NA","p.?","","528263","0","no","NA","NA","1926","MAN07-4-I","proband","proband","","F","Confirmed","NA","false","false","","2196","BREAST","BREAST","Cancer, NOS","34","157","insG","439","","","","","","","","","","https://www.ncbi.nlm.nih.gov/pubmed/17224268"
"500","ANE06","Norway","Northern Europe","Europe","More developed regions","LFS","2","TP53","4013","7517794","7577069","7673751","8-exon","290","G:C>T:A","G>T","c.869G>T","g.7577069C>A","g.7673751C>A","G","T","CGC","CTC","yes","no","C_C","Arg","Leu","missense","C0","Damaging","B","0.651","0.1643","functional","notDNE_notLOF","NA","p.R290L","44639","633445","0","no","DNA binding","NA","1969","ANE06-I-1","proband","proband","1","F","Confirmed","NA","false","false","","2242","CONNECTIVE, SUBCUTANEOUS AND OTHER SOFT TISSUES","SOFT TISSUES","Sarcoma, NOS","","162","","445","","0.01","0","0","0","-412","89","-544","-50","https://www.ncbi.nlm.nih.gov/pubmed/16437140"
"500","ANE06","Norway","Northern Europe","Europe","More developed regions","LFS","2","TP53","4013","7517794","7577069","7673751","8-exon","290","G:C>T:A","G>T","c.869G>T","g.7577069C>A","g.7673751C>A","G","T","CGC","CTC","yes","no","C_C","Arg","Leu","missense","C0","Damaging","B","0.651","0.1643","functional","notDNE_notLOF","NA","p.R290L","44639","633445","0","no","DNA binding","NA","1969","ANE06-I-1","proband","proband","1","F","Confirmed","NA","false","false","","2243","CONNECTIVE, SUBCUTANEOUS AND OTHER SOFT TISSUES","SOFT TISSUES","Sarcoma, NOS","","162","","445","","0.01","0","0","0","-412","89","-544","-50","https://www.ncbi.nlm.nih.gov/pubmed/16437140"
"500","ANE06","Norway","Northern Europe","Europe","More developed regions","LFS","2","TP53","4013","7517794","7577069","7673751","8-exon","290","G:C>T:A","G>T","c.869G>T","g.7577069C>A","g.7673751C>A","G","T","CGC","CTC","yes","no","C_C","Arg","Leu","missense","C0","Damaging","B","0.651","0.1643","functional","notDNE_notLOF","NA","p.R290L","44639","633445","0","no","DNA binding","NA","1969","ANE06-I-1","proband","proband","1","F","Confirmed","NA","false","false","","2245","BREAST","BREAST","Cancer, NOS","","162","","445","","0.01","0","0","0","-412","89","-544","-50","https://www.ncbi.nlm.nih.gov/pubmed/16437140"
"500","ANE06","Norway","Northern Europe","Europe","More developed regions","LFS","2","TP53","4013","7517794","7577069","7673751","8-exon","290","G:C>T:A","G>T","c.869G>T","g.7577069C>A","g.7673751C>A","G","T","CGC","CTC","yes","no","C_C","Arg","Leu","missense","C0","Damaging","B","0.651","0.1643","functional","notDNE_notLOF","NA","p.R290L","44639","633445","0","no","DNA binding","NA","1969","ANE06-I-1","proband","proband","1","F","Confirmed","NA","false","false","","2241","CONNECTIVE, SUBCUTANEOUS AND OTHER SOFT TISSUES","SOFT TISSUES","Sarcoma, NOS","28","162","","445","","0.01","0","0","0","-412","89","-544","-50","https://www.ncbi.nlm.nih.gov/pubmed/16437140"
"500","ANE06","Norway","Northern Europe","Europe","More developed regions","LFS","2","TP53","4013","7517794","7577069","7673751","8-exon","290","G:C>T:A","G>T","c.869G>T","g.7577069C>A","g.7673751C>A","G","T","CGC","CTC","yes","no","C_C","Arg","Leu","missense","C0","Damaging","B","0.651","0.1643","functional","notDNE_notLOF","NA","p.R290L","44639","633445","0","no","DNA binding","NA","1969","ANE06-I-1","proband","proband","1","F","Confirmed","NA","false","false","","2244","ANUS AND ANAL CANAL","ANUS","Carcinoma, NOS","48","162","","445","","0.01","0","0","0","-412","89","-544","-50","https://www.ncbi.nlm.nih.gov/pubmed/16437140"
"500","ANE06","Norway","Northern Europe","Europe","More developed regions","LFS","2","TP53","4013","7517794","7577069","7673751","8-exon","290","G:C>T:A","G>T","c.869G>T","g.7577069C>A","g.7673751C>A","G","T","CGC","CTC","yes","no","C_C","Arg","Leu","missense","C0","Damaging","B","0.651","0.1643","functional","notDNE_notLOF","NA","p.R290L","44639","633445","0","no","DNA binding","NA","1969","ANE06-I-1","proband","proband","1","F","Confirmed","NA","false","false","","2246","HEMATOPOIETIC AND RETICULOENDOTHELIAL SYSTEMS","HEMATOP. SYSTEM","Acute myeloid leukemia, NOS","51","162","","445","","0.01","0","0","0","-412","89","-544","-50","https://www.ncbi.nlm.nih.gov/pubmed/16437140"
"500","ANE06","Norway","Northern Europe","Europe","More developed regions","LFS","2","TP53","4013","7517794","7577069","7673751","8-exon","290","G:C>T:A","G>T","c.869G>T","g.7577069C>A","g.7673751C>A","G","T","CGC","CTC","yes","no","C_C","Arg","Leu","missense","C0","Damaging","B","0.651","0.1643","functional","notDNE_notLOF","NA","p.R290L","44639","633445","0","no","DNA binding","NA","1970","ANE06-II-1","son","1st degree relative","2","M","Confirmed","M","true","false","12","2247","CONNECTIVE, SUBCUTANEOUS AND OTHER SOFT TISSUES","SOFT TISSUES","Rhabdomyosarcoma, NOS","","162","","445","","0.01","0","0","0","-412","89","-544","-50","https://www.ncbi.nlm.nih.gov/pubmed/16437140"
"500","ANE06","Norway","Northern Europe","Europe","More developed regions","LFS","2","TP53","4013","7517794","7577069","7673751","8-exon","290","G:C>T:A","G>T","c.869G>T","g.7577069C>A","g.7673751C>A","G","T","CGC","CTC","yes","no","C_C","Arg","Leu","missense","C0","Damaging","B","0.651","0.1643","functional","notDNE_notLOF","NA","p.R290L","44639","633445","0","no","DNA binding","NA","1970","ANE06-II-1","son","1st degree relative","2","M","Confirmed","M","true","false","12","2248","HEMATOPOIETIC AND RETICULOENDOTHELIAL SYSTEMS","HEMATOP. SYSTEM","Acute leukemia, NOS","12","162","","445","","0.01","0","0","0","-412","89","-544","-50","https://www.ncbi.nlm.nih.gov/pubmed/16437140"
"501","VRA06-FC07","Bosnia And Herzegovina","Southern Europe","Europe","More developed regions","LFS","3","TP53","3737","7517845","7577120","7673802","8-exon","273","G:C>A:T at CpG","G>A","c.818G>A","g.7577120C>T","g.7673802C>T","G","A","CGT","CAT","yes","no","C_T","Arg","His","missense","C25","Damaging","D","0.868","0.5259","non-functional","DNE_LOF","Yes","p.R273H","10660","12366","635","yes","DNA binding","DNA binding","1973","VRA06-II-2","mother","1st degree relative","2","F","Confirmed","NA","false","true","35","","","","","","163","","446","","0.01","0.02","0","0","38","11","-595","5","https://www.ncbi.nlm.nih.gov/pubmed/16929790"
"501","VRA06-FC07","Bosnia And Herzegovina","Southern Europe","Europe","More developed regions","LFS","3","TP53","3737","7517845","7577120","7673802","8-exon","273","G:C>A:T at CpG","G>A","c.818G>A","g.7577120C>T","g.7673802C>T","G","A","CGT","CAT","yes","no","C_T","Arg","His","missense","C25","Damaging","D","0.868","0.5259","non-functional","DNE_LOF","Yes","p.R273H","10660","12366","635","yes","DNA binding","DNA binding","1975","VRA06-III-2","proband","proband","3","F","Confirmed","M","false","false","","2252","CONNECTIVE, SUBCUTANEOUS AND OTHER SOFT TISSUES","SOFT TISSUES","Rhabdomyosarcoma, NOS","2","163","","446","right infrorbital","0.01","0.02","0","0","38","11","-595","5","https://www.ncbi.nlm.nih.gov/pubmed/16929790"
"501","VRA06-FC07","Bosnia And Herzegovina","Southern Europe","Europe","More developed regions","LFS","3","TP53","3737","7517845","7577120","7673802","8-exon","273","G:C>A:T at CpG","G>A","c.818G>A","g.7577120C>T","g.7673802C>T","G","A","CGT","CAT","yes","no","C_T","Arg","His","missense","C25","Damaging","D","0.868","0.5259","non-functional","DNE_LOF","Yes","p.R273H","10660","12366","635","yes","DNA binding","DNA binding","1975","VRA06-III-2","proband","proband","3","F","Confirmed","M","false","false","","2253","CONNECTIVE, SUBCUTANEOUS AND OTHER SOFT TISSUES","SOFT TISSUES","Fibroadenoma, NOS (C50._)","6","163","","446","Breast fibroadenoma","0.01","0.02","0","0","38","11","-595","5","https://www.ncbi.nlm.nih.gov/pubmed/16929790"
"501","VRA06-FC07","Bosnia And Herzegovina","Southern Europe","Europe","More developed regions","LFS","3","TP53","3737","7517845","7577120","7673802","8-exon","273","G:C>A:T at CpG","G>A","c.818G>A","g.7577120C>T","g.7673802C>T","G","A","CGT","CAT","yes","no","C_T","Arg","His","missense","C25","Damaging","D","0.868","0.5259","non-functional","DNE_LOF","Yes","p.R273H","10660","12366","635","yes","DNA binding","DNA binding","1975","VRA06-III-2","proband","proband","3","F","Confirmed","M","false","false","","2254","CONNECTIVE, SUBCUTANEOUS AND OTHER SOFT TISSUES","SOFT TISSUES","Rhabdomyosarcoma, NOS","8","163","","446","upper lip","0.01","0.02","0","0","38","11","-595","5","https://www.ncbi.nlm.nih.gov/pubmed/16929790"
"501","VRA06-FC07","Bosnia And Herzegovina","Southern Europe","Europe","More developed regions","LFS","3","TP53","3737","7517845","7577120","7673802","8-exon","273","G:C>A:T at CpG","G>A","c.818G>A","g.7577120C>T","g.7673802C>T","G","A","CGT","CAT","yes","no","C_T","Arg","His","missense","C25","Damaging","D","0.868","0.5259","non-functional","DNE_LOF","Yes","p.R273H","10660","12366","635","yes","DNA binding","DNA binding","1975","VRA06-III-2","proband","proband","3","F","Confirmed","M","false","false","","2255","CONNECTIVE, SUBCUTANEOUS AND OTHER SOFT TISSUES","SOFT TISSUES","Rhabdomyosarcoma, NOS","10","163","","446","left cheek","0.01","0.02","0","0","38","11","-595","5","https://www.ncbi.nlm.nih.gov/pubmed/16929790"
"504","VAN07","The Netherlands","Western Europe","Europe","More developed regions","LFS","2","TP53","5143","7519015","7578290","7674972","5-intron","0","G:C>A:T","G>A","c.560-1G>A","g.7578290C>T","g.7674972C>T","G","A","NA","NA","no","consensus SA","A_G","NA","NA","splice","NA","NA","NA","","","NA","NA","NA","p.?","43753","","40","no","NA","NA","1984","VAN07-II-10","father","1st degree relative","2","M","Confirmed","NA","true","false","","2268","BRONCHUS AND LUNG","LUNG","Cancer, NOS","51","165","","449","","","","","","","","","","https://www.ncbi.nlm.nih.gov/pubmed/17318340"
"504","VAN07","The Netherlands","Western Europe","Europe","More developed regions","LFS","2","TP53","5143","7519015","7578290","7674972","5-intron","0","G:C>A:T","G>A","c.560-1G>A","g.7578290C>T","g.7674972C>T","G","A","NA","NA","no","consensus SA","A_G","NA","NA","splice","NA","NA","NA","","","NA","NA","NA","p.?","43753","","40","no","NA","NA","1986","VAN07-II-13","maternal aunt","2nd degree relative","2","F","Confirmed","NA","true","false","","2269","COLORECTUM, NOS","COLORECTUM, NOS","Cancer, NOS","62","165","","449","","","","","","","","","","https://www.ncbi.nlm.nih.gov/pubmed/17318340"
"504","VAN07","The Netherlands","Western Europe","Europe","More developed regions","LFS","2","TP53","5143","7519015","7578290","7674972","5-intron","0","G:C>A:T","G>A","c.560-1G>A","g.7578290C>T","g.7674972C>T","G","A","NA","NA","no","consensus SA","A_G","NA","NA","splice","NA","NA","NA","","","NA","NA","NA","p.?","43753","","40","no","NA","NA","1990","VAN07-III-7","brother","1st degree relative","3","M","Confirmed","P","true","false","","2273","BRAIN","BRAIN","Oligodendroglioma, anaplastic (C71._)","40","165","","449","","","","","","","","","","https://www.ncbi.nlm.nih.gov/pubmed/17318340"
"504","VAN07","The Netherlands","Western Europe","Europe","More developed regions","LFS","2","TP53","5143","7519015","7578290","7674972","5-intron","0","G:C>A:T","G>A","c.560-1G>A","g.7578290C>T","g.7674972C>T","G","A","NA","NA","no","consensus SA","A_G","NA","NA","splice","NA","NA","NA","","","NA","NA","NA","p.?","43753","","40","no","NA","NA","1991","VAN07-III-8","brother","1st degree relative","3","M","Confirmed","P","true","false","","2274","CONNECTIVE, SUBCUTANEOUS AND OTHER SOFT TISSUES","SOFT TISSUES","Leiomyosarcoma, NOS","36","165","","449","","","","","","","","","","https://www.ncbi.nlm.nih.gov/pubmed/17318340"
"504","VAN07","The Netherlands","Western Europe","Europe","More developed regions","LFS","2","TP53","5143","7519015","7578290","7674972","5-intron","0","G:C>A:T","G>A","c.560-1G>A","g.7578290C>T","g.7674972C>T","G","A","NA","NA","no","consensus SA","A_G","NA","NA","splice","NA","NA","NA","","","NA","NA","NA","p.?","43753","","40","no","NA","NA","1991","VAN07-III-8","brother","1st degree relative","3","M","Confirmed","P","true","false","","2275","LARYNX","LARYNX","Carcinoma, NOS","48","165","","449","","","","","","","","","","https://www.ncbi.nlm.nih.gov/pubmed/17318340"
"504","VAN07","The Netherlands","Western Europe","Europe","More developed regions","LFS","2","TP53","5143","7519015","7578290","7674972","5-intron","0","G:C>A:T","G>A","c.560-1G>A","g.7578290C>T","g.7674972C>T","G","A","NA","NA","no","consensus SA","A_G","NA","NA","splice","NA","NA","NA","","","NA","NA","NA","p.?","43753","","40","no","NA","NA","1992","VAN07-III-10","sister","1st degree relative","3","F","Confirmed","P","false","true","51","","","","","","165","","449","","","","","","","","","","https://www.ncbi.nlm.nih.gov/pubmed/17318340"
"504","VAN07","The Netherlands","Western Europe","Europe","More developed regions","LFS","2","TP53","5143","7519015","7578290","7674972","5-intron","0","G:C>A:T","G>A","c.560-1G>A","g.7578290C>T","g.7674972C>T","G","A","NA","NA","no","consensus SA","A_G","NA","NA","splice","NA","NA","NA","","","NA","NA","NA","p.?","43753","","40","no","NA","NA","1993","VAN07-III-11","sister","1st degree relative","3","F","Confirmed","P","false","true","47","","","","","","165","","449","","","","","","","","","","https://www.ncbi.nlm.nih.gov/pubmed/17318340"
"504","VAN07","The Netherlands","Western Europe","Europe","More developed regions","LFS","2","TP53","5143","7519015","7578290","7674972","5-intron","0","G:C>A:T","G>A","c.560-1G>A","g.7578290C>T","g.7674972C>T","G","A","NA","NA","no","consensus SA","A_G","NA","NA","splice","NA","NA","NA","","","NA","NA","NA","p.?","43753","","40","no","NA","NA","1994","VAN07-III-12","sister","1st degree relative","3","F","Confirmed","P","true","false","","2276","CONNECTIVE, SUBCUTANEOUS AND OTHER SOFT TISSUES","SOFT TISSUES","Rhabdomyosarcoma, NOS","11","165","","449","","","","","","","","","","https://www.ncbi.nlm.nih.gov/pubmed/17318340"
"504","VAN07","The Netherlands","Western Europe","Europe","More developed regions","LFS","2","TP53","5143","7519015","7578290","7674972","5-intron","0","G:C>A:T","G>A","c.560-1G>A","g.7578290C>T","g.7674972C>T","G","A","NA","NA","no","consensus SA","A_G","NA","NA","splice","NA","NA","NA","","","NA","NA","NA","p.?","43753","","40","no","NA","NA","1988","VAN07-III-4","proband","proband","3","M","Confirmed","P","false","false","","2271","PANCREAS","PANCREAS","Cancer, NOS","52","165","","449","","","","","","","","","","https://www.ncbi.nlm.nih.gov/pubmed/17318340"
"504","VAN07","The Netherlands","Western Europe","Europe","More developed regions","LFS","2","TP53","3044","7518302","7577577","7674259","7-exon","235","A:T>G:C","A>G","c.704A>G","g.7577577T>C","g.7674259T>C","A","G","AAC","AGC","no","no","A_C","Asn","Ser","missense","C0","Tolerated","D","0.593","-0.0342","functional","notDNE_notLOF","No","p.N235S","43616","127821","0","no","DNA binding","Buried","1984","VAN07-II-10","father","1st degree relative","2","M","Confirmed","NA","true","false","","2268","BRONCHUS AND LUNG","LUNG","Cancer, NOS","51","165","","450","","0.15","0.03","0","0","-1","-16","-1036","304","https://www.ncbi.nlm.nih.gov/pubmed/17318340"
"504","VAN07","The Netherlands","Western Europe","Europe","More developed regions","LFS","2","TP53","3044","7518302","7577577","7674259","7-exon","235","A:T>G:C","A>G","c.704A>G","g.7577577T>C","g.7674259T>C","A","G","AAC","AGC","no","no","A_C","Asn","Ser","missense","C0","Tolerated","D","0.593","-0.0342","functional","notDNE_notLOF","No","p.N235S","43616","127821","0","no","DNA binding","Buried","1986","VAN07-II-13","maternal aunt","2nd degree relative","2","F","Confirmed","NA","true","false","","2269","COLORECTUM, NOS","COLORECTUM, NOS","Cancer, NOS","62","165","","450","","0.15","0.03","0","0","-1","-16","-1036","304","https://www.ncbi.nlm.nih.gov/pubmed/17318340"
"504","VAN07","The Netherlands","Western Europe","Europe","More developed regions","LFS","2","TP53","3044","7518302","7577577","7674259","7-exon","235","A:T>G:C","A>G","c.704A>G","g.7577577T>C","g.7674259T>C","A","G","AAC","AGC","no","no","A_C","Asn","Ser","missense","C0","Tolerated","D","0.593","-0.0342","functional","notDNE_notLOF","No","p.N235S","43616","127821","0","no","DNA binding","Buried","1990","VAN07-III-7","brother","1st degree relative","3","M","Confirmed","P","true","false","","2273","BRAIN","BRAIN","Oligodendroglioma, anaplastic (C71._)","40","165","","450","","0.15","0.03","0","0","-1","-16","-1036","304","https://www.ncbi.nlm.nih.gov/pubmed/17318340"
"504","VAN07","The Netherlands","Western Europe","Europe","More developed regions","LFS","2","TP53","3044","7518302","7577577","7674259","7-exon","235","A:T>G:C","A>G","c.704A>G","g.7577577T>C","g.7674259T>C","A","G","AAC","AGC","no","no","A_C","Asn","Ser","missense","C0","Tolerated","D","0.593","-0.0342","functional","notDNE_notLOF","No","p.N235S","43616","127821","0","no","DNA binding","Buried","1991","VAN07-III-8","brother","1st degree relative","3","M","Confirmed","P","true","false","","2274","CONNECTIVE, SUBCUTANEOUS AND OTHER SOFT TISSUES","SOFT TISSUES","Leiomyosarcoma, NOS","36","165","","450","","0.15","0.03","0","0","-1","-16","-1036","304","https://www.ncbi.nlm.nih.gov/pubmed/17318340"
"504","VAN07","The Netherlands","Western Europe","Europe","More developed regions","LFS","2","TP53","3044","7518302","7577577","7674259","7-exon","235","A:T>G:C","A>G","c.704A>G","g.7577577T>C","g.7674259T>C","A","G","AAC","AGC","no","no","A_C","Asn","Ser","missense","C0","Tolerated","D","0.593","-0.0342","functional","notDNE_notLOF","No","p.N235S","43616","127821","0","no","DNA binding","Buried","1991","VAN07-III-8","brother","1st degree relative","3","M","Confirmed","P","true","false","","2275","LARYNX","LARYNX","Carcinoma, NOS","48","165","","450","","0.15","0.03","0","0","-1","-16","-1036","304","https://www.ncbi.nlm.nih.gov/pubmed/17318340"
"504","VAN07","The Netherlands","Western Europe","Europe","More developed regions","LFS","2","TP53","3044","7518302","7577577","7674259","7-exon","235","A:T>G:C","A>G","c.704A>G","g.7577577T>C","g.7674259T>C","A","G","AAC","AGC","no","no","A_C","Asn","Ser","missense","C0","Tolerated","D","0.593","-0.0342","functional","notDNE_notLOF","No","p.N235S","43616","127821","0","no","DNA binding","Buried","1992","VAN07-III-10","sister","1st degree relative","3","F","Confirmed","P","false","true","51","","","","","","165","","450","","0.15","0.03","0","0","-1","-16","-1036","304","https://www.ncbi.nlm.nih.gov/pubmed/17318340"
"504","VAN07","The Netherlands","Western Europe","Europe","More developed regions","LFS","2","TP53","3044","7518302","7577577","7674259","7-exon","235","A:T>G:C","A>G","c.704A>G","g.7577577T>C","g.7674259T>C","A","G","AAC","AGC","no","no","A_C","Asn","Ser","missense","C0","Tolerated","D","0.593","-0.0342","functional","notDNE_notLOF","No","p.N235S","43616","127821","0","no","DNA binding","Buried","1993","VAN07-III-11","sister","1st degree relative","3","F","Confirmed","P","false","true","47","","","","","","165","","450","","0.15","0.03","0","0","-1","-16","-1036","304","https://www.ncbi.nlm.nih.gov/pubmed/17318340"
"504","VAN07","The Netherlands","Western Europe","Europe","More developed regions","LFS","2","TP53","3044","7518302","7577577","7674259","7-exon","235","A:T>G:C","A>G","c.704A>G","g.7577577T>C","g.7674259T>C","A","G","AAC","AGC","no","no","A_C","Asn","Ser","missense","C0","Tolerated","D","0.593","-0.0342","functional","notDNE_notLOF","No","p.N235S","43616","127821","0","no","DNA binding","Buried","1994","VAN07-III-12","sister","1st degree relative","3","F","Confirmed","P","true","false","","2276","CONNECTIVE, SUBCUTANEOUS AND OTHER SOFT TISSUES","SOFT TISSUES","Rhabdomyosarcoma, NOS","11","165","","450","","0.15","0.03","0","0","-1","-16","-1036","304","https://www.ncbi.nlm.nih.gov/pubmed/17318340"
"504","VAN07","The Netherlands","Western Europe","Europe","More developed regions","LFS","2","TP53","3044","7518302","7577577","7674259","7-exon","235","A:T>G:C","A>G","c.704A>G","g.7577577T>C","g.7674259T>C","A","G","AAC","AGC","no","no","A_C","Asn","Ser","missense","C0","Tolerated","D","0.593","-0.0342","functional","notDNE_notLOF","No","p.N235S","43616","127821","0","no","DNA binding","Buried","1988","VAN07-III-4","proband","proband","3","M","Confirmed","P","false","false","","2271","PANCREAS","PANCREAS","Cancer, NOS","52","165","","450","","0.15","0.03","0","0","-1","-16","-1036","304","https://www.ncbi.nlm.nih.gov/pubmed/17318340"
"505","ARC07-1444","Canada","Northern America","Americas","More developed regions","LFS","3","TP53","2706","7518936","7578211","7674893","6-exon","213","G:C>A:T at CpG","G>A","c.638G>A","g.7578211C>T","g.7674893C>T","G","A","CGA","CAA","yes","no","C_A","Arg","Gln","missense","C35","Damaging","D","0.92","0.5033","non-functional","DNE_LOF","Moderate","p.R213Q","10735","135359","51","yes","DNA binding","Buried","1995","1444-II-14","mother","1st degree relative","2","F","Confirmed","NA","false","false","","2279","PANCREAS","PANCREAS","Cancer, NOS","69","166","related to family 1039 (see ref_ID 319)","451","","0","0.08","0","0.05","1379","61","443","-39","https://www.ncbi.nlm.nih.gov/pubmed/17541742"
"505","ARC07-1444","Canada","Northern America","Americas","More developed regions","LFS","3","TP53","2706","7518936","7578211","7674893","6-exon","213","G:C>A:T at CpG","G>A","c.638G>A","g.7578211C>T","g.7674893C>T","G","A","CGA","CAA","yes","no","C_A","Arg","Gln","missense","C35","Damaging","D","0.92","0.5033","non-functional","DNE_LOF","Moderate","p.R213Q","10735","135359","51","yes","DNA binding","Buried","1995","1444-II-14","mother","1st degree relative","2","F","Confirmed","NA","false","false","","2277","SKIN (excludes Skin of vulva, Skin of penis, Skin of scrotum )","SKIN","Cancer, NOS","66","166","related to family 1039 (see ref_ID 319)","451","","0","0.08","0","0.05","1379","61","443","-39","https://www.ncbi.nlm.nih.gov/pubmed/17541742"
"505","ARC07-1444","Canada","Northern America","Americas","More developed regions","LFS","3","TP53","2706","7518936","7578211","7674893","6-exon","213","G:C>A:T at CpG","G>A","c.638G>A","g.7578211C>T","g.7674893C>T","G","A","CGA","CAA","yes","no","C_A","Arg","Gln","missense","C35","Damaging","D","0.92","0.5033","non-functional","DNE_LOF","Moderate","p.R213Q","10735","135359","51","yes","DNA binding","Buried","1995","1444-II-14","mother","1st degree relative","2","F","Confirmed","NA","false","false","","2278","BREAST","BREAST","Cancer, NOS","69","166","related to family 1039 (see ref_ID 319)","451","","0","0.08","0","0.05","1379","61","443","-39","https://www.ncbi.nlm.nih.gov/pubmed/17541742"
"505","ARC07-1444","Canada","Northern America","Americas","More developed regions","LFS","3","TP53","2706","7518936","7578211","7674893","6-exon","213","G:C>A:T at CpG","G>A","c.638G>A","g.7578211C>T","g.7674893C>T","G","A","CGA","CAA","yes","no","C_A","Arg","Gln","missense","C35","Damaging","D","0.92","0.5033","non-functional","DNE_LOF","Moderate","p.R213Q","10735","135359","51","yes","DNA binding","Buried","2000","1444-III-27","proband","proband","3","F","Confirmed","M","false","false","","2286","BREAST","BREAST","Cancer, NOS","41","166","related to family 1039 (see ref_ID 319)","451","","0","0.08","0","0.05","1379","61","443","-39","https://www.ncbi.nlm.nih.gov/pubmed/17541742"
"505","ARC07-1444","Canada","Northern America","Americas","More developed regions","LFS","3","TP53","2706","7518936","7578211","7674893","6-exon","213","G:C>A:T at CpG","G>A","c.638G>A","g.7578211C>T","g.7674893C>T","G","A","CGA","CAA","yes","no","C_A","Arg","Gln","missense","C35","Damaging","D","0.92","0.5033","non-functional","DNE_LOF","Moderate","p.R213Q","10735","135359","51","yes","DNA binding","Buried","2004","1444-IV-29","nephew","2nd degree relative","4","M","Confirmed","M","false","false","","2291","BRAIN","BRAIN","Cancer, NOS","12","166","related to family 1039 (see ref_ID 319)","451","","0","0.08","0","0.05","1379","61","443","-39","https://www.ncbi.nlm.nih.gov/pubmed/17541742"
"510","TRA07-MS","Australia","Australia/New Zealand","Western Pacific","More developed regions","LFS","4","TP53","2705","7518937","7578212","7674894","6-exon","213","G:C>A:T at CpG","C>T","c.637C>T","g.7578212G>A","g.7674894G>A","C","T","CGA","TGA","yes","no","T_G","Arg","STOP","nonsense","NA","NA","NA","","","NA","notDNE_LOF","NA","p.R213*","6503267","43590","430","yes","DNA binding","Buried","2028","TRA07-III-5","mother","1st degree relative","3","F","Confirmed","NA","true","false","","2318","BREAST","BREAST","Cancer, NOS","30","168","","455","","0","0.37","0","0.47","-35","77","442","-35","https://www.ncbi.nlm.nih.gov/pubmed/16534790"
"510","TRA07-MS","Australia","Australia/New Zealand","Western Pacific","More developed regions","LFS","4","TP53","2705","7518937","7578212","7674894","6-exon","213","G:C>A:T at CpG","C>T","c.637C>T","g.7578212G>A","g.7674894G>A","C","T","CGA","TGA","yes","no","T_G","Arg","STOP","nonsense","NA","NA","NA","","","NA","notDNE_LOF","NA","p.R213*","6503267","43590","430","yes","DNA binding","Buried","2028","TRA07-III-5","mother","1st degree relative","3","F","Confirmed","NA","true","false","","2319","BREAST","BREAST","Cancer, NOS","34","168","","455","","0","0.37","0","0.47","-35","77","442","-35","https://www.ncbi.nlm.nih.gov/pubmed/16534790"
"510","TRA07-MS","Australia","Australia/New Zealand","Western Pacific","More developed regions","LFS","4","TP53","2705","7518937","7578212","7674894","6-exon","213","G:C>A:T at CpG","C>T","c.637C>T","g.7578212G>A","g.7674894G>A","C","T","CGA","TGA","yes","no","T_G","Arg","STOP","nonsense","NA","NA","NA","","","NA","notDNE_LOF","NA","p.R213*","6503267","43590","430","yes","DNA binding","Buried","2028","TRA07-III-5","mother","1st degree relative","3","F","Confirmed","NA","true","false","","2320","BRAIN","BRAIN","Astrocytoma, NOS (C71._)","36","168","","455","","0","0.37","0","0.47","-35","77","442","-35","https://www.ncbi.nlm.nih.gov/pubmed/16534790"
"510","TRA07-MS","Australia","Australia/New Zealand","Western Pacific","More developed regions","LFS","4","TP53","2705","7518937","7578212","7674894","6-exon","213","G:C>A:T at CpG","C>T","c.637C>T","g.7578212G>A","g.7674894G>A","C","T","CGA","TGA","yes","no","T_G","Arg","STOP","nonsense","NA","NA","NA","","","NA","notDNE_LOF","NA","p.R213*","6503267","43590","430","yes","DNA binding","Buried","2028","TRA07-III-5","mother","1st degree relative","3","F","Confirmed","NA","true","false","","2321","CONNECTIVE, SUBCUTANEOUS AND OTHER SOFT TISSUES","SOFT TISSUES","Spindle cell sarcoma","36","168","","455","","0","0.37","0","0.47","-35","77","442","-35","https://www.ncbi.nlm.nih.gov/pubmed/16534790"
"510","TRA07-MS","Australia","Australia/New Zealand","Western Pacific","More developed regions","LFS","4","TP53","2705","7518937","7578212","7674894","6-exon","213","G:C>A:T at CpG","C>T","c.637C>T","g.7578212G>A","g.7674894G>A","C","T","CGA","TGA","yes","no","T_G","Arg","STOP","nonsense","NA","NA","NA","","","NA","notDNE_LOF","NA","p.R213*","6503267","43590","430","yes","DNA binding","Buried","2029","TRA07-IV-1","proband","proband","4","F","Confirmed","M","false","false","","2322","CONNECTIVE, SUBCUTANEOUS AND OTHER SOFT TISSUES","SOFT TISSUES","Rhabdomyosarcoma, NOS","2","168","","455","","0","0.37","0","0.47","-35","77","442","-35","https://www.ncbi.nlm.nih.gov/pubmed/16534790"
"513","SEN07","UK","Northern Europe","Europe","More developed regions","LFS","3","TP53","475","7520261","7579536","7676218","4-exon","51","del","del1","c.151del","g.7579536del","g.7676218del","G","NA","GAA","NA","no","no","T_A","Glu","NA","FS","NA","NA","NA","","","NA","NA","NA","p.E51fs","46340","","1","no","Transactivation TAD2","NA","2044","SEN07-III-1","proband","proband","3","F","Confirmed","NA","false","false","","2338","OVARY","OVARY","Granulosa cell tumor, malignant (C56.9)","21","171","","458","","","","","","","","","","https://www.ncbi.nlm.nih.gov/pubmed/17483435"
"513","SEN07","UK","Northern Europe","Europe","More developed regions","LFS","3","TP53","475","7520261","7579536","7676218","4-exon","51","del","del1","c.151del","g.7579536del","g.7676218del","G","NA","GAA","NA","no","no","T_A","Glu","NA","FS","NA","NA","NA","","","NA","NA","NA","p.E51fs","46340","","1","no","Transactivation TAD2","NA","2044","SEN07-III-1","proband","proband","3","F","Confirmed","NA","false","false","","2339","VAGINA","VAGINA","Embryonal carcinoma, NOS","24","171","","458","","","","","","","","","","https://www.ncbi.nlm.nih.gov/pubmed/17483435"
"516","BER07","USA","Northern America","Americas","More developed regions","LFS","3","TP53","3737","7517845","7577120","7673802","8-exon","273","G:C>A:T at CpG","G>A","c.818G>A","g.7577120C>T","g.7673802C>T","G","A","CGT","CAT","yes","no","C_T","Arg","His","missense","C25","Damaging","D","0.868","0.5259","non-functional","DNE_LOF","Yes","p.R273H","10660","12366","635","yes","DNA binding","DNA binding","2061","BER07-III-3","brother","1st degree relative","3","M","Confirmed","NA","false","true","","","","","","","173","","460","","0.01","0.02","0","0","38","11","-595","5","https://www.ncbi.nlm.nih.gov/pubmed/17540308"
"516","BER07","USA","Northern America","Americas","More developed regions","LFS","3","TP53","3737","7517845","7577120","7673802","8-exon","273","G:C>A:T at CpG","G>A","c.818G>A","g.7577120C>T","g.7673802C>T","G","A","CGT","CAT","yes","no","C_T","Arg","His","missense","C25","Damaging","D","0.868","0.5259","non-functional","DNE_LOF","Yes","p.R273H","10660","12366","635","yes","DNA binding","DNA binding","2059","BER07-III-1","sister","1st degree relative","3","F","Confirmed","NA","false","false","","2356","CONNECTIVE, SUBCUTANEOUS AND OTHER SOFT TISSUES","SOFT TISSUES","Liposarcoma, NOS","26","173","","460","","0.01","0.02","0","0","38","11","-595","5","https://www.ncbi.nlm.nih.gov/pubmed/17540308"
"516","BER07","USA","Northern America","Americas","More developed regions","LFS","3","TP53","3737","7517845","7577120","7673802","8-exon","273","G:C>A:T at CpG","G>A","c.818G>A","g.7577120C>T","g.7673802C>T","G","A","CGT","CAT","yes","no","C_T","Arg","His","missense","C25","Damaging","D","0.868","0.5259","non-functional","DNE_LOF","Yes","p.R273H","10660","12366","635","yes","DNA binding","DNA binding","2060","BER07-III-2","sister","1st degree relative","3","F","Confirmed","NA","false","false","","2357","BREAST","BREAST","Cancer, NOS","33","173","","460","","0.01","0.02","0","0","38","11","-595","5","https://www.ncbi.nlm.nih.gov/pubmed/17540308"
"516","BER07","USA","Northern America","Americas","More developed regions","LFS","3","TP53","3737","7517845","7577120","7673802","8-exon","273","G:C>A:T at CpG","G>A","c.818G>A","g.7577120C>T","g.7673802C>T","G","A","CGT","CAT","yes","no","C_T","Arg","His","missense","C25","Damaging","D","0.868","0.5259","non-functional","DNE_LOF","Yes","p.R273H","10660","12366","635","yes","DNA binding","DNA binding","2062","BER07-III-4","proband","proband","3","F","Confirmed","NA","false","false","","2358","BREAST","BREAST","Comedocarcinoma, noninfiltrating (C50._)","30","173","","460","","0.01","0.02","0","0","38","11","-595","5","https://www.ncbi.nlm.nih.gov/pubmed/17540308"
"516","BER07","USA","Northern America","Americas","More developed regions","LFS","3","TP53","3737","7517845","7577120","7673802","8-exon","273","G:C>A:T at CpG","G>A","c.818G>A","g.7577120C>T","g.7673802C>T","G","A","CGT","CAT","yes","no","C_T","Arg","His","missense","C25","Damaging","D","0.868","0.5259","non-functional","DNE_LOF","Yes","p.R273H","10660","12366","635","yes","DNA binding","DNA binding","2062","BER07-III-4","proband","proband","3","F","Confirmed","NA","false","false","","2359","BRONCHUS AND LUNG","LUNG","Bronchiolo-alveolar adenocarcinoma (C34._)","34","173","","460","","0.01","0.02","0","0","38","11","-595","5","https://www.ncbi.nlm.nih.gov/pubmed/17540308"
"530","TRK07-10","Czech Republic","Eastern Europe","Europe","More developed regions","LFS","2","TP53","2458","7518988","7578263","7674945","6-exon","196","G:C>A:T at CpG","C>T","c.586C>T","g.7578263G>A","g.7674945G>A","C","T","CGA","TGA","yes","no","C_G","Arg","STOP","nonsense","NA","NA","NA","","","NA","notDNE_LOF","NA","p.R196*","10705","43589","310","yes","DNA binding","Buried","2087","TRK07-10-I-1","mother","1st degree relative","1","F","Confirmed","NA","false","false","","2382","BREAST","BREAST","Cancer, NOS","34","178","","475","","0","0.21","0","0.16","-86","9","391","-86","https://www.ncbi.nlm.nih.gov/pubmed/17567834"
"530","TRK07-10","Czech Republic","Eastern Europe","Europe","More developed regions","LFS","2","TP53","2458","7518988","7578263","7674945","6-exon","196","G:C>A:T at CpG","C>T","c.586C>T","g.7578263G>A","g.7674945G>A","C","T","CGA","TGA","yes","no","C_G","Arg","STOP","nonsense","NA","NA","NA","","","NA","notDNE_LOF","NA","p.R196*","10705","43589","310","yes","DNA binding","Buried","2087","TRK07-10-I-1","mother","1st degree relative","1","F","Confirmed","NA","false","false","","2383","BREAST","BREAST","Cancer, NOS","35","178","","475","","0","0.21","0","0.16","-86","9","391","-86","https://www.ncbi.nlm.nih.gov/pubmed/17567834"
"530","TRK07-10","Czech Republic","Eastern Europe","Europe","More developed regions","LFS","2","TP53","2458","7518988","7578263","7674945","6-exon","196","G:C>A:T at CpG","C>T","c.586C>T","g.7578263G>A","g.7674945G>A","C","T","CGA","TGA","yes","no","C_G","Arg","STOP","nonsense","NA","NA","NA","","","NA","notDNE_LOF","NA","p.R196*","10705","43589","310","yes","DNA binding","Buried","2088","TRK07-10-II-1","proband","proband","2","F","Confirmed","M","false","false","","2384","BONES, JOINTS AND ARTICULAR CARTILAGE OF OTHER AND UNSPECIFIED SITES","BONES (other)","Chondrosarcoma, NOS (C40._, C41._)","16","178","","475","","0","0.21","0","0.16","-86","9","391","-86","https://www.ncbi.nlm.nih.gov/pubmed/17567834"
"536","IZA08","Japan","Eastern Asia","Asia","More developed regions","LFS","1","TP53","2821","7518915","7578190","7674872","6-exon","220","A:T>G:C","A>G","c.659A>G","g.7578190T>C","g.7674872T>C","A","G","TAT","TGT","no","no","T_T","Tyr","Cys","missense","C65","Damaging","D","0.936","0.5625","non-functional","DNE_LOF","Moderate","p.Y220C","10758","127819","329","yes","DNA binding","Buried","2099","IZA08-I-1","proband","proband","1","F","Confirmed","de novo","true","false","37","2398","BONES, JOINTS AND ARTICULAR CARTILAGE OF LIMBS","BONES (limbs)","Osteosarcoma, NOS (C40._, C41._)","15","180","","481","","0","0.03","0.13","0.04","1","82","1","-18","https://www.ncbi.nlm.nih.gov/pubmed/18307025"
"536","IZA08","Japan","Eastern Asia","Asia","More developed regions","LFS","1","TP53","2821","7518915","7578190","7674872","6-exon","220","A:T>G:C","A>G","c.659A>G","g.7578190T>C","g.7674872T>C","A","G","TAT","TGT","no","no","T_T","Tyr","Cys","missense","C65","Damaging","D","0.936","0.5625","non-functional","DNE_LOF","Moderate","p.Y220C","10758","127819","329","yes","DNA binding","Buried","2099","IZA08-I-1","proband","proband","1","F","Confirmed","de novo","true","false","37","2399","BREAST","BREAST","Tubular adenocarcinoma","28","180","","481","","0","0.03","0.13","0.04","1","82","1","-18","https://www.ncbi.nlm.nih.gov/pubmed/18307025"
"536","IZA08","Japan","Eastern Asia","Asia","More developed regions","LFS","1","TP53","2821","7518915","7578190","7674872","6-exon","220","A:T>G:C","A>G","c.659A>G","g.7578190T>C","g.7674872T>C","A","G","TAT","TGT","no","no","T_T","Tyr","Cys","missense","C65","Damaging","D","0.936","0.5625","non-functional","DNE_LOF","Moderate","p.Y220C","10758","127819","329","yes","DNA binding","Buried","2099","IZA08-I-1","proband","proband","1","F","Confirmed","de novo","true","false","37","2400","COLON","COLON","Adenocarcinoma, NOS","29","180","","481","","0","0.03","0.13","0.04","1","82","1","-18","https://www.ncbi.nlm.nih.gov/pubmed/18307025"
"536","IZA08","Japan","Eastern Asia","Asia","More developed regions","LFS","1","TP53","2821","7518915","7578190","7674872","6-exon","220","A:T>G:C","A>G","c.659A>G","g.7578190T>C","g.7674872T>C","A","G","TAT","TGT","no","no","T_T","Tyr","Cys","missense","C65","Damaging","D","0.936","0.5625","non-functional","DNE_LOF","Moderate","p.Y220C","10758","127819","329","yes","DNA binding","Buried","2099","IZA08-I-1","proband","proband","1","F","Confirmed","de novo","true","false","37","2402","UTERUS, NOS","UTERUS","Myoma","29","180","","481","","0","0.03","0.13","0.04","1","82","1","-18","https://www.ncbi.nlm.nih.gov/pubmed/18307025"
"536","IZA08","Japan","Eastern Asia","Asia","More developed regions","LFS","1","TP53","2821","7518915","7578190","7674872","6-exon","220","A:T>G:C","A>G","c.659A>G","g.7578190T>C","g.7674872T>C","A","G","TAT","TGT","no","no","T_T","Tyr","Cys","missense","C65","Damaging","D","0.936","0.5625","non-functional","DNE_LOF","Moderate","p.Y220C","10758","127819","329","yes","DNA binding","Buried","2099","IZA08-I-1","proband","proband","1","F","Confirmed","de novo","true","false","37","2401","CONNECTIVE, SUBCUTANEOUS AND OTHER SOFT TISSUES","SOFT TISSUES","Malignant fibrous histiocytoma","32","180","","481","","0","0.03","0.13","0.04","1","82","1","-18","https://www.ncbi.nlm.nih.gov/pubmed/18307025"
"536","IZA08","Japan","Eastern Asia","Asia","More developed regions","LFS","1","TP53","2821","7518915","7578190","7674872","6-exon","220","A:T>G:C","A>G","c.659A>G","g.7578190T>C","g.7674872T>C","A","G","TAT","TGT","no","no","T_T","Tyr","Cys","missense","C65","Damaging","D","0.936","0.5625","non-functional","DNE_LOF","Moderate","p.Y220C","10758","127819","329","yes","DNA binding","Buried","2099","IZA08-I-1","proband","proband","1","F","Confirmed","de novo","true","false","37","2403","BRONCHUS AND LUNG","LUNG","Papillary adenocarcinoma, NOS","34","180","","481","","0","0.03","0.13","0.04","1","82","1","-18","https://www.ncbi.nlm.nih.gov/pubmed/18307025"
"536","IZA08","Japan","Eastern Asia","Asia","More developed regions","LFS","1","TP53","2821","7518915","7578190","7674872","6-exon","220","A:T>G:C","A>G","c.659A>G","g.7578190T>C","g.7674872T>C","A","G","TAT","TGT","no","no","T_T","Tyr","Cys","missense","C65","Damaging","D","0.936","0.5625","non-functional","DNE_LOF","Moderate","p.Y220C","10758","127819","329","yes","DNA binding","Buried","2099","IZA08-I-1","proband","proband","1","F","Confirmed","de novo","true","false","37","2404","BRONCHUS AND LUNG","LUNG","Papillary adenocarcinoma, NOS","34","180","","481","","0","0.03","0.13","0.04","1","82","1","-18","https://www.ncbi.nlm.nih.gov/pubmed/18307025"
"536","IZA08","Japan","Eastern Asia","Asia","More developed regions","LFS","1","TP53","2821","7518915","7578190","7674872","6-exon","220","A:T>G:C","A>G","c.659A>G","g.7578190T>C","g.7674872T>C","A","G","TAT","TGT","no","no","T_T","Tyr","Cys","missense","C65","Damaging","D","0.936","0.5625","non-functional","DNE_LOF","Moderate","p.Y220C","10758","127819","329","yes","DNA binding","Buried","2099","IZA08-I-1","proband","proband","1","F","Confirmed","de novo","true","false","37","2405","BREAST","BREAST","Intraductal carcinoma, noninfiltrating, NOS","35","180","","481","","0","0.03","0.13","0.04","1","82","1","-18","https://www.ncbi.nlm.nih.gov/pubmed/18307025"
"536","IZA08","Japan","Eastern Asia","Asia","More developed regions","LFS","1","TP53","2821","7518915","7578190","7674872","6-exon","220","A:T>G:C","A>G","c.659A>G","g.7578190T>C","g.7674872T>C","A","G","TAT","TGT","no","no","T_T","Tyr","Cys","missense","C65","Damaging","D","0.936","0.5625","non-functional","DNE_LOF","Moderate","p.Y220C","10758","127819","329","yes","DNA binding","Buried","2099","IZA08-I-1","proband","proband","1","F","Confirmed","de novo","true","false","37","2406","BREAST","BREAST","Paget's disease, mammary (C50._)","35","180","","481","","0","0.03","0.13","0.04","1","82","1","-18","https://www.ncbi.nlm.nih.gov/pubmed/18307025"
"536","IZA08","Japan","Eastern Asia","Asia","More developed regions","LFS","1","TP53","2821","7518915","7578190","7674872","6-exon","220","A:T>G:C","A>G","c.659A>G","g.7578190T>C","g.7674872T>C","A","G","TAT","TGT","no","no","T_T","Tyr","Cys","missense","C65","Damaging","D","0.936","0.5625","non-functional","DNE_LOF","Moderate","p.Y220C","10758","127819","329","yes","DNA binding","Buried","2099","IZA08-I-1","proband","proband","1","F","Confirmed","de novo","true","false","37","2407","CONNECTIVE, SUBCUTANEOUS AND OTHER SOFT TISSUES","SOFT TISSUES","Malignant fibrous histiocytoma","36","180","","481","","0","0.03","0.13","0.04","1","82","1","-18","https://www.ncbi.nlm.nih.gov/pubmed/18307025"
"543","VES07","Italy","Southern Europe","Europe","More developed regions","LFS","2","TP53","4066","7517783","7577058","7673740","8-exon","294","G:C>T:A","G>T","c.880G>T","g.7577058C>A","g.7673740C>A","G","T","GAG","TAG","no","no","G_A","Glu","STOP","nonsense","NA","NA","NA","","","NA","notDNE_LOF","NA","p.E294*","10856","379471","74","yes","NA","NA","2121","VES07-I-1","proband","proband","1","F","Confirmed","NA","false","false","","2430","BREAST","BREAST","Cancer, NOS","33","182","","488","","0.02","0.01","0.02","0","-401","100","-517","-39","https://www.ncbi.nlm.nih.gov/pubmed/17591842"
"543","VES07","Italy","Southern Europe","Europe","More developed regions","LFS","2","TP53","4066","7517783","7577058","7673740","8-exon","294","G:C>T:A","G>T","c.880G>T","g.7577058C>A","g.7673740C>A","G","T","GAG","TAG","no","no","G_A","Glu","STOP","nonsense","NA","NA","NA","","","NA","notDNE_LOF","NA","p.E294*","10856","379471","74","yes","NA","NA","2121","VES07-I-1","proband","proband","1","F","Confirmed","NA","false","false","","2431","BREAST","BREAST","Cancer, NOS","41","182","","488","","0.02","0.01","0.02","0","-401","100","-517","-39","https://www.ncbi.nlm.nih.gov/pubmed/17591842"
"545","ARI08-FC01","Malaysia","South Eastern Asia","Asia","Less developed regions","LFS","3","TP53","6349","7514745","7574020","7670702","10-exon","336","ins","ins6","c.1006_1007insNNNNNN","g.7574020_7574021insNNNNNN","g.7670702_7670703insNNNNNN","A","NA","GAG","NA","no","no","G_G","Glu","NA","other","NA","NA","NA","","","NA","NA","NA","p.?","","","0","no","Tetramerisation","NA","2140","ARI08-II-8","mother","1st degree relative","2","F","Confirmed","NA","false","false","","2441","BREAST","BREAST","Cancer, NOS","26","184","insGGCGTG; add info from ref-238","490","","","","","","","","","","https://www.ncbi.nlm.nih.gov/pubmed/18786442"
"545","ARI08-FC01","Malaysia","South Eastern Asia","Asia","Less developed regions","LFS","3","TP53","6349","7514745","7574020","7670702","10-exon","336","ins","ins6","c.1006_1007insNNNNNN","g.7574020_7574021insNNNNNN","g.7670702_7670703insNNNNNN","A","NA","GAG","NA","no","no","G_G","Glu","NA","other","NA","NA","NA","","","NA","NA","NA","p.?","","","0","no","Tetramerisation","NA","2476","ARI08-II-14","maternal aunt","2nd degree relative","2","F","Confirmed","NA","false","false","","2861","BONES, JOINTS AND ARTICULAR CARTILAGE OF OTHER AND UNSPECIFIED SITES","BONES (other)","Osteosarcoma, NOS (C40._, C41._)","26","184","insGGCGTG; add info from ref-238","490","","","","","","","","","","https://www.ncbi.nlm.nih.gov/pubmed/18786442"
"545","ARI08-FC01","Malaysia","South Eastern Asia","Asia","Less developed regions","LFS","3","TP53","6349","7514745","7574020","7670702","10-exon","336","ins","ins6","c.1006_1007insNNNNNN","g.7574020_7574021insNNNNNN","g.7670702_7670703insNNNNNN","A","NA","GAG","NA","no","no","G_G","Glu","NA","other","NA","NA","NA","","","NA","NA","NA","p.?","","","0","no","Tetramerisation","NA","2141","ARI08-III-1","brother","1st degree relative","3","M","Confirmed","M","false","true","3","","","","","","184","insGGCGTG; add info from ref-238","490","","","","","","","","","","https://www.ncbi.nlm.nih.gov/pubmed/18786442"
"545","ARI08-FC01","Malaysia","South Eastern Asia","Asia","Less developed regions","LFS","3","TP53","6349","7514745","7574020","7670702","10-exon","336","ins","ins6","c.1006_1007insNNNNNN","g.7574020_7574021insNNNNNN","g.7670702_7670703insNNNNNN","A","NA","GAG","NA","no","no","G_G","Glu","NA","other","NA","NA","NA","","","NA","NA","NA","p.?","","","0","no","Tetramerisation","NA","2142","ARI08-III-2","sister","1st degree relative","3","F","Confirmed","M","false","false","","2442","CONNECTIVE, SUBCUTANEOUS AND OTHER SOFT TISSUES","SOFT TISSUES","Embryonal rhabdomyosarcoma, NOS","1","184","insGGCGTG; add info from ref-238","490","","","","","","","","","","https://www.ncbi.nlm.nih.gov/pubmed/18786442"
"545","ARI08-FC01","Malaysia","South Eastern Asia","Asia","Less developed regions","LFS","3","TP53","6349","7514745","7574020","7670702","10-exon","336","ins","ins6","c.1006_1007insNNNNNN","g.7574020_7574021insNNNNNN","g.7670702_7670703insNNNNNN","A","NA","GAG","NA","no","no","G_G","Glu","NA","other","NA","NA","NA","","","NA","NA","NA","p.?","","","0","no","Tetramerisation","NA","2144","ARI08-III-5","sister","1st degree relative","3","F","Confirmed","M","false","true","2","","","","","","184","insGGCGTG; add info from ref-238","490","","","","","","","","","","https://www.ncbi.nlm.nih.gov/pubmed/18786442"
"545","ARI08-FC01","Malaysia","South Eastern Asia","Asia","Less developed regions","LFS","3","TP53","6349","7514745","7574020","7670702","10-exon","336","ins","ins6","c.1006_1007insNNNNNN","g.7574020_7574021insNNNNNN","g.7670702_7670703insNNNNNN","A","NA","GAG","NA","no","no","G_G","Glu","NA","other","NA","NA","NA","","","NA","NA","NA","p.?","","","0","no","Tetramerisation","NA","2143","ARI08-III-3","proband","proband","3","F","Confirmed","M","false","false","","2443","ADRENAL GLAND","ADRENAL GLAND","Adrenal cortical carcinoma (C74.0)","1","184","insGGCGTG; add info from ref-238","490","","","","","","","","","","https://www.ncbi.nlm.nih.gov/pubmed/18786442"
"553","LIN09","Chinese Taipei (Taiwan)","South Eastern Asia","Asia","Less developed regions","LFS","3","TP53","2821","7518915","7578190","7674872","6-exon","220","A:T>G:C","A>G","c.659A>G","g.7578190T>C","g.7674872T>C","A","G","TAT","TGT","no","no","T_T","Tyr","Cys","missense","C65","Damaging","D","0.936","0.5625","non-functional","DNE_LOF","Moderate","p.Y220C","10758","127819","329","yes","DNA binding","Buried","2174","LIN09-I-3","father","1st degree relative","1","M","Confirmed","de novo","false","false","","2480","BRONCHUS AND LUNG","LUNG","Cancer, NOS","38","188","","498","","0","0.03","0.13","0.04","1","82","1","-18","https://www.ncbi.nlm.nih.gov/pubmed/19101993"
"553","LIN09","Chinese Taipei (Taiwan)","South Eastern Asia","Asia","Less developed regions","LFS","3","TP53","2821","7518915","7578190","7674872","6-exon","220","A:T>G:C","A>G","c.659A>G","g.7578190T>C","g.7674872T>C","A","G","TAT","TGT","no","no","T_T","Tyr","Cys","missense","C65","Damaging","D","0.936","0.5625","non-functional","DNE_LOF","Moderate","p.Y220C","10758","127819","329","yes","DNA binding","Buried","2176","LIN09-II-2","sister","1st degree relative","2","F","Confirmed","P","false","false","","2482","ADRENAL GLAND","ADRENAL GLAND","Adrenal cortical carcinoma (C74.0)","5","188","","498","","0","0.03","0.13","0.04","1","82","1","-18","https://www.ncbi.nlm.nih.gov/pubmed/19101993"
"553","LIN09","Chinese Taipei (Taiwan)","South Eastern Asia","Asia","Less developed regions","LFS","3","TP53","2821","7518915","7578190","7674872","6-exon","220","A:T>G:C","A>G","c.659A>G","g.7578190T>C","g.7674872T>C","A","G","TAT","TGT","no","no","T_T","Tyr","Cys","missense","C65","Damaging","D","0.936","0.5625","non-functional","DNE_LOF","Moderate","p.Y220C","10758","127819","329","yes","DNA binding","Buried","2175","LIN09-II-1","proband","proband","2","M","Confirmed","P","true","false","5","2481","CONNECTIVE, SUBCUTANEOUS AND OTHER SOFT TISSUES","SOFT TISSUES","Sarcoma, NOS","3","188","","498","","0","0.03","0.13","0.04","1","82","1","-18","https://www.ncbi.nlm.nih.gov/pubmed/19101993"
"619","CAP09","Italy","Southern Europe","Europe","More developed regions","LFS","4","TP53","3773","7517839","7577114","7673796","8-exon","275","G:C>T:A","G>T","c.824G>T","g.7577114C>A","g.7673796C>A","G","T","TGT","TTT","no","no","T_T","Cys","Phe","missense","C65","Damaging","D","0.981","0.6004","non-functional","DNE_LOF","NA","p.C275F","10701","376582","52","yes","DNA binding","DNA binding","2200","CAP09-III-12","mother","1st degree relative","3","F","Confirmed","M","true","false","37","2514","PANCREAS","PANCREAS","Cancer, NOS","37","194","","561","","0.01","0.01","0","0","-16","17","-573","2398","https://www.ncbi.nlm.nih.gov/pubmed/18937320"
"619","CAP09","Italy","Southern Europe","Europe","More developed regions","LFS","4","TP53","3773","7517839","7577114","7673796","8-exon","275","G:C>T:A","G>T","c.824G>T","g.7577114C>A","g.7673796C>A","G","T","TGT","TTT","no","no","T_T","Cys","Phe","missense","C65","Damaging","D","0.981","0.6004","non-functional","DNE_LOF","NA","p.C275F","10701","376582","52","yes","DNA binding","DNA binding","2197","CAP09-III-1","maternal 2nd-degree-cousin","other","3","M","Confirmed","P","false","true","39","","","","","","194","","561","","0.01","0.01","0","0","-16","17","-573","2398","https://www.ncbi.nlm.nih.gov/pubmed/18937320"
"619","CAP09","Italy","Southern Europe","Europe","More developed regions","LFS","4","TP53","3773","7517839","7577114","7673796","8-exon","275","G:C>T:A","G>T","c.824G>T","g.7577114C>A","g.7673796C>A","G","T","TGT","TTT","no","no","T_T","Cys","Phe","missense","C65","Damaging","D","0.981","0.6004","non-functional","DNE_LOF","NA","p.C275F","10701","376582","52","yes","DNA binding","DNA binding","2206","CAP09-IV-14","proband","proband","4","M","Confirmed","M","true","false","14","2520","BRAIN","BRAIN","Choroid plexus carcinoma (C71.5)","1","194","","561","","0.01","0.01","0","0","-16","17","-573","2398","https://www.ncbi.nlm.nih.gov/pubmed/18937320"
"619","CAP09","Italy","Southern Europe","Europe","More developed regions","LFS","4","TP53","3773","7517839","7577114","7673796","8-exon","275","G:C>T:A","G>T","c.824G>T","g.7577114C>A","g.7673796C>A","G","T","TGT","TTT","no","no","T_T","Cys","Phe","missense","C65","Damaging","D","0.981","0.6004","non-functional","DNE_LOF","NA","p.C275F","10701","376582","52","yes","DNA binding","DNA binding","2206","CAP09-IV-14","proband","proband","4","M","Confirmed","M","true","false","14","2521","BONES, JOINTS AND ARTICULAR CARTILAGE OF OTHER AND UNSPECIFIED SITES","BONES (other)","Osteosarcoma, NOS (C40._, C41._)","7","194","","561","","0.01","0.01","0","0","-16","17","-573","2398","https://www.ncbi.nlm.nih.gov/pubmed/18937320"
"619","CAP09","Italy","Southern Europe","Europe","More developed regions","LFS","4","TP53","3773","7517839","7577114","7673796","8-exon","275","G:C>T:A","G>T","c.824G>T","g.7577114C>A","g.7673796C>A","G","T","TGT","TTT","no","no","T_T","Cys","Phe","missense","C65","Damaging","D","0.981","0.6004","non-functional","DNE_LOF","NA","p.C275F","10701","376582","52","yes","DNA binding","DNA binding","2206","CAP09-IV-14","proband","proband","4","M","Confirmed","M","true","false","14","2522","COLON","COLON","Cancer, NOS","14","194","","561","","0.01","0.01","0","0","-16","17","-573","2398","https://www.ncbi.nlm.nih.gov/pubmed/18937320"
"619","CAP09","Italy","Southern Europe","Europe","More developed regions","LFS","4","TP53","3773","7517839","7577114","7673796","8-exon","275","G:C>T:A","G>T","c.824G>T","g.7577114C>A","g.7673796C>A","G","T","TGT","TTT","no","no","T_T","Cys","Phe","missense","C65","Damaging","D","0.981","0.6004","non-functional","DNE_LOF","NA","p.C275F","10701","376582","52","yes","DNA binding","DNA binding","2201","CAP09-IV-2","maternal 2nd-degree-cousin","other","4","F","Confirmed","P","false","false","","2515","PERIPHERAL NERVES AND AUTONOMIC NERVOUS SYSTEM","NERVES","Neuroblastoma, NOS","1","194","","561","","0.01","0.01","0","0","-16","17","-573","2398","https://www.ncbi.nlm.nih.gov/pubmed/18937320"
"619","CAP09","Italy","Southern Europe","Europe","More developed regions","LFS","4","TP53","3773","7517839","7577114","7673796","8-exon","275","G:C>T:A","G>T","c.824G>T","g.7577114C>A","g.7673796C>A","G","T","TGT","TTT","no","no","T_T","Cys","Phe","missense","C65","Damaging","D","0.981","0.6004","non-functional","DNE_LOF","NA","p.C275F","10701","376582","52","yes","DNA binding","DNA binding","2202","CAP09-IV-3","maternal 2nd-degree-cousin","other","4","M","Confirmed","M","true","false","4","2516","BRAIN","BRAIN","Medulloblastoma, NOS (C71.6)","4","194","","561","","0.01","0.01","0","0","-16","17","-573","2398","https://www.ncbi.nlm.nih.gov/pubmed/18937320"
"620","JAN09-LFS3","Lithuania","Northern Europe","Europe","More developed regions","LFS","2","TP53","2501","7518978","7578253","7674935","6-exon","199","G:C>T:A","G>T","c.596G>T","g.7578253C>A","g.7674935C>A","G","T","GGA","GTA","no","no","G_A","Gly","Val","missense","C15","Damaging","D","0.899","0.5524","non-functional","DNE_LOF","NA","p.G199V","44140","451799","29","no","DNA binding","Exposed","2209","JAN09-LFS3-II-2","proband","proband","2","F","Confirmed","NA","false","false","","2525","CONNECTIVE, SUBCUTANEOUS AND OTHER SOFT TISSUES","SOFT TISSUES","Stromal sarcoma, NOS","21","195","FC0057","562","","0","0.04","0","0.01","-49","19","2","-81",""
"631","JAN09-LFS1","Lithuania","Northern Europe","Europe","More developed regions","LFS","2","TP53","3730","7517846","7577121","7673803","8-exon","273","G:C>A:T at CpG","C>T","c.817C>T","g.7577121G>A","g.7673803G>A","C","T","CGT","TGT","yes","no","G_G","Arg","Cys","missense","C65","Damaging","D","0.901","0.5537","non-functional","DNE_LOF","Yes","p.R273C","10659","43594","665","yes","DNA binding","DNA binding","2223","JAN09-LFS1-I-1","proband","proband","1","F","Confirmed","NA","false","false","","2541","BREAST","BREAST","Paget's disease and intraductal carcinoma of breast (C50._)","23","195","FC0055","575","","0.05","0","0.01","0","37","10","-596","4",""
"631","JAN09-LFS1","Lithuania","Northern Europe","Europe","More developed regions","LFS","2","TP53","3730","7517846","7577121","7673803","8-exon","273","G:C>A:T at CpG","C>T","c.817C>T","g.7577121G>A","g.7673803G>A","C","T","CGT","TGT","yes","no","G_G","Arg","Cys","missense","C65","Damaging","D","0.901","0.5537","non-functional","DNE_LOF","Yes","p.R273C","10659","43594","665","yes","DNA binding","DNA binding","2223","JAN09-LFS1-I-1","proband","proband","1","F","Confirmed","NA","false","false","","2542","BREAST","BREAST","Infiltrating duct carcinoma, NOS (C50._)","25","195","FC0055","575","","0.05","0","0.01","0","37","10","-596","4",""
"631","JAN09-LFS1","Lithuania","Northern Europe","Europe","More developed regions","LFS","2","TP53","3730","7517846","7577121","7673803","8-exon","273","G:C>A:T at CpG","C>T","c.817C>T","g.7577121G>A","g.7673803G>A","C","T","CGT","TGT","yes","no","G_G","Arg","Cys","missense","C65","Damaging","D","0.901","0.5537","non-functional","DNE_LOF","Yes","p.R273C","10659","43594","665","yes","DNA binding","DNA binding","2223","JAN09-LFS1-I-1","proband","proband","1","F","Confirmed","NA","false","false","","2543","OVARY","OVARY","Papillary serous cystadenocarcinoma (C56.9)","29","195","FC0055","575","","0.05","0","0.01","0","37","10","-596","4",""
"632","JAN09-LFS2","Lithuania","Northern Europe","Europe","More developed regions","LFS","1","TP53","3879","7517819","7577094","7673776","8-exon","282","G:C>A:T at CpG","C>T","c.844C>T","g.7577094G>A","g.7673776G>A","C","T","CGG","TGG","yes","no","C_G","Arg","Trp","missense","C65","Damaging","D","0.896","0.5418","non-functional","DNE_LOF","Moderate","p.R282W","10704","12364","502","yes","DNA binding","Buried","2226","JAN09-LFS2-I-2","brother","1st degree relative","1","M","Confirmed","NA","false","true","23","","","","","","195","FC0056","574","","0.01","0.01","0.01","0","-437","37","-553","-75",""
"632","JAN09-LFS2","Lithuania","Northern Europe","Europe","More developed regions","LFS","1","TP53","3879","7517819","7577094","7673776","8-exon","282","G:C>A:T at CpG","C>T","c.844C>T","g.7577094G>A","g.7673776G>A","C","T","CGG","TGG","yes","no","C_G","Arg","Trp","missense","C65","Damaging","D","0.896","0.5418","non-functional","DNE_LOF","Moderate","p.R282W","10704","12364","502","yes","DNA binding","Buried","2225","JAN09-LFS2-I-1","proband","proband","1","M","Confirmed","NA","false","false","","2545","BONES, JOINTS AND ARTICULAR CARTILAGE OF OTHER AND UNSPECIFIED SITES","BONES (other)","Osteosarcoma, NOS (C40._, C41._)","19","195","FC0056","574","","0.01","0.01","0.01","0","-437","37","-553","-75",""
"633","ARI09-FC0004","Malaysia","South Eastern Asia","Asia","Less developed regions","LFS","3","TP53","3216","7518276","7577551","7674233","7-exon","244","G:C>A:T","G>A","c.730G>A","g.7577551C>T","g.7674233C>T","G","A","GGC","AGC","no","no","G_G","Gly","Ser","missense","C55","Damaging","D","0.936","0.4625","non-functional","DNE_LOF","Yes","p.G244S","10941","376600","41","yes","DNA binding","Exposed","2321","FC04-III-1","proband","proband","3","F","Confirmed","NA","false","false","","2654","BONES, JOINTS AND ARTICULAR CARTILAGE OF OTHER AND UNSPECIFIED SITES","BONES (other)","Osteosarcoma, NOS (C40._, C41._)","","198","","576","<17 years old","0","0","0","0","10","721","-1026","621",""
"633","ARI09-FC0004","Malaysia","South Eastern Asia","Asia","Less developed regions","LFS","3","TP53","3216","7518276","7577551","7674233","7-exon","244","G:C>A:T","G>A","c.730G>A","g.7577551C>T","g.7674233C>T","G","A","GGC","AGC","no","no","G_G","Gly","Ser","missense","C55","Damaging","D","0.936","0.4625","non-functional","DNE_LOF","Yes","p.G244S","10941","376600","41","yes","DNA binding","Exposed","2321","FC04-III-1","proband","proband","3","F","Confirmed","NA","false","false","","2653","CONNECTIVE, SUBCUTANEOUS AND OTHER SOFT TISSUES","SOFT TISSUES","Rhabdomyosarcoma, NOS","17","198","","576","","0","0","0","0","10","721","-1026","621",""
"633","ARI09-FC0004","Malaysia","South Eastern Asia","Asia","Less developed regions","LFS","3","TP53","3216","7518276","7577551","7674233","7-exon","244","G:C>A:T","G>A","c.730G>A","g.7577551C>T","g.7674233C>T","G","A","GGC","AGC","no","no","G_G","Gly","Ser","missense","C55","Damaging","D","0.936","0.4625","non-functional","DNE_LOF","Yes","p.G244S","10941","376600","41","yes","DNA binding","Exposed","2322","FC04-III-2","twin sister","twin","3","F","Confirmed","NA","false","true","17","","","","","","198","","576","","0","0","0","0","10","721","-1026","621",""
"634","VER09-FC05","India","South Central Asia","Asia","Less developed regions","LFS","2","TP53","3730","7517846","7577121","7673803","8-exon","273","G:C>A:T at CpG","C>T","c.817C>T","g.7577121G>A","g.7673803G>A","C","T","CGT","TGT","yes","no","G_G","Arg","Cys","missense","C65","Damaging","D","0.901","0.5537","non-functional","DNE_LOF","Yes","p.R273C","10659","43594","665","yes","DNA binding","DNA binding","2323","FC05-I-1","father","1st degree relative","1","M","Confirmed","NA","false","true","","","","","","","197","","577","","0.05","0","0.01","0","37","10","-596","4",""
"634","VER09-FC05","India","South Central Asia","Asia","Less developed regions","LFS","2","TP53","3730","7517846","7577121","7673803","8-exon","273","G:C>A:T at CpG","C>T","c.817C>T","g.7577121G>A","g.7673803G>A","C","T","CGT","TGT","yes","no","G_G","Arg","Cys","missense","C65","Damaging","D","0.901","0.5537","non-functional","DNE_LOF","Yes","p.R273C","10659","43594","665","yes","DNA binding","DNA binding","2326","FC05-II-3","brother","1st degree relative","2","M","Confirmed","P","false","false","","2656","STOMACH","STOMACH","Cancer, NOS","19","197","","577","","0.05","0","0.01","0","37","10","-596","4",""
"635","VER09-FC06","India","South Central Asia","Asia","Less developed regions","LFS","2","TP53","1562","7519233","7578508","7675190","5-exon","141","G:C>A:T","G>A","c.422G>A","g.7578508C>T","g.7675190C>T","G","A","TGC","TAC","no","no","T_C","Cys","Tyr","missense","C65","Damaging","D","0.897","0.5687","non-functional","DNE_LOF","Moderate","p.C141Y","43708","140801","55","yes","DNA binding","S-glutathionylation site","2328","FC06-I-1","mother","1st degree relative","1","F","Confirmed","NA","false","false","","2657","BREAST","BREAST","Cancer, NOS","30","197","","578","","0","0","0","0","46","878","146","-336",""
"635","VER09-FC06","India","South Central Asia","Asia","Less developed regions","LFS","2","TP53","1562","7519233","7578508","7675190","5-exon","141","G:C>A:T","G>A","c.422G>A","g.7578508C>T","g.7675190C>T","G","A","TGC","TAC","no","no","T_C","Cys","Tyr","missense","C65","Damaging","D","0.897","0.5687","non-functional","DNE_LOF","Moderate","p.C141Y","43708","140801","55","yes","DNA binding","S-glutathionylation site","2331","FC06-II-1","proband","proband","2","M","Confirmed","M","false","false","","2660","BRAIN","BRAIN","Cancer, NOS","5","197","","578","","0","0","0","0","46","878","146","-336",""
"635","VER09-FC06","India","South Central Asia","Asia","Less developed regions","LFS","2","TP53","1562","7519233","7578508","7675190","5-exon","141","G:C>A:T","G>A","c.422G>A","g.7578508C>T","g.7675190C>T","G","A","TGC","TAC","no","no","T_C","Cys","Tyr","missense","C65","Damaging","D","0.897","0.5687","non-functional","DNE_LOF","Moderate","p.C141Y","43708","140801","55","yes","DNA binding","S-glutathionylation site","2331","FC06-II-1","proband","proband","2","M","Confirmed","M","false","false","","2659","CONNECTIVE, SUBCUTANEOUS AND OTHER SOFT TISSUES","SOFT TISSUES","Rhabdomyosarcoma, NOS","5","197","","578","","0","0","0","0","46","878","146","-336",""
"636","VRA09-FC08","Bosnia And Herzegovina","Southern Europe","Europe","More developed regions","LFS","3","TP53","1009","7520114","7579389","7676071","4-exon","100","G:C>A:T","C>T","c.298C>T","g.7579389G>A","g.7676071G>A","C","T","CAG","TAG","no","no","C_A","Gln","STOP","nonsense","NA","NA","NA","","","NA","notDNE_LOF","NA","p.Q100*","44032","634707","28","no","NA","NA","2343","VRA09-III-5","proband","proband","3","F","Confirmed","NA","false","false","","2669","BONES, JOINTS AND ARTICULAR CARTILAGE OF OTHER AND UNSPECIFIED SITES","BONES (other)","Chondrosarcoma, NOS (C40._, C41._)","10","199","","579","","0.02","0.01","0.05","0","-3","182","123","-77",""
"640","FIS09-630","Poland","Eastern Europe","Europe","More developed regions","LFS","4","TP53","4645","7514727","7574002","7670684","10-exon","342","G:C>C:G","G>C","c.1025G>C","g.7574002C>G","g.7670684C>G","G","C","CGA","CCA","yes","no","C_A","Arg","Pro","missense","C35","Tolerated","P","0.65","0.2486","non-functional","notDNE_LOF","NA","p.R342P","45276","215996","15","yes","Tetramerisation/NES","NA","2238","FIS09-630-IV-1","proband","proband","4","M","Confirmed","NA","false","false","","2563","CONNECTIVE, SUBCUTANEOUS AND OTHER SOFT TISSUES","SOFT TISSUES","Synovial sarcoma, biphasic","8","202","","583","","0.01","0","0","0","-994","75","-1013","166","https://www.ncbi.nlm.nih.gov/pubmed/19714490"
"640","FIS09-630","Poland","Eastern Europe","Europe","More developed regions","LFS","4","TP53","4645","7514727","7574002","7670684","10-exon","342","G:C>C:G","G>C","c.1025G>C","g.7574002C>G","g.7670684C>G","G","C","CGA","CCA","yes","no","C_A","Arg","Pro","missense","C35","Tolerated","P","0.65","0.2486","non-functional","notDNE_LOF","NA","p.R342P","45276","215996","15","yes","Tetramerisation/NES","NA","2238","FIS09-630-IV-1","proband","proband","4","M","Confirmed","NA","false","false","","2564","BONES, JOINTS AND ARTICULAR CARTILAGE OF OTHER AND UNSPECIFIED SITES","BONES (other)","Osteosarcoma, NOS (C40._, C41._)","12","202","","583","","0.01","0","0","0","-994","75","-1013","166","https://www.ncbi.nlm.nih.gov/pubmed/19714490"
"660","PIN09-1","Portugal","Southern Europe","Europe","More developed regions","LFS","2","TP53","6432","7519146","7578421","7675103","5-exon","170","del","del4","c.509_512del","g.7578418_7578421del","g.7675100_7675103del","C","NA","ACG","NA","yes","no","A_G","Thr","NA","FS","NA","NA","NA","","","NA","NA","NA","p.T170fs","","480750","0","no","DNA binding","Exposed","2288","PIN09-1-II-1","proband","proband","2","F","Confirmed","NA","false","false","","2616","BONES, JOINTS AND ARTICULAR CARTILAGE OF OTHER AND UNSPECIFIED SITES","BONES (other)","Osteosarcoma, NOS (C40._, C41._)","13","206","","590","","","","","","","","","","https://www.ncbi.nlm.nih.gov/pubmed/19468865"
"661","PIN09-2","Portugal","Southern Europe","Europe","More developed regions","LFS","","TP53","2458","7518988","7578263","7674945","6-exon","196","G:C>A:T at CpG","C>T","c.586C>T","g.7578263G>A","g.7674945G>A","C","T","CGA","TGA","yes","no","C_G","Arg","STOP","nonsense","NA","NA","NA","","","NA","notDNE_LOF","NA","p.R196*","10705","43589","310","yes","DNA binding","Buried","2292","PIN09-2-a","proband","proband","","NA","Confirmed","NA","false","false","","2620","OVARY","OVARY","Cancer, NOS","40","206","","591","","0","0.21","0","0.16","-86","9","391","-86","https://www.ncbi.nlm.nih.gov/pubmed/19468865"
"667","RIE09-1","Germany","Western Europe","Europe","More developed regions","LFS","2","TP53","3294","7518264","7577539","7674221","7-exon","248","G:C>A:T at CpG","C>T","c.742C>T","g.7577539G>A","g.7674221G>A","C","T","CGG","TGG","yes","no","C_G","Arg","Trp","missense","C65","Damaging","D","0.927","0.5336","non-functional","DNE_LOF","Yes","p.R248W","10656","12347","528","yes","DNA binding","DNA binding","2313","RIE09-1-I-1","father","1st degree relative","1","M","Confirmed","NA","false","false","","2642","BRAIN","BRAIN","Myxopapillary ependymoma (C71._)","","207","","597","","0.01","0","0.01","0","-882","-381","-998","-40","https://www.ncbi.nlm.nih.gov/pubmed/19378321"
"667","RIE09-1","Germany","Western Europe","Europe","More developed regions","LFS","2","TP53","3294","7518264","7577539","7674221","7-exon","248","G:C>A:T at CpG","C>T","c.742C>T","g.7577539G>A","g.7674221G>A","C","T","CGG","TGG","yes","no","C_G","Arg","Trp","missense","C65","Damaging","D","0.927","0.5336","non-functional","DNE_LOF","Yes","p.R248W","10656","12347","528","yes","DNA binding","DNA binding","2315","RIE09-1-II-2","brother","1st degree relative","2","M","Confirmed","NA","true","false","","2644","BRAIN","BRAIN","Choroid plexus carcinoma (C71.5)","","207","","597","","0.01","0","0.01","0","-882","-381","-998","-40","https://www.ncbi.nlm.nih.gov/pubmed/19378321"
"667","RIE09-1","Germany","Western Europe","Europe","More developed regions","LFS","2","TP53","3294","7518264","7577539","7674221","7-exon","248","G:C>A:T at CpG","C>T","c.742C>T","g.7577539G>A","g.7674221G>A","C","T","CGG","TGG","yes","no","C_G","Arg","Trp","missense","C65","Damaging","D","0.927","0.5336","non-functional","DNE_LOF","Yes","p.R248W","10656","12347","528","yes","DNA binding","DNA binding","2314","RIE09-1-II-1","proband","proband","2","F","Confirmed","P","false","false","","2643","BRAIN","BRAIN","Medulloblastoma, NOS (C71.6)","11","207","","597","","0.01","0","0.01","0","-882","-381","-998","-40","https://www.ncbi.nlm.nih.gov/pubmed/19378321"
"696","DEB10","USA","Northern America","Americas","More developed regions","LFS","2","TP53","2821","7518915","7578190","7674872","6-exon","220","A:T>G:C","A>G","c.659A>G","g.7578190T>C","g.7674872T>C","A","G","TAT","TGT","no","no","T_T","Tyr","Cys","missense","C65","Damaging","D","0.936","0.5625","non-functional","DNE_LOF","Moderate","p.Y220C","10758","127819","329","yes","DNA binding","Buried","2446","DEB10-II-1","brother","1st degree relative","2","M","Confirmed","NA","true","false","2","2806","BRAIN","BRAIN","Choroid plexus carcinoma (C71.5)","1","217","","626","","0","0.03","0.13","0.04","1","82","1","-18","https://www.ncbi.nlm.nih.gov/pubmed/20028212"
"696","DEB10","USA","Northern America","Americas","More developed regions","LFS","2","TP53","2821","7518915","7578190","7674872","6-exon","220","A:T>G:C","A>G","c.659A>G","g.7578190T>C","g.7674872T>C","A","G","TAT","TGT","no","no","T_T","Tyr","Cys","missense","C65","Damaging","D","0.936","0.5625","non-functional","DNE_LOF","Moderate","p.Y220C","10758","127819","329","yes","DNA binding","Buried","2379","DEB10-II-2","proband","proband","2","M","Confirmed","NA","false","false","","2717","CONNECTIVE, SUBCUTANEOUS AND OTHER SOFT TISSUES","SOFT TISSUES","Liposarcoma, NOS","5","217","","626","","0","0.03","0.13","0.04","1","82","1","-18","https://www.ncbi.nlm.nih.gov/pubmed/20028212"
"697","DEM10","Brazil","South America","Americas","Less developed regions","LFS","5","TP53","1628","7519218","7578493","7675175","5-exon","146","G:C>A:T","G>A","c.437G>A","g.7578493C>T","g.7675175C>T","G","A","TGG","TAG","no","no","T_G","Trp","STOP","nonsense","NA","NA","NA","","","NA","notDNE_LOF","NA","p.W146*","43609","634785","32","yes","DNA binding","Partially exposed","2431","DEM10-IV-3","proband","proband","4","F","Confirmed","NA","false","false","","2781","COLON","COLON","Adenocarcinoma, NOS","38","218","","654","","0.01","0","0.01","0.01","893","61","-321","161","https://www.ncbi.nlm.nih.gov/pubmed/20198344"
"697","DEM10","Brazil","South America","Americas","Less developed regions","LFS","5","TP53","1628","7519218","7578493","7675175","5-exon","146","G:C>A:T","G>A","c.437G>A","g.7578493C>T","g.7675175C>T","G","A","TGG","TAG","no","no","T_G","Trp","STOP","nonsense","NA","NA","NA","","","NA","notDNE_LOF","NA","p.W146*","43609","634785","32","yes","DNA binding","Partially exposed","2431","DEM10-IV-3","proband","proband","4","F","Confirmed","NA","false","false","","2782","SKIN (excludes Skin of vulva, Skin of penis, Skin of scrotum )","SKIN","Dysplastic nevus (C44._)","38","218","","654","","0.01","0","0.01","0.01","893","61","-321","161","https://www.ncbi.nlm.nih.gov/pubmed/20198344"
"697","DEM10","Brazil","South America","Americas","Less developed regions","LFS","5","TP53","1628","7519218","7578493","7675175","5-exon","146","G:C>A:T","G>A","c.437G>A","g.7578493C>T","g.7675175C>T","G","A","TGG","TAG","no","no","T_G","Trp","STOP","nonsense","NA","NA","NA","","","NA","notDNE_LOF","NA","p.W146*","43609","634785","32","yes","DNA binding","Partially exposed","2431","DEM10-IV-3","proband","proband","4","F","Confirmed","NA","false","false","","2783","OVARY","OVARY","Mucinous adenocarcinoma","39","218","","654","","0.01","0","0.01","0.01","893","61","-321","161","https://www.ncbi.nlm.nih.gov/pubmed/20198344"
"697","DEM10","Brazil","South America","Americas","Less developed regions","LFS","5","TP53","1628","7519218","7578493","7675175","5-exon","146","G:C>A:T","G>A","c.437G>A","g.7578493C>T","g.7675175C>T","G","A","TGG","TAG","no","no","T_G","Trp","STOP","nonsense","NA","NA","NA","","","NA","notDNE_LOF","NA","p.W146*","43609","634785","32","yes","DNA binding","Partially exposed","2431","DEM10-IV-3","proband","proband","4","F","Confirmed","NA","false","false","","2784","BREAST","BREAST","Ductal carcinoma in situ, solid type (C50._)","40","218","","654","","0.01","0","0.01","0.01","893","61","-321","161","https://www.ncbi.nlm.nih.gov/pubmed/20198344"
"697","DEM10","Brazil","South America","Americas","Less developed regions","LFS","5","TP53","1628","7519218","7578493","7675175","5-exon","146","G:C>A:T","G>A","c.437G>A","g.7578493C>T","g.7675175C>T","G","A","TGG","TAG","no","no","T_G","Trp","STOP","nonsense","NA","NA","NA","","","NA","notDNE_LOF","NA","p.W146*","43609","634785","32","yes","DNA binding","Partially exposed","2431","DEM10-IV-3","proband","proband","4","F","Confirmed","NA","false","false","","2785","BREAST","BREAST","Infiltrating duct carcinoma, NOS (C50._)","42","218","","654","","0.01","0","0.01","0.01","893","61","-321","161","https://www.ncbi.nlm.nih.gov/pubmed/20198344"
"697","DEM10","Brazil","South America","Americas","Less developed regions","LFS","5","TP53","1628","7519218","7578493","7675175","5-exon","146","G:C>A:T","G>A","c.437G>A","g.7578493C>T","g.7675175C>T","G","A","TGG","TAG","no","no","T_G","Trp","STOP","nonsense","NA","NA","NA","","","NA","notDNE_LOF","NA","p.W146*","43609","634785","32","yes","DNA binding","Partially exposed","2431","DEM10-IV-3","proband","proband","4","F","Confirmed","NA","false","false","","2786","PANCREAS","PANCREAS","Cancer, NOS","49","218","","654","","0.01","0","0.01","0.01","893","61","-321","161","https://www.ncbi.nlm.nih.gov/pubmed/20198344"
"698","KAR10","Turkey","Western Asia","Asia","Less developed regions","LFS","2","TP53","4586","7514742","7574017","7670699","10-exon","337","G:C>C:G","G>C","c.1010G>C","g.7574017C>G","g.7670699C>G","G","C","CGC","CCC","yes","no","C_C","Arg","Pro","missense","C25","Damaging","D","0.792","0.4073","non-functional","notDNE_LOF","NA","p.R337P","378685","177879","5","yes","Tetramerisation","Tetramerisation/Methylation site","2423","KAR10-I-6","father","1st degree relative","1","M","Confirmed","NA","false","false","","2773","UNKNOWN PRIMARY SITE","UNKNOWN SITE","Cancer, NOS","","219","","627","","0","0","0","0","-1009","60","-1028","151","https://www.ncbi.nlm.nih.gov/pubmed/20426520"
"698","KAR10","Turkey","Western Asia","Asia","Less developed regions","LFS","2","TP53","4586","7514742","7574017","7670699","10-exon","337","G:C>C:G","G>C","c.1010G>C","g.7574017C>G","g.7670699C>G","G","C","CGC","CCC","yes","no","C_C","Arg","Pro","missense","C25","Damaging","D","0.792","0.4073","non-functional","notDNE_LOF","NA","p.R337P","378685","177879","5","yes","Tetramerisation","Tetramerisation/Methylation site","2422","KAR10-I-4","paternal uncle","2nd degree relative","1","M","Confirmed","NA","false","false","","2772","LYMPH NODES","LYMPH NODES","Malignant lymphoma, NOS","","219","","627","","0","0","0","0","-1009","60","-1028","151","https://www.ncbi.nlm.nih.gov/pubmed/20426520"
"698","KAR10","Turkey","Western Asia","Asia","Less developed regions","LFS","2","TP53","4586","7514742","7574017","7670699","10-exon","337","G:C>C:G","G>C","c.1010G>C","g.7574017C>G","g.7670699C>G","G","C","CGC","CCC","yes","no","C_C","Arg","Pro","missense","C25","Damaging","D","0.792","0.4073","non-functional","notDNE_LOF","NA","p.R337P","378685","177879","5","yes","Tetramerisation","Tetramerisation/Methylation site","2380","KAR10-II-7","proband","proband","2","M","Confirmed","P","true","false","7","2719","ADRENAL GLAND","ADRENAL GLAND","Adrenal cortical carcinoma (C74.0)","6","219","","627","","0","0","0","0","-1009","60","-1028","151","https://www.ncbi.nlm.nih.gov/pubmed/20426520"
"698","KAR10","Turkey","Western Asia","Asia","Less developed regions","LFS","2","TP53","4586","7514742","7574017","7670699","10-exon","337","G:C>C:G","G>C","c.1010G>C","g.7574017C>G","g.7670699C>G","G","C","CGC","CCC","yes","no","C_C","Arg","Pro","missense","C25","Damaging","D","0.792","0.4073","non-functional","notDNE_LOF","NA","p.R337P","378685","177879","5","yes","Tetramerisation","Tetramerisation/Methylation site","2380","KAR10-II-7","proband","proband","2","M","Confirmed","P","true","false","7","2718","HEMATOPOIETIC AND RETICULOENDOTHELIAL SYSTEMS","HEMATOP. SYSTEM","Acute myeloid leukemia, NOS","6","219","","627","","0","0","0","0","-1009","60","-1028","151","https://www.ncbi.nlm.nih.gov/pubmed/20426520"
"726","WIL10-2","UK","Northern Europe","Europe","More developed regions","LFS","","TP53","343","7520300","7579575","7676257","4-exon","38","G:C>A:T","C>T","c.112C>T","g.7579575G>A","g.7676257G>A","C","T","CAA","TAA","no","no","C_A","Gln","STOP","nonsense","NA","NA","NA","","","NA","notDNE_LOF","NA","p.Q38*","46286","","8","no","Transactivation TAD1","NA","2437","WIL10-2-1","NA","NA","","F","Confirmed","NA","false","false","","2793","BREAST","BREAST","Cancer, NOS","26","224","","656","ER-PR-HER2+","0.03","0.01","0","0.07","-4","15","-1403","-63","https://www.ncbi.nlm.nih.gov/pubmed/20805372"
"739","HEY10-1","France","Western Europe","Europe","More developed regions","LFS","","TP53","1309","7520037","7579312","7675994","4-exon","125","G:C>C:G","G>C","c.375G>C","g.7579312C>G","g.7675994C>G","G","C","ACG","ACC","yes","no","C_G","Thr","Thr","splice","NA","Tolerated","NA","","","NA","notDNE_notLOF","NA","p.T125T","46152","480746","3","yes","DNA binding","Buried","2453","HEY10-1-I-1","NA","NA","","F","Confirmed","NA","false","false","","2818","BREAST","BREAST","Ductal carcinoma in situ, solid type (C50._)","27","229","","669","","0.01","0.1","0.24","0.87","-1040","74","-48","0","https://www.ncbi.nlm.nih.gov/pubmed/21059199"
"740","HEY10-2","France","Western Europe","Europe","More developed regions","LFS","","TP53","3879","7517819","7577094","7673776","8-exon","282","G:C>A:T at CpG","C>T","c.844C>T","g.7577094G>A","g.7673776G>A","C","T","CGG","TGG","yes","no","C_G","Arg","Trp","missense","C65","Damaging","D","0.896","0.5418","non-functional","DNE_LOF","Moderate","p.R282W","10704","12364","502","yes","DNA binding","Buried","2454","HEY10-2-I-1","NA","NA","","F","Confirmed","NA","false","false","","2819","BREAST","BREAST","Infiltrating duct carcinoma, NOS (C50._)","32","229","","670","ER+PR+HER2-","0.01","0.01","0.01","0","-437","37","-553","-75","https://www.ncbi.nlm.nih.gov/pubmed/21059199"
"746","HEY10-8","France","Western Europe","Europe","More developed regions","LFS","2","TP53","5149","7518335","7577610","7674292","6-intron","0","A:T>G:C","A>G","c.673-2A>G","g.7577610T>C","g.7674292T>C","A","G","NA","NA","no","consensus SA","T_G","NA","NA","splice","NA","NA","NA","","","NA","NA","NA","p.?","6908","458555","36","no","NA","NA","2460","HEY10-8-I-1","NA","NA","1","F","Confirmed","NA","false","false","","2833","BONES, JOINTS AND ARTICULAR CARTILAGE OF OTHER AND UNSPECIFIED SITES","BONES (other)","Leiomyosarcoma, NOS","","229","","676","","","","","","","","","","https://www.ncbi.nlm.nih.gov/pubmed/21059199"
"746","HEY10-8","France","Western Europe","Europe","More developed regions","LFS","2","TP53","5149","7518335","7577610","7674292","6-intron","0","A:T>G:C","A>G","c.673-2A>G","g.7577610T>C","g.7674292T>C","A","G","NA","NA","no","consensus SA","T_G","NA","NA","splice","NA","NA","NA","","","NA","NA","NA","p.?","6908","458555","36","no","NA","NA","2460","HEY10-8-I-1","NA","NA","1","F","Confirmed","NA","false","false","","2832","CONNECTIVE, SUBCUTANEOUS AND OTHER SOFT TISSUES","SOFT TISSUES","Malignant fibrous histiocytoma","","229","","676","","","","","","","","","","https://www.ncbi.nlm.nih.gov/pubmed/21059199"
"746","HEY10-8","France","Western Europe","Europe","More developed regions","LFS","2","TP53","5149","7518335","7577610","7674292","6-intron","0","A:T>G:C","A>G","c.673-2A>G","g.7577610T>C","g.7674292T>C","A","G","NA","NA","no","consensus SA","T_G","NA","NA","splice","NA","NA","NA","","","NA","NA","NA","p.?","6908","458555","36","no","NA","NA","2460","HEY10-8-I-1","NA","NA","1","F","Confirmed","NA","false","false","","2831","BREAST","BREAST","Infiltrating duct carcinoma, NOS (C50._)","","229","","676","","","","","","","","","","https://www.ncbi.nlm.nih.gov/pubmed/21059199"
"746","HEY10-8","France","Western Europe","Europe","More developed regions","LFS","2","TP53","5149","7518335","7577610","7674292","6-intron","0","A:T>G:C","A>G","c.673-2A>G","g.7577610T>C","g.7674292T>C","A","G","NA","NA","no","consensus SA","T_G","NA","NA","splice","NA","NA","NA","","","NA","NA","NA","p.?","6908","458555","36","no","NA","NA","2460","HEY10-8-I-1","NA","NA","1","F","Confirmed","NA","false","false","","2830","BREAST","BREAST","Ductal carcinoma in situ, solid type (C50._)","39","229","","676","","","","","","","","","","https://www.ncbi.nlm.nih.gov/pubmed/21059199"
"751","KAS12-1","Germany","Western Europe","Europe","More developed regions","LFS","2","TP53","3879","7517819","7577094","7673776","8-exon","282","G:C>A:T at CpG","C>T","c.844C>T","g.7577094G>A","g.7673776G>A","C","T","CGG","TGG","yes","no","C_G","Arg","Trp","missense","C65","Damaging","D","0.896","0.5418","non-functional","DNE_LOF","Moderate","p.R282W","10704","12364","502","yes","DNA binding","Buried","2466","KAS12-1-I-1","proband","proband","1","F","Confirmed","de novo","false","false","","2841","OTHER AND ILL-DEFINED SITES","OTHER SITES","Fibrosarcoma, NOS","40","234","","681","","0.01","0.01","0.01","0","-437","37","-553","-75","https://www.ncbi.nlm.nih.gov/pubmed/22672556"
"751","KAS12-1","Germany","Western Europe","Europe","More developed regions","LFS","2","TP53","3879","7517819","7577094","7673776","8-exon","282","G:C>A:T at CpG","C>T","c.844C>T","g.7577094G>A","g.7673776G>A","C","T","CGG","TGG","yes","no","C_G","Arg","Trp","missense","C65","Damaging","D","0.896","0.5418","non-functional","DNE_LOF","Moderate","p.R282W","10704","12364","502","yes","DNA binding","Buried","2466","KAS12-1-I-1","proband","proband","1","F","Confirmed","de novo","false","false","","2842","BREAST","BREAST","Infiltrating duct carcinoma, NOS (C50._)","40","234","","681","ER+PR+HER2+","0.01","0.01","0.01","0","-437","37","-553","-75","https://www.ncbi.nlm.nih.gov/pubmed/22672556"
"751","KAS12-1","Germany","Western Europe","Europe","More developed regions","LFS","2","TP53","3879","7517819","7577094","7673776","8-exon","282","G:C>A:T at CpG","C>T","c.844C>T","g.7577094G>A","g.7673776G>A","C","T","CGG","TGG","yes","no","C_G","Arg","Trp","missense","C65","Damaging","D","0.896","0.5418","non-functional","DNE_LOF","Moderate","p.R282W","10704","12364","502","yes","DNA binding","Buried","2466","KAS12-1-I-1","proband","proband","1","F","Confirmed","de novo","false","false","","2843","BREAST","BREAST","Infiltrating duct carcinoma, NOS (C50._)","40","234","","681","ER+PR+HER2+","0.01","0.01","0.01","0","-437","37","-553","-75","https://www.ncbi.nlm.nih.gov/pubmed/22672556"
"752","SUG11-1","Japan","Eastern Asia","Asia","More developed regions","LFS","1","TP53","3737","7517845","7577120","7673802","8-exon","273","G:C>A:T at CpG","G>A","c.818G>A","g.7577120C>T","g.7673802C>T","G","A","CGT","CAT","yes","no","C_T","Arg","His","missense","C25","Damaging","D","0.868","0.5259","non-functional","DNE_LOF","Yes","p.R273H","10660","12366","635","yes","DNA binding","DNA binding","2467","SUG11-1-I-1","NA","NA","","NA","Confirmed","NA","false","false","","2844","CONNECTIVE, SUBCUTANEOUS AND OTHER SOFT TISSUES","SOFT TISSUES","Rhabdomyosarcoma, NOS","2","235","","682","","0.01","0.02","0","0","38","11","-595","5","https://www.ncbi.nlm.nih.gov/pubmed/21484931"
"752","SUG11-1","Japan","Eastern Asia","Asia","More developed regions","LFS","1","TP53","3737","7517845","7577120","7673802","8-exon","273","G:C>A:T at CpG","G>A","c.818G>A","g.7577120C>T","g.7673802C>T","G","A","CGT","CAT","yes","no","C_T","Arg","His","missense","C25","Damaging","D","0.868","0.5259","non-functional","DNE_LOF","Yes","p.R273H","10660","12366","635","yes","DNA binding","DNA binding","2467","SUG11-1-I-1","NA","NA","","NA","Confirmed","NA","false","false","","2845","CONNECTIVE, SUBCUTANEOUS AND OTHER SOFT TISSUES","SOFT TISSUES","Rhabdomyosarcoma, NOS","21","235","","682","","0.01","0.02","0","0","38","11","-595","5","https://www.ncbi.nlm.nih.gov/pubmed/21484931"
"770","AUR12-1","Spain","Southern Europe","Europe","More developed regions","LFS","3","TP53","4226","7517747","7577022","7673704","8-exon","306","G:C>A:T at CpG","C>T","c.916C>T","g.7577022G>A","g.7673704G>A","C","T","CGA","TGA","yes","no","G_G","Arg","STOP","nonsense","NA","NA","NA","","","NA","notDNE_LOF","NA","p.R306*","10663","142144","243","yes","NA","NA","2511","AUR12-1-II-4","mother","1st degree relative","2","F","Confirmed","P","true","false","36","2894","BREAST","BREAST","Cancer, NOS","32","243","","700","","0.01","0","0.01","0","-365","-128","2","-3","https://www.ncbi.nlm.nih.gov/pubmed/22551548"
"770","AUR12-1","Spain","Southern Europe","Europe","More developed regions","LFS","3","TP53","4226","7517747","7577022","7673704","8-exon","306","G:C>A:T at CpG","C>T","c.916C>T","g.7577022G>A","g.7673704G>A","C","T","CGA","TGA","yes","no","G_G","Arg","STOP","nonsense","NA","NA","NA","","","NA","notDNE_LOF","NA","p.R306*","10663","142144","243","yes","NA","NA","2509","AUR12-1-II-2","maternal aunt","2nd degree relative","2","F","Confirmed","P","true","false","41","2892","BREAST","BREAST","Cancer, NOS","38","243","","700","","0.01","0","0.01","0","-365","-128","2","-3","https://www.ncbi.nlm.nih.gov/pubmed/22551548"
"770","AUR12-1","Spain","Southern Europe","Europe","More developed regions","LFS","3","TP53","4226","7517747","7577022","7673704","8-exon","306","G:C>A:T at CpG","C>T","c.916C>T","g.7577022G>A","g.7673704G>A","C","T","CGA","TGA","yes","no","G_G","Arg","STOP","nonsense","NA","NA","NA","","","NA","notDNE_LOF","NA","p.R306*","10663","142144","243","yes","NA","NA","2510","AUR12-1-II-3","maternal uncle","2nd degree relative","2","M","Confirmed","P","true","false","41","2893","CONNECTIVE, SUBCUTANEOUS AND OTHER SOFT TISSUES","SOFT TISSUES","Sarcoma, NOS","40","243","","700","","0.01","0","0.01","0","-365","-128","2","-3","https://www.ncbi.nlm.nih.gov/pubmed/22551548"
"770","AUR12-1","Spain","Southern Europe","Europe","More developed regions","LFS","3","TP53","4226","7517747","7577022","7673704","8-exon","306","G:C>A:T at CpG","C>T","c.916C>T","g.7577022G>A","g.7673704G>A","C","T","CGA","TGA","yes","no","G_G","Arg","STOP","nonsense","NA","NA","NA","","","NA","notDNE_LOF","NA","p.R306*","10663","142144","243","yes","NA","NA","2512","AUR12-1-III-1","proband","proband","3","F","Confirmed","M","false","false","","2895","CONNECTIVE, SUBCUTANEOUS AND OTHER SOFT TISSUES","SOFT TISSUES","Embryonal rhabdomyosarcoma, NOS","2","243","","700","","0.01","0","0.01","0","-365","-128","2","-3","https://www.ncbi.nlm.nih.gov/pubmed/22551548"
"770","AUR12-1","Spain","Southern Europe","Europe","More developed regions","LFS","3","TP53","4226","7517747","7577022","7673704","8-exon","306","G:C>A:T at CpG","C>T","c.916C>T","g.7577022G>A","g.7673704G>A","C","T","CGA","TGA","yes","no","G_G","Arg","STOP","nonsense","NA","NA","NA","","","NA","notDNE_LOF","NA","p.R306*","10663","142144","243","yes","NA","NA","2513","AUR12-1-III-2","maternal first-cousin","3rd degree relative","3","F","Confirmed","P","true","false","7","2896","BRAIN","BRAIN","Glioblastoma, NOS (C71._)","6","243","","700","","0.01","0","0.01","0","-365","-128","2","-3","https://www.ncbi.nlm.nih.gov/pubmed/22551548"
"771","KIM10-1","Korea","Eastern Asia","Asia","Less developed regions","LFS","2","TP53","3730","7517846","7577121","7673803","8-exon","273","G:C>A:T at CpG","C>T","c.817C>T","g.7577121G>A","g.7673803G>A","C","T","CGT","TGT","yes","no","G_G","Arg","Cys","missense","C65","Damaging","D","0.901","0.5537","non-functional","DNE_LOF","Yes","p.R273C","10659","43594","665","yes","DNA binding","DNA binding","2514","KIM10-1-I-1","proband","proband","1","F","Confirmed","de novo","false","false","","2897","BREAST","BREAST","Carcinoma, NOS","27","244","","701","","0.05","0","0.01","0","37","10","-596","4","https://www.ncbi.nlm.nih.gov/pubmed/20443677"
"771","KIM10-1","Korea","Eastern Asia","Asia","Less developed regions","LFS","2","TP53","3730","7517846","7577121","7673803","8-exon","273","G:C>A:T at CpG","C>T","c.817C>T","g.7577121G>A","g.7673803G>A","C","T","CGT","TGT","yes","no","G_G","Arg","Cys","missense","C65","Damaging","D","0.901","0.5537","non-functional","DNE_LOF","Yes","p.R273C","10659","43594","665","yes","DNA binding","DNA binding","2514","KIM10-1-I-1","proband","proband","1","F","Confirmed","de novo","false","false","","2898","THYROID GLAND","THYROID","Neoplasm, NOS","28","244","","701","","0.05","0","0.01","0","37","10","-596","4","https://www.ncbi.nlm.nih.gov/pubmed/20443677"
"771","KIM10-1","Korea","Eastern Asia","Asia","Less developed regions","LFS","2","TP53","3730","7517846","7577121","7673803","8-exon","273","G:C>A:T at CpG","C>T","c.817C>T","g.7577121G>A","g.7673803G>A","C","T","CGT","TGT","yes","no","G_G","Arg","Cys","missense","C65","Damaging","D","0.901","0.5537","non-functional","DNE_LOF","Yes","p.R273C","10659","43594","665","yes","DNA binding","DNA binding","2514","KIM10-1-I-1","proband","proband","1","F","Confirmed","de novo","false","false","","2899","BRAIN","BRAIN","Glioblastoma, NOS (C71._)","29","244","","701","","0.05","0","0.01","0","37","10","-596","4","https://www.ncbi.nlm.nih.gov/pubmed/20443677"
"771","KIM10-1","Korea","Eastern Asia","Asia","Less developed regions","LFS","2","TP53","3730","7517846","7577121","7673803","8-exon","273","G:C>A:T at CpG","C>T","c.817C>T","g.7577121G>A","g.7673803G>A","C","T","CGT","TGT","yes","no","G_G","Arg","Cys","missense","C65","Damaging","D","0.901","0.5537","non-functional","DNE_LOF","Yes","p.R273C","10659","43594","665","yes","DNA binding","DNA binding","2514","KIM10-1-I-1","proband","proband","1","F","Confirmed","de novo","false","false","","2900","HEMATOPOIETIC AND RETICULOENDOTHELIAL SYSTEMS","HEMATOP. SYSTEM","Acute leukemia, NOS","29","244","","701","therapy-related","0.05","0","0.01","0","37","10","-596","4","https://www.ncbi.nlm.nih.gov/pubmed/20443677"
"772","NCI-5889","USA","Northern America","Americas","More developed regions","LFS","3","TP53","2408","7518997","7578272","7674954","6-exon","193","G:C>A:T","C>T","c.577C>T","g.7578272G>A","g.7674954G>A","C","T","CAT","TAT","no","no","G_A","His","Tyr","missense","C65","Damaging","D","0.887","0.5671","non-functional","DNE_LOF","NA","p.H193Y","10672","230256","58","yes","DNA binding","Buried","2515","5889-III-1","proband","proband","3","F","Confirmed","M","false","false","","2901","BREAST","BREAST","Cancer, NOS","28","254","","702","","0","0.09","0","0.04","-68","0","382","-100",""
"777","NCI-5636","USA","Northern America","Americas","More developed regions","LFS","4","TP53","2363","7519005","7578280","7674962","6-exon","190","G:C>A:T","C>T","c.569C>T","g.7578280G>A","g.7674962G>A","C","T","CCT","CTT","no","no","C_T","Pro","Leu","missense","C65","Damaging","D","0.824","0.2956","partially functional","DNE_LOF","NA","p.P190L","43657","418517","35","yes","DNA binding","Partially exposed","2537","5636-IV-1","daughter","1st degree relative","1","F","Confirmed","M","false","true","7","","","","","","254","","707","","0.06","0","0","0","-8","-1623","374","-108",""
"777","NCI-5636","USA","Northern America","Americas","More developed regions","LFS","4","TP53","2363","7519005","7578280","7674962","6-exon","190","G:C>A:T","C>T","c.569C>T","g.7578280G>A","g.7674962G>A","C","T","CCT","CTT","no","no","C_T","Pro","Leu","missense","C65","Damaging","D","0.824","0.2956","partially functional","DNE_LOF","NA","p.P190L","43657","418517","35","yes","DNA binding","Partially exposed","2538","5636-IV-2","daughter","1st degree relative","1","F","Confirmed","M","false","true","5","","","","","","254","","707","","0.06","0","0","0","-8","-1623","374","-108",""
"777","NCI-5636","USA","Northern America","Americas","More developed regions","LFS","4","TP53","2363","7519005","7578280","7674962","6-exon","190","G:C>A:T","C>T","c.569C>T","g.7578280G>A","g.7674962G>A","C","T","CCT","CTT","no","no","C_T","Pro","Leu","missense","C65","Damaging","D","0.824","0.2956","partially functional","DNE_LOF","NA","p.P190L","43657","418517","35","yes","DNA binding","Partially exposed","2534","5636-II-3","father","1st degree relative","2","M","Confirmed","M","true","false","32","2933","BRAIN","BRAIN","Cancer, NOS","32","254","","707","","0.06","0","0","0","-8","-1623","374","-108",""
"777","NCI-5636","USA","Northern America","Americas","More developed regions","LFS","4","TP53","2363","7519005","7578280","7674962","6-exon","190","G:C>A:T","C>T","c.569C>T","g.7578280G>A","g.7674962G>A","C","T","CCT","CTT","no","no","C_T","Pro","Leu","missense","C65","Damaging","D","0.824","0.2956","partially functional","DNE_LOF","NA","p.P190L","43657","418517","35","yes","DNA binding","Partially exposed","2533","5636-III-4","proband","proband","3","F","Confirmed","P","false","false","","2931","CONNECTIVE, SUBCUTANEOUS AND OTHER SOFT TISSUES","SOFT TISSUES","Sarcoma, NOS","17","254","","707","","0.06","0","0","0","-8","-1623","374","-108",""
"777","NCI-5636","USA","Northern America","Americas","More developed regions","LFS","4","TP53","2363","7519005","7578280","7674962","6-exon","190","G:C>A:T","C>T","c.569C>T","g.7578280G>A","g.7674962G>A","C","T","CCT","CTT","no","no","C_T","Pro","Leu","missense","C65","Damaging","D","0.824","0.2956","partially functional","DNE_LOF","NA","p.P190L","43657","418517","35","yes","DNA binding","Partially exposed","2533","5636-III-4","proband","proband","3","F","Confirmed","P","false","false","","2932","BRAIN","BRAIN","Cancer, NOS","23","254","","707","","0.06","0","0","0","-8","-1623","374","-108",""
"779","MIT13-92","Australia","Australia/New Zealand","Western Pacific","More developed regions","LFS","5","TP53","1133","7520083","7579358","7676040","4-exon","110","G:C>C:G","G>C","c.329G>C","g.7579358C>G","g.7676040C>G","G","C","CGT","CCT","yes","no","C_T","Arg","Pro","missense","C15","Damaging","D","0.593","0.3823","non-functional","DNE_LOF","NA","p.R110P","11250","233627","26","yes","DNA binding","Partially exposed","2542","MIT13-92-IV-1","proband","proband","4","M","Confirmed","NA","false","false","","2939","CONNECTIVE, SUBCUTANEOUS AND OTHER SOFT TISSUES","SOFT TISSUES","Malignant fibrous histiocytoma","37","255","","709","","0","0.04","0.08","0.01","-1086","28","154","-30","https://www.ncbi.nlm.nih.gov/pubmed/23894400"
"780","MIT13-153","Australia","Australia/New Zealand","Western Pacific","More developed regions","LFS","4","TP53","6765","7520566","7579841","7676523","2-exon","24","del","del1","c.72del","g.7579841del","g.7676523del","A","NA","AAA","NA","no","no","A_C","Lys","NA","FS","NA","NA","NA","","","NA","NA","NA","p.K24fs","6927060","","0","no","Transactivation TAD1/NES","NA","2549","MIT13-153-III-2","proband","proband","3","M","Confirmed","NA","true","false","33","2947","CONNECTIVE, SUBCUTANEOUS AND OTHER SOFT TISSUES","SOFT TISSUES","Rhabdomyosarcoma, NOS","33","255","","710","","","","","","","","","","https://www.ncbi.nlm.nih.gov/pubmed/23894400"
"788","MIT13-572","Australia","Australia/New Zealand","Western Pacific","More developed regions","LFS","4","TP53","2458","7518988","7578263","7674945","6-exon","196","G:C>A:T at CpG","C>T","c.586C>T","g.7578263G>A","g.7674945G>A","C","T","CGA","TGA","yes","no","C_G","Arg","STOP","nonsense","NA","NA","NA","","","NA","notDNE_LOF","NA","p.R196*","10705","43589","310","yes","DNA binding","Buried","2570","MIT13-572-IV-2","sister","1st degree relative","4","F","Confirmed","NA","false","true","21","","","","","","255","","718","","0","0.21","0","0.16","-86","9","391","-86","https://www.ncbi.nlm.nih.gov/pubmed/23894400"
"788","MIT13-572","Australia","Australia/New Zealand","Western Pacific","More developed regions","LFS","4","TP53","2458","7518988","7578263","7674945","6-exon","196","G:C>A:T at CpG","C>T","c.586C>T","g.7578263G>A","g.7674945G>A","C","T","CGA","TGA","yes","no","C_G","Arg","STOP","nonsense","NA","NA","NA","","","NA","notDNE_LOF","NA","p.R196*","10705","43589","310","yes","DNA binding","Buried","2569","MIT13-572-IV-1","proband","proband","4","M","Confirmed","NA","false","false","","2972","CONNECTIVE, SUBCUTANEOUS AND OTHER SOFT TISSUES","SOFT TISSUES","Sarcoma, NOS","20","255","","718","","0","0.21","0","0.16","-86","9","391","-86","https://www.ncbi.nlm.nih.gov/pubmed/23894400"
"790","MIT13-628","Australia","Australia/New Zealand","Western Pacific","More developed regions","LFS","5","TP53","5727","7519095","7578370","7675052","5-intron","0","G:C>T:A","G>T","c.559+1G>T","g.7578370C>A","g.7675052C>A","G","T","NA","NA","no","consensus SD","G_T","NA","NA","splice","NA","NA","NA","","","NA","NA","NA","p.?","44268","","35","no","NA","NA","2584","MIT13-628-IV-1","proband","proband","4","M","Confirmed","NA","true","false","44","2986","TESTIS","TESTIS","Cancer, NOS","24","255","","720","","","","","","","","","","https://www.ncbi.nlm.nih.gov/pubmed/23894400"
"790","MIT13-628","Australia","Australia/New Zealand","Western Pacific","More developed regions","LFS","5","TP53","5727","7519095","7578370","7675052","5-intron","0","G:C>T:A","G>T","c.559+1G>T","g.7578370C>A","g.7675052C>A","G","T","NA","NA","no","consensus SD","G_T","NA","NA","splice","NA","NA","NA","","","NA","NA","NA","p.?","44268","","35","no","NA","NA","2584","MIT13-628-IV-1","proband","proband","4","M","Confirmed","NA","true","false","44","2987","CONNECTIVE, SUBCUTANEOUS AND OTHER SOFT TISSUES","SOFT TISSUES","Sarcoma, NOS","25","255","","720","","","","","","","","","","https://www.ncbi.nlm.nih.gov/pubmed/23894400"
"790","MIT13-628","Australia","Australia/New Zealand","Western Pacific","More developed regions","LFS","5","TP53","5727","7519095","7578370","7675052","5-intron","0","G:C>T:A","G>T","c.559+1G>T","g.7578370C>A","g.7675052C>A","G","T","NA","NA","no","consensus SD","G_T","NA","NA","splice","NA","NA","NA","","","NA","NA","NA","p.?","44268","","35","no","NA","NA","2584","MIT13-628-IV-1","proband","proband","4","M","Confirmed","NA","true","false","44","2989","SKIN (excludes Skin of vulva, Skin of penis, Skin of scrotum )","SKIN","Cancer, NOS","38","255","","720","","","","","","","","","","https://www.ncbi.nlm.nih.gov/pubmed/23894400"
"790","MIT13-628","Australia","Australia/New Zealand","Western Pacific","More developed regions","LFS","5","TP53","5727","7519095","7578370","7675052","5-intron","0","G:C>T:A","G>T","c.559+1G>T","g.7578370C>A","g.7675052C>A","G","T","NA","NA","no","consensus SD","G_T","NA","NA","splice","NA","NA","NA","","","NA","NA","NA","p.?","44268","","35","no","NA","NA","2584","MIT13-628-IV-1","proband","proband","4","M","Confirmed","NA","true","false","44","2988","CONNECTIVE, SUBCUTANEOUS AND OTHER SOFT TISSUES","SOFT TISSUES","Sarcoma, NOS","39","255","","720","","","","","","","","","","https://www.ncbi.nlm.nih.gov/pubmed/23894400"
"790","MIT13-628","Australia","Australia/New Zealand","Western Pacific","More developed regions","LFS","5","TP53","5727","7519095","7578370","7675052","5-intron","0","G:C>T:A","G>T","c.559+1G>T","g.7578370C>A","g.7675052C>A","G","T","NA","NA","no","consensus SD","G_T","NA","NA","splice","NA","NA","NA","","","NA","NA","NA","p.?","44268","","35","no","NA","NA","2582","MIT13-628-V-2","daughter","1st degree relative","5","F","Confirmed","P","true","false","14","2984","CONNECTIVE, SUBCUTANEOUS AND OTHER SOFT TISSUES","SOFT TISSUES","Sarcoma, NOS","13","255","","720","","","","","","","","","","https://www.ncbi.nlm.nih.gov/pubmed/23894400"
"793","MIT13-781","Australia","Australia/New Zealand","Western Pacific","More developed regions","LFS","4","TP53","4226","7517747","7577022","7673704","8-exon","306","G:C>A:T at CpG","C>T","c.916C>T","g.7577022G>A","g.7673704G>A","C","T","CGA","TGA","yes","no","G_G","Arg","STOP","nonsense","NA","NA","NA","","","NA","notDNE_LOF","NA","p.R306*","10663","142144","243","yes","NA","NA","2611","MIT13-781-II-3","proband","proband","2","M","Confirmed","NA","true","false","53","3008","CONNECTIVE, SUBCUTANEOUS AND OTHER SOFT TISSUES","SOFT TISSUES","Sarcoma, NOS","50","255","","723","","0.01","0","0.01","0","-365","-128","2","-3","https://www.ncbi.nlm.nih.gov/pubmed/23894400"
"793","MIT13-781","Australia","Australia/New Zealand","Western Pacific","More developed regions","LFS","4","TP53","4226","7517747","7577022","7673704","8-exon","306","G:C>A:T at CpG","C>T","c.916C>T","g.7577022G>A","g.7673704G>A","C","T","CGA","TGA","yes","no","G_G","Arg","STOP","nonsense","NA","NA","NA","","","NA","notDNE_LOF","NA","p.R306*","10663","142144","243","yes","NA","NA","2611","MIT13-781-II-3","proband","proband","2","M","Confirmed","NA","true","false","53","3009","LYMPH NODES","LYMPH NODES","Malignant lymphoma, NOS","51","255","","723","","0.01","0","0.01","0","-365","-128","2","-3","https://www.ncbi.nlm.nih.gov/pubmed/23894400"
"793","MIT13-781","Australia","Australia/New Zealand","Western Pacific","More developed regions","LFS","4","TP53","4226","7517747","7577022","7673704","8-exon","306","G:C>A:T at CpG","C>T","c.916C>T","g.7577022G>A","g.7673704G>A","C","T","CGA","TGA","yes","no","G_G","Arg","STOP","nonsense","NA","NA","NA","","","NA","notDNE_LOF","NA","p.R306*","10663","142144","243","yes","NA","NA","2611","MIT13-781-II-3","proband","proband","2","M","Confirmed","NA","true","false","53","3010","SKIN (excludes Skin of vulva, Skin of penis, Skin of scrotum )","SKIN","Malignant melanoma, NOS","53","255","","723","","0.01","0","0.01","0","-365","-128","2","-3","https://www.ncbi.nlm.nih.gov/pubmed/23894400"
"793","MIT13-781","Australia","Australia/New Zealand","Western Pacific","More developed regions","LFS","4","TP53","4226","7517747","7577022","7673704","8-exon","306","G:C>A:T at CpG","C>T","c.916C>T","g.7577022G>A","g.7673704G>A","C","T","CGA","TGA","yes","no","G_G","Arg","STOP","nonsense","NA","NA","NA","","","NA","notDNE_LOF","NA","p.R306*","10663","142144","243","yes","NA","NA","2608","MIT13-781-III-4","son","1st degree relative","3","M","Confirmed","P","false","false","","3004","SKIN (excludes Skin of vulva, Skin of penis, Skin of scrotum )","SKIN","Cancer, NOS","41","255","","723","","0.01","0","0.01","0","-365","-128","2","-3","https://www.ncbi.nlm.nih.gov/pubmed/23894400"
"856","SAX10-1","India","South Central Asia","Asia","Less developed regions","LFS","2","TP53","1794","7519191","7578466","7675148","5-exon","155","G:C>A:T","C>T","c.464C>T","g.7578466G>A","g.7675148G>A","C","T","ACC","ATC","no","no","A_C","Thr","Ile","missense","C0","Damaging","D","0.597","0.1755","non-functional","DNE_LOF","No","p.T155I","44033","","8","yes","DNA binding","Phosphorylation site","2735","SAX10-1-I-1","proband","proband","1","F","Confirmed","NA","false","true","","","","","","","273","","786","","0","0","0","0","88","-194","188","-294","https://www.ncbi.nlm.nih.gov/pubmed/21488255"
"860","VIL11-5","Northern America, NOS","Northern America","Americas","More developed regions","LFS","","TP53","3297","7518263","7577538","7674220","7-exon","248","G:C>A:T at CpG","G>A","c.743G>A","g.7577538C>T","g.7674220C>T","G","A","CGG","CAG","yes","no","C_G","Arg","Gln","missense","C35","Damaging","D","0.934","0.4738","non-functional","DNE_LOF","Yes","p.R248Q","10662","12356","651","yes","DNA binding","DNA binding","2742","VIL11-5-1","NA","NA","","F","Confirmed","NA","true","false","3","3186","BRAIN","BRAIN","Medulloblastoma, NOS (C71.6)","3","274","","789","","0","0","0","0","-881","23","-997","-39","https://www.ncbi.nlm.nih.gov/pubmed/21601526"
"860","VIL11-5","Northern America, NOS","Northern America","Americas","More developed regions","LFS","","TP53","3297","7518263","7577538","7674220","7-exon","248","G:C>A:T at CpG","G>A","c.743G>A","g.7577538C>T","g.7674220C>T","G","A","CGG","CAG","yes","no","C_G","Arg","Gln","missense","C35","Damaging","D","0.934","0.4738","non-functional","DNE_LOF","Yes","p.R248Q","10662","12356","651","yes","DNA binding","DNA binding","2743","VIL11-5-2","NA","NA","","M","Confirmed","NA","true","false","18","3187","BONES, JOINTS AND ARTICULAR CARTILAGE OF OTHER AND UNSPECIFIED SITES","BONES (other)","Osteosarcoma, NOS (C40._, C41._)","15","274","","789","","0","0","0","0","-881","23","-997","-39","https://www.ncbi.nlm.nih.gov/pubmed/21601526"
"860","VIL11-5","Northern America, NOS","Northern America","Americas","More developed regions","LFS","","TP53","3297","7518263","7577538","7674220","7-exon","248","G:C>A:T at CpG","G>A","c.743G>A","g.7577538C>T","g.7674220C>T","G","A","CGG","CAG","yes","no","C_G","Arg","Gln","missense","C35","Damaging","D","0.934","0.4738","non-functional","DNE_LOF","Yes","p.R248Q","10662","12356","651","yes","DNA binding","DNA binding","2744","VIL11-5-3","NA","NA","","M","Confirmed","NA","true","false","7","3189","PERIPHERAL NERVES AND AUTONOMIC NERVOUS SYSTEM","NERVES","Neuroblastoma, NOS","2","274","","789","","0","0","0","0","-881","23","-997","-39","https://www.ncbi.nlm.nih.gov/pubmed/21601526"
"862","VIL11-8","Northern America, NOS","Northern America","Americas","More developed regions","LFS","","TP53","3294","7518264","7577539","7674221","7-exon","248","G:C>A:T at CpG","C>T","c.742C>T","g.7577539G>A","g.7674221G>A","C","T","CGG","TGG","yes","no","C_G","Arg","Trp","missense","C65","Damaging","D","0.927","0.5336","non-functional","DNE_LOF","Yes","p.R248W","10656","12347","528","yes","DNA binding","DNA binding","2747","VIL11-8-1","NA","NA","","M","Confirmed","NA","true","false","43","3196","BRAIN","BRAIN","Cancer, NOS","42","274","","791","","0.01","0","0.01","0","-882","-381","-998","-40","https://www.ncbi.nlm.nih.gov/pubmed/21601526"
"862","VIL11-8","Northern America, NOS","Northern America","Americas","More developed regions","LFS","","TP53","3294","7518264","7577539","7674221","7-exon","248","G:C>A:T at CpG","C>T","c.742C>T","g.7577539G>A","g.7674221G>A","C","T","CGG","TGG","yes","no","C_G","Arg","Trp","missense","C65","Damaging","D","0.927","0.5336","non-functional","DNE_LOF","Yes","p.R248W","10656","12347","528","yes","DNA binding","DNA binding","2748","VIL11-8-2","NA","NA","","M","Confirmed","NA","false","false","","3197","MENINGES","MENINGES","Meningioma, malignant","47","274","","791","","0.01","0","0.01","0","-882","-381","-998","-40","https://www.ncbi.nlm.nih.gov/pubmed/21601526"
"862","VIL11-8","Northern America, NOS","Northern America","Americas","More developed regions","LFS","","TP53","3294","7518264","7577539","7674221","7-exon","248","G:C>A:T at CpG","C>T","c.742C>T","g.7577539G>A","g.7674221G>A","C","T","CGG","TGG","yes","no","C_G","Arg","Trp","missense","C65","Damaging","D","0.927","0.5336","non-functional","DNE_LOF","Yes","p.R248W","10656","12347","528","yes","DNA binding","DNA binding","2748","VIL11-8-2","NA","NA","","M","Confirmed","NA","false","false","","3198","BRONCHUS AND LUNG","LUNG","Cancer, NOS","48","274","","791","","0.01","0","0.01","0","-882","-381","-998","-40","https://www.ncbi.nlm.nih.gov/pubmed/21601526"
"862","VIL11-8","Northern America, NOS","Northern America","Americas","More developed regions","LFS","","TP53","3294","7518264","7577539","7674221","7-exon","248","G:C>A:T at CpG","C>T","c.742C>T","g.7577539G>A","g.7674221G>A","C","T","CGG","TGG","yes","no","C_G","Arg","Trp","missense","C65","Damaging","D","0.927","0.5336","non-functional","DNE_LOF","Yes","p.R248W","10656","12347","528","yes","DNA binding","DNA binding","2749","VIL11-8-3","NA","NA","","M","Confirmed","NA","true","false","39","3199","UNKNOWN PRIMARY SITE","UNKNOWN SITE","Sarcoma, NOS","15","274","","791","","0.01","0","0.01","0","-882","-381","-998","-40","https://www.ncbi.nlm.nih.gov/pubmed/21601526"
"862","VIL11-8","Northern America, NOS","Northern America","Americas","More developed regions","LFS","","TP53","3294","7518264","7577539","7674221","7-exon","248","G:C>A:T at CpG","C>T","c.742C>T","g.7577539G>A","g.7674221G>A","C","T","CGG","TGG","yes","no","C_G","Arg","Trp","missense","C65","Damaging","D","0.927","0.5336","non-functional","DNE_LOF","Yes","p.R248W","10656","12347","528","yes","DNA binding","DNA binding","2749","VIL11-8-3","NA","NA","","M","Confirmed","NA","true","false","39","3200","UNKNOWN PRIMARY SITE","UNKNOWN SITE","Sarcoma, NOS","31","274","","791","","0.01","0","0.01","0","-882","-381","-998","-40","https://www.ncbi.nlm.nih.gov/pubmed/21601526"
"862","VIL11-8","Northern America, NOS","Northern America","Americas","More developed regions","LFS","","TP53","3294","7518264","7577539","7674221","7-exon","248","G:C>A:T at CpG","C>T","c.742C>T","g.7577539G>A","g.7674221G>A","C","T","CGG","TGG","yes","no","C_G","Arg","Trp","missense","C65","Damaging","D","0.927","0.5336","non-functional","DNE_LOF","Yes","p.R248W","10656","12347","528","yes","DNA binding","DNA binding","2750","VIL11-8-4","NA","NA","","F","Confirmed","NA","true","false","30","3201","BREAST","BREAST","Cancer, NOS","27","274","","791","","0.01","0","0.01","0","-882","-381","-998","-40","https://www.ncbi.nlm.nih.gov/pubmed/21601526"
"862","VIL11-8","Northern America, NOS","Northern America","Americas","More developed regions","LFS","","TP53","3294","7518264","7577539","7674221","7-exon","248","G:C>A:T at CpG","C>T","c.742C>T","g.7577539G>A","g.7674221G>A","C","T","CGG","TGG","yes","no","C_G","Arg","Trp","missense","C65","Damaging","D","0.927","0.5336","non-functional","DNE_LOF","Yes","p.R248W","10656","12347","528","yes","DNA binding","DNA binding","2751","VIL11-8-5","NA","NA","","F","Confirmed","NA","false","false","","3202","ADRENAL GLAND","ADRENAL GLAND","Adrenal cortical carcinoma (C74.0)","1","274","","791","","0.01","0","0.01","0","-882","-381","-998","-40","https://www.ncbi.nlm.nih.gov/pubmed/21601526"
"862","VIL11-8","Northern America, NOS","Northern America","Americas","More developed regions","LFS","","TP53","3294","7518264","7577539","7674221","7-exon","248","G:C>A:T at CpG","C>T","c.742C>T","g.7577539G>A","g.7674221G>A","C","T","CGG","TGG","yes","no","C_G","Arg","Trp","missense","C65","Damaging","D","0.927","0.5336","non-functional","DNE_LOF","Yes","p.R248W","10656","12347","528","yes","DNA binding","DNA binding","2751","VIL11-8-5","NA","NA","","F","Confirmed","NA","false","false","","3203","BRAIN","BRAIN","Choroid plexus carcinoma (C71.5)","28","274","","791","","0.01","0","0.01","0","-882","-381","-998","-40","https://www.ncbi.nlm.nih.gov/pubmed/21601526"
"862","VIL11-8","Northern America, NOS","Northern America","Americas","More developed regions","LFS","","TP53","3294","7518264","7577539","7674221","7-exon","248","G:C>A:T at CpG","C>T","c.742C>T","g.7577539G>A","g.7674221G>A","C","T","CGG","TGG","yes","no","C_G","Arg","Trp","missense","C65","Damaging","D","0.927","0.5336","non-functional","DNE_LOF","Yes","p.R248W","10656","12347","528","yes","DNA binding","DNA binding","2752","VIL11-8-6","NA","NA","","F","Confirmed","NA","true","false","23","3204","BRAIN","BRAIN","Astrocytoma, anaplastic (C71._)","21","274","","791","","0.01","0","0.01","0","-882","-381","-998","-40","https://www.ncbi.nlm.nih.gov/pubmed/21601526"
"862","VIL11-8","Northern America, NOS","Northern America","Americas","More developed regions","LFS","","TP53","3294","7518264","7577539","7674221","7-exon","248","G:C>A:T at CpG","C>T","c.742C>T","g.7577539G>A","g.7674221G>A","C","T","CGG","TGG","yes","no","C_G","Arg","Trp","missense","C65","Damaging","D","0.927","0.5336","non-functional","DNE_LOF","Yes","p.R248W","10656","12347","528","yes","DNA binding","DNA binding","2752","VIL11-8-6","NA","NA","","F","Confirmed","NA","true","false","23","3205","BREAST","BREAST","Cancer, NOS","23","274","","791","","0.01","0","0.01","0","-882","-381","-998","-40","https://www.ncbi.nlm.nih.gov/pubmed/21601526"
"862","VIL11-8","Northern America, NOS","Northern America","Americas","More developed regions","LFS","","TP53","3294","7518264","7577539","7674221","7-exon","248","G:C>A:T at CpG","C>T","c.742C>T","g.7577539G>A","g.7674221G>A","C","T","CGG","TGG","yes","no","C_G","Arg","Trp","missense","C65","Damaging","D","0.927","0.5336","non-functional","DNE_LOF","Yes","p.R248W","10656","12347","528","yes","DNA binding","DNA binding","2753","VIL11-8-7","NA","NA","","F","Confirmed","NA","true","false","9","3206","BRAIN","BRAIN","Medulloblastoma, NOS (C71.6)","6","274","","791","","0.01","0","0.01","0","-882","-381","-998","-40","https://www.ncbi.nlm.nih.gov/pubmed/21601526"
"862","VIL11-8","Northern America, NOS","Northern America","Americas","More developed regions","LFS","","TP53","3294","7518264","7577539","7674221","7-exon","248","G:C>A:T at CpG","C>T","c.742C>T","g.7577539G>A","g.7674221G>A","C","T","CGG","TGG","yes","no","C_G","Arg","Trp","missense","C65","Damaging","D","0.927","0.5336","non-functional","DNE_LOF","Yes","p.R248W","10656","12347","528","yes","DNA binding","DNA binding","2754","VIL11-8-8","NA","NA","","M","Confirmed","NA","true","false","2","3207","BRAIN","BRAIN","Cancer, NOS","1","274","","791","","0.01","0","0.01","0","-882","-381","-998","-40","https://www.ncbi.nlm.nih.gov/pubmed/21601526"
"862","VIL11-8","Northern America, NOS","Northern America","Americas","More developed regions","LFS","","TP53","3294","7518264","7577539","7674221","7-exon","248","G:C>A:T at CpG","C>T","c.742C>T","g.7577539G>A","g.7674221G>A","C","T","CGG","TGG","yes","no","C_G","Arg","Trp","missense","C65","Damaging","D","0.927","0.5336","non-functional","DNE_LOF","Yes","p.R248W","10656","12347","528","yes","DNA binding","DNA binding","2755","VIL11-8-9","NA","NA","","M","Confirmed","NA","false","false","","3208","BRAIN","BRAIN","Glioma, malignant (C71._)","24","274","","791","","0.01","0","0.01","0","-882","-381","-998","-40","https://www.ncbi.nlm.nih.gov/pubmed/21601526"
"862","VIL11-8","Northern America, NOS","Northern America","Americas","More developed regions","LFS","","TP53","3294","7518264","7577539","7674221","7-exon","248","G:C>A:T at CpG","C>T","c.742C>T","g.7577539G>A","g.7674221G>A","C","T","CGG","TGG","yes","no","C_G","Arg","Trp","missense","C65","Damaging","D","0.927","0.5336","non-functional","DNE_LOF","Yes","p.R248W","10656","12347","528","yes","DNA binding","DNA binding","2756","VIL11-8-10","NA","NA","","F","Confirmed","NA","false","false","","3209","BRAIN","BRAIN","Glioma, malignant (C71._)","11","274","","791","","0.01","0","0.01","0","-882","-381","-998","-40","https://www.ncbi.nlm.nih.gov/pubmed/21601526"
"880","WOZ11-1","UK","Northern Europe","Europe","More developed regions","LFS","2","TP53","2202","7519123","7578398","7675080","5-exon","178","G:C>C:G","C>G","c.532C>G","g.7578398G>C","g.7675080G>C","C","G","CAC","GAC","no","no","C_A","His","Asp","missense","C65","Damaging","D","0.892","0.4249","non-functional","DNE_LOF","NA","p.H178D","44901","482223","11","yes","DNA binding","Exposed","2784","WOZ11-1-1","proband","proband","1","M","Confirmed","de novo","false","false","","3233","CONNECTIVE, SUBCUTANEOUS AND OTHER SOFT TISSUES","SOFT TISSUES","Rhabdomyosarcoma, NOS","2","278","","812","","0","0","0","0.01","-126","988","256","-226","https://www.ncbi.nlm.nih.gov/pubmed/21345075"
"880","WOZ11-1","UK","Northern Europe","Europe","More developed regions","LFS","2","TP53","2202","7519123","7578398","7675080","5-exon","178","G:C>C:G","C>G","c.532C>G","g.7578398G>C","g.7675080G>C","C","G","CAC","GAC","no","no","C_A","His","Asp","missense","C65","Damaging","D","0.892","0.4249","non-functional","DNE_LOF","NA","p.H178D","44901","482223","11","yes","DNA binding","Exposed","2784","WOZ11-1-1","proband","proband","1","M","Confirmed","de novo","false","false","","3234","BONES, JOINTS AND ARTICULAR CARTILAGE OF OTHER AND UNSPECIFIED SITES","BONES (other)","Osteosarcoma, NOS (C40._, C41._)","7","278","","812","","0","0","0","0.01","-126","988","256","-226","https://www.ncbi.nlm.nih.gov/pubmed/21345075"
"925","JIA14-1","USA","Northern America","Americas","More developed regions","LFS","3","TP53","3236","7518273","7577548","7674230","7-exon","245","G:C>A:T at CpG","G>A","c.733G>A","g.7577548C>T","g.7674230C>T","G","A","GGC","AGC","yes","no","C_G","Gly","Ser","missense","C55","Damaging","D","0.947","0.5536","non-functional","DNE_LOF","Yes","p.G245S","6932","12365","288","yes","DNA binding","Buried","2824","JIA14-1-II-1","proband","proband","2","F","Confirmed","M","false","false","","3288","BREAST","BREAST","Infiltrating duct carcinoma, NOS (C50._)","44","294","","857","","0","0","0","0","724","13","624","1106","https://www.ncbi.nlm.nih.gov/pubmed/24835218"
"925","JIA14-1","USA","Northern America","Americas","More developed regions","LFS","3","TP53","3236","7518273","7577548","7674230","7-exon","245","G:C>A:T at CpG","G>A","c.733G>A","g.7577548C>T","g.7674230C>T","G","A","GGC","AGC","yes","no","C_G","Gly","Ser","missense","C55","Damaging","D","0.947","0.5536","non-functional","DNE_LOF","Yes","p.G245S","6932","12365","288","yes","DNA binding","Buried","2824","JIA14-1-II-1","proband","proband","2","F","Confirmed","M","false","false","","3287","BRONCHUS AND LUNG","LUNG","Adenocarcinoma, NOS","46","294","","857","","0","0","0","0","724","13","624","1106","https://www.ncbi.nlm.nih.gov/pubmed/24835218"
"925","JIA14-1","USA","Northern America","Americas","More developed regions","LFS","3","TP53","3236","7518273","7577548","7674230","7-exon","245","G:C>A:T at CpG","G>A","c.733G>A","g.7577548C>T","g.7674230C>T","G","A","GGC","AGC","yes","no","C_G","Gly","Ser","missense","C55","Damaging","D","0.947","0.5536","non-functional","DNE_LOF","Yes","p.G245S","6932","12365","288","yes","DNA binding","Buried","2824","JIA14-1-II-1","proband","proband","2","F","Confirmed","M","false","false","","3289","PERIPHERAL NERVES AND AUTONOMIC NERVOUS SYSTEM","NERVES","Neurilemoma, malignant","46","294","","857","","0","0","0","0","724","13","624","1106","https://www.ncbi.nlm.nih.gov/pubmed/24835218"
"953","LEC14-1","Belgium","Western Europe","Europe","More developed regions","LFS","2","TP53","3297","7518263","7577538","7674220","7-exon","248","G:C>A:T at CpG","G>A","c.743G>A","g.7577538C>T","g.7674220C>T","G","A","CGG","CAG","yes","no","C_G","Arg","Gln","missense","C35","Damaging","D","0.934","0.4738","non-functional","DNE_LOF","Yes","p.R248Q","10662","12356","651","yes","DNA binding","DNA binding","2880","LEC14-1-II-2","proband","proband","2","M","Confirmed","NA","false","false","","3361","BRAIN","BRAIN","Astrocytoma, anaplastic (C71._)","31","307","","884","","0","0","0","0","-881","23","-997","-39","https://www.ncbi.nlm.nih.gov/pubmed/24636404"
"1014","YAN15-65","China","Eastern Asia","Asia","Less developed regions","LFS","1","TP53","6828","7520091","7579366","7676048","4-exon","107","ins","ins1","c.320_321insN","g.7579366_7579367insN","g.7676048_7676049insN","C","NA","TAC","NA","yes","no","A_G","Tyr","NA","FS","NA","NA","NA","","","NA","NA","NA","p.Y107fs","","","0","yes","DNA binding","NA","2972","YAN15-65-1","proband","proband","","F","Confirmed","NA","false","false","","3431","BREAST","BREAST","Cancer, NOS","30","315","","947","","","","","","","","","","https://www.ncbi.nlm.nih.gov/pubmed/25927356"
"1023","KAP15-1","Austria","Western Europe","Europe","More developed regions","LFS","6","TP53","4645","7514727","7574002","7670684","10-exon","342","G:C>C:G","G>C","c.1025G>C","g.7574002C>G","g.7670684C>G","G","C","CGA","CCA","yes","no","C_A","Arg","Pro","missense","C35","Tolerated","P","0.65","0.2486","non-functional","notDNE_LOF","NA","p.R342P","45276","215996","15","yes","Tetramerisation/NES","NA","2985","KAP15-1-III-3","father","1st degree relative","3","M","Confirmed","M","true","false","50","3449","STOMACH","STOMACH","Cancer, NOS","50","317","","956","","0.01","0","0","0","-994","75","-1013","166","https://www.ncbi.nlm.nih.gov/pubmed/25981898"
"1023","KAP15-1","Austria","Western Europe","Europe","More developed regions","LFS","6","TP53","4645","7514727","7574002","7670684","10-exon","342","G:C>C:G","G>C","c.1025G>C","g.7574002C>G","g.7670684C>G","G","C","CGA","CCA","yes","no","C_A","Arg","Pro","missense","C35","Tolerated","P","0.65","0.2486","non-functional","notDNE_LOF","NA","p.R342P","45276","215996","15","yes","Tetramerisation/NES","NA","2988","KAP15-1-IV-4","brother","1st degree relative","4","M","Confirmed","P","false","false","","3452","BONES, JOINTS AND ARTICULAR CARTILAGE OF OTHER AND UNSPECIFIED SITES","BONES (other)","Osteosarcoma, NOS (C40._, C41._)","23","317","","956","","0.01","0","0","0","-994","75","-1013","166","https://www.ncbi.nlm.nih.gov/pubmed/25981898"
"1023","KAP15-1","Austria","Western Europe","Europe","More developed regions","LFS","6","TP53","4645","7514727","7574002","7670684","10-exon","342","G:C>C:G","G>C","c.1025G>C","g.7574002C>G","g.7670684C>G","G","C","CGA","CCA","yes","no","C_A","Arg","Pro","missense","C35","Tolerated","P","0.65","0.2486","non-functional","notDNE_LOF","NA","p.R342P","45276","215996","15","yes","Tetramerisation/NES","NA","2988","KAP15-1-IV-4","brother","1st degree relative","4","M","Confirmed","P","false","false","","3453","RECTUM","RECTUM","Cancer, NOS","44","317","","956","","0.01","0","0","0","-994","75","-1013","166","https://www.ncbi.nlm.nih.gov/pubmed/25981898"
"1023","KAP15-1","Austria","Western Europe","Europe","More developed regions","LFS","6","TP53","4645","7514727","7574002","7670684","10-exon","342","G:C>C:G","G>C","c.1025G>C","g.7574002C>G","g.7670684C>G","G","C","CGA","CCA","yes","no","C_A","Arg","Pro","missense","C35","Tolerated","P","0.65","0.2486","non-functional","notDNE_LOF","NA","p.R342P","45276","215996","15","yes","Tetramerisation/NES","NA","2988","KAP15-1-IV-4","brother","1st degree relative","4","M","Confirmed","P","false","false","","3454","ESOPHAGUS","ESOPHAGUS","Cancer, NOS","45","317","","956","","0.01","0","0","0","-994","75","-1013","166","https://www.ncbi.nlm.nih.gov/pubmed/25981898"
"1023","KAP15-1","Austria","Western Europe","Europe","More developed regions","LFS","6","TP53","4645","7514727","7574002","7670684","10-exon","342","G:C>C:G","G>C","c.1025G>C","g.7574002C>G","g.7670684C>G","G","C","CGA","CCA","yes","no","C_A","Arg","Pro","missense","C35","Tolerated","P","0.65","0.2486","non-functional","notDNE_LOF","NA","p.R342P","45276","215996","15","yes","Tetramerisation/NES","NA","2989","KAP15-1-IV-5","proband","proband","4","F","Confirmed","P","false","false","","3455","BONES, JOINTS AND ARTICULAR CARTILAGE OF OTHER AND UNSPECIFIED SITES","BONES (other)","Osteosarcoma, NOS (C40._, C41._)","5","317","","956","","0.01","0","0","0","-994","75","-1013","166","https://www.ncbi.nlm.nih.gov/pubmed/25981898"
"1023","KAP15-1","Austria","Western Europe","Europe","More developed regions","LFS","6","TP53","4645","7514727","7574002","7670684","10-exon","342","G:C>C:G","G>C","c.1025G>C","g.7574002C>G","g.7670684C>G","G","C","CGA","CCA","yes","no","C_A","Arg","Pro","missense","C35","Tolerated","P","0.65","0.2486","non-functional","notDNE_LOF","NA","p.R342P","45276","215996","15","yes","Tetramerisation/NES","NA","2989","KAP15-1-IV-5","proband","proband","4","F","Confirmed","P","false","false","","3456","BREAST","BREAST","Cancer, NOS","23","317","","956","","0.01","0","0","0","-994","75","-1013","166","https://www.ncbi.nlm.nih.gov/pubmed/25981898"
"1027","ARC15-F1582","Canada","Northern America","Americas","More developed regions","LFS","1","TP53","3216","7518276","7577551","7674233","7-exon","244","G:C>A:T","G>A","c.730G>A","g.7577551C>T","g.7674233C>T","G","A","GGC","AGC","no","no","G_G","Gly","Ser","missense","C55","Damaging","D","0.936","0.4625","non-functional","DNE_LOF","Yes","p.G244S","10941","376600","41","yes","DNA binding","Exposed","2993","ARC15-F1582-1","proband","proband","","F","Confirmed","NA","false","false","","3463","BREAST","BREAST","Cancer, NOS","29","319","","960","","0","0","0","0","10","721","-1026","621","https://www.ncbi.nlm.nih.gov/pubmed/25925845"
"1028","ARC15-F1580","Canada","Northern America","Americas","More developed regions","LFS","1","TP53","3294","7518264","7577539","7674221","7-exon","248","G:C>A:T at CpG","C>T","c.742C>T","g.7577539G>A","g.7674221G>A","C","T","CGG","TGG","yes","no","C_G","Arg","Trp","missense","C65","Damaging","D","0.927","0.5336","non-functional","DNE_LOF","Yes","p.R248W","10656","12347","528","yes","DNA binding","DNA binding","2994","ARC15-F1580-1","proband","proband","","F","Confirmed","NA","false","false","","3464","BRAIN","BRAIN","Cancer, NOS","45","319","","961","","0.01","0","0.01","0","-882","-381","-998","-40","https://www.ncbi.nlm.nih.gov/pubmed/25925845"
"1029","ARC15-F1583","Canada","Northern America","Americas","More developed regions","LFS","1","TP53","3879","7517819","7577094","7673776","8-exon","282","G:C>A:T at CpG","C>T","c.844C>T","g.7577094G>A","g.7673776G>A","C","T","CGG","TGG","yes","no","C_G","Arg","Trp","missense","C65","Damaging","D","0.896","0.5418","non-functional","DNE_LOF","Moderate","p.R282W","10704","12364","502","yes","DNA binding","Buried","2995","ARC15-F1583-1","proband","proband","","F","Confirmed","NA","false","false","","3465","CONNECTIVE, SUBCUTANEOUS AND OTHER SOFT TISSUES","SOFT TISSUES","Liposarcoma, NOS","21","319","","962","","0.01","0.01","0.01","0","-437","37","-553","-75","https://www.ncbi.nlm.nih.gov/pubmed/25925845"
"1032","PAT15-2","France","Western Europe","Europe","More developed regions","LFS","2","TP53","3424","7518245","7577520","7674202","7-exon","254","A:T>G:C","T>C","c.761T>C","g.7577520A>G","g.7674202A>G","T","C","ATC","ACC","no","no","A_C","Ile","Thr","missense","C65","Damaging","D","0.954","0.5982","non-functional","DNE_LOF","NA","p.I254T","44058","","5","yes","DNA binding","Buried","3001","PAT15-2-I-1","father","1st degree relative","1","M","Confirmed","NA","false","true","","","","","","","320","","965","","0","0","0","0","752","41","-979","-21","https://www.ncbi.nlm.nih.gov/pubmed/25612911"
"1032","PAT15-2","France","Western Europe","Europe","More developed regions","LFS","2","TP53","3424","7518245","7577520","7674202","7-exon","254","A:T>G:C","T>C","c.761T>C","g.7577520A>G","g.7674202A>G","T","C","ATC","ACC","no","no","A_C","Ile","Thr","missense","C65","Damaging","D","0.954","0.5982","non-functional","DNE_LOF","NA","p.I254T","44058","","5","yes","DNA binding","Buried","3002","PAT15-2-II-1","proband","proband","2","F","Confirmed","P","false","false","","3473","BREAST","BREAST","Cancer, NOS","36","320","","965","","0","0","0","0","752","41","-979","-21","https://www.ncbi.nlm.nih.gov/pubmed/25612911"
"1082","AKO16","Iran","Western Asia","Asia","Less developed regions","LFS","4","TP53/PTEN","3865","7517820","7577095","7673777","8-exon","281","G:C>T:A","C>A","c.843C>A","g.7577095G>T","g.7673777G>T","C","A","GAC","GAA","no","no","A_C","Asp","Glu","missense","C35","Damaging","D","0.909","0.5464","non-functional","notDNE_LOF","Yes","p.D281E","43906","406568","13","yes","DNA binding","Buried","3059","AKO16-1","proband","proband","3","M","Confirmed","NA","false","false","43","3534","BONES, JOINTS AND ARTICULAR CARTILAGE OF OTHER AND UNSPECIFIED SITES","BONES (other)","Osteosarcoma, NOS (C40._, C41._)","43","322","","1018","","0.01","0","0","0","36","-188","-554","2417","https://www.ncbi.nlm.nih.gov/pubmed/27493922"
"1086","AND17-12","Brazil","South America","Americas","Less developed regions","LFS","4","TP53","2821","7518915","7578190","7674872","6-exon","220","A:T>G:C","A>G","c.659A>G","g.7578190T>C","g.7674872T>C","A","G","TAT","TGT","no","no","T_T","Tyr","Cys","missense","C65","Damaging","D","0.936","0.5625","non-functional","DNE_LOF","Moderate","p.Y220C","10758","127819","329","yes","DNA binding","Buried","3079","AND17-12-IV-1","proband","proband","4","M","Confirmed","NA","false","false","","3554","CONNECTIVE, SUBCUTANEOUS AND OTHER SOFT TISSUES","SOFT TISSUES","Rhabdomyosarcoma, NOS","2","323","","1022","","0","0.03","0.13","0.04","1","82","1","-18","https://www.ncbi.nlm.nih.gov/pubmed/27714481"
"1086","AND17-12","Brazil","South America","Americas","Less developed regions","LFS","4","TP53","2821","7518915","7578190","7674872","6-exon","220","A:T>G:C","A>G","c.659A>G","g.7578190T>C","g.7674872T>C","A","G","TAT","TGT","no","no","T_T","Tyr","Cys","missense","C65","Damaging","D","0.936","0.5625","non-functional","DNE_LOF","Moderate","p.Y220C","10758","127819","329","yes","DNA binding","Buried","3079","AND17-12-IV-1","proband","proband","4","M","Confirmed","NA","false","false","","3555","CONNECTIVE, SUBCUTANEOUS AND OTHER SOFT TISSUES","SOFT TISSUES","Neurofibroma, NOS","9","323","","1022","","0","0.03","0.13","0.04","1","82","1","-18","https://www.ncbi.nlm.nih.gov/pubmed/27714481"
"1089","AND17-35","Brazil","South America","Americas","Less developed regions","LFS","2","TP53","4584","7514743","7574018","7670700","10-exon","337","G:C>A:T at CpG","C>T","c.1009C>T","g.7574018G>A","g.7670700G>A","C","T","CGC","TGC","yes","no","G_G","Arg","Cys","missense","C45","Damaging","B","0.715","0.3165","non-functional","notDNE_LOF","No","p.R337C","11071","142536","78","yes","Tetramerisation","Tetramerisation/Methylation site","3095","AND17-35-II-1","proband","proband","2","M","Confirmed","NA","false","false","","3572","BONES, JOINTS AND ARTICULAR CARTILAGE OF OTHER AND UNSPECIFIED SITES","BONES (other)","Osteosarcoma, NOS (C40._, C41._)","16","323","","1025","","0.01","0","0","0","-1901","-279","-1029","150","https://www.ncbi.nlm.nih.gov/pubmed/27714481"
"1103","DIN16-2","USA","Northern America","Americas","More developed regions","LFS","2","TP53","1814","7519188","7578463","7675145","5-exon","156","G:C>A:T at CpG","G>A","c.467G>A","g.7578463C>T","g.7675145C>T","G","A","CGC","CAC","yes","no","C_C","Arg","His","missense","C0","Damaging","D","0.627","0.1907","partially functional","unclass.","No","p.R156H","43739","127811","8","no","DNA binding","Partially exposed","3127","DIN16-2-II-1","proband","proband","2","M","Confirmed","NA","false","false","","3604","CONNECTIVE, SUBCUTANEOUS AND OTHER SOFT TISSUES","SOFT TISSUES","Rhabdomyosarcoma, NOS","42","334","","1038","","0","0","0","0","-174","-191","-291","-1922","https://www.ncbi.nlm.nih.gov/pubmed/27210295"
"1103","DIN16-2","USA","Northern America","Americas","More developed regions","LFS","2","TP53","1814","7519188","7578463","7675145","5-exon","156","G:C>A:T at CpG","G>A","c.467G>A","g.7578463C>T","g.7675145C>T","G","A","CGC","CAC","yes","no","C_C","Arg","His","missense","C0","Damaging","D","0.627","0.1907","partially functional","unclass.","No","p.R156H","43739","127811","8","no","DNA binding","Partially exposed","3127","DIN16-2-II-1","proband","proband","2","M","Confirmed","NA","false","false","","3605","HEMATOPOIETIC AND RETICULOENDOTHELIAL SYSTEMS","HEMATOP. SYSTEM","Acute myeloid leukemia, NOS","44","334","","1038","","0","0","0","0","-174","-191","-291","-1922","https://www.ncbi.nlm.nih.gov/pubmed/27210295"
"1103","DIN16-2","USA","Northern America","Americas","More developed regions","LFS","2","TP53","3634","7517863","7577138","7673820","8-exon","267","G:C>A:T at CpG","G>A","c.800G>A","g.7577138C>T","g.7673820C>T","G","A","CGG","CAG","yes","no","C_G","Arg","Gln","missense","C35","Damaging","D","0.902","0.5934","partially functional","notDNE_notLOF","No","p.R267Q","43923","127823","6","yes","DNA binding","Buried","3127","DIN16-2-II-1","proband","proband","2","M","Confirmed","NA","false","false","","3604","CONNECTIVE, SUBCUTANEOUS AND OTHER SOFT TISSUES","SOFT TISSUES","Rhabdomyosarcoma, NOS","42","334","","1037","","0.08","0.04","0.01","0","-2","-7","-597","-13","https://www.ncbi.nlm.nih.gov/pubmed/27210295"
"1103","DIN16-2","USA","Northern America","Americas","More developed regions","LFS","2","TP53","3634","7517863","7577138","7673820","8-exon","267","G:C>A:T at CpG","G>A","c.800G>A","g.7577138C>T","g.7673820C>T","G","A","CGG","CAG","yes","no","C_G","Arg","Gln","missense","C35","Damaging","D","0.902","0.5934","partially functional","notDNE_notLOF","No","p.R267Q","43923","127823","6","yes","DNA binding","Buried","3127","DIN16-2-II-1","proband","proband","2","M","Confirmed","NA","false","false","","3605","HEMATOPOIETIC AND RETICULOENDOTHELIAL SYSTEMS","HEMATOP. SYSTEM","Acute myeloid leukemia, NOS","44","334","","1037","","0.08","0.04","0.01","0","-2","-7","-597","-13","https://www.ncbi.nlm.nih.gov/pubmed/27210295"
"1201","KEE16-HIP21264","USA","Northern America","Americas","More developed regions","LFS","3","TP53","2646","7518948","7578223","7674905","6-exon","209","del","del2","c.626_627del","g.7578222_7578223del","g.7674904_7674905del","G","NA","AGA","NA","no","no","A_A","Arg","NA","FS","NA","NA","NA","","","NA","NA","NA","p.R209fs","13120","372539","62","no","DNA binding","Exposed","3208","KEE16-HIP21264-III-1","brother","1st degree relative","3","M","Confirmed","NA","false","false","","3691","BONES, JOINTS AND ARTICULAR CARTILAGE OF OTHER AND UNSPECIFIED SITES","BONES (other)","Osteosarcoma, NOS (C40._, C41._)","","348","","1136","","","","","","","","","","https://www.ncbi.nlm.nih.gov/pubmed/27418648"
"1201","KEE16-HIP21264","USA","Northern America","Americas","More developed regions","LFS","3","TP53","2646","7518948","7578223","7674905","6-exon","209","del","del2","c.626_627del","g.7578222_7578223del","g.7674904_7674905del","G","NA","AGA","NA","no","no","A_A","Arg","NA","FS","NA","NA","NA","","","NA","NA","NA","p.R209fs","13120","372539","62","no","DNA binding","Exposed","3208","KEE16-HIP21264-III-1","brother","1st degree relative","3","M","Confirmed","NA","false","false","","3692","HEMATOPOIETIC AND RETICULOENDOTHELIAL SYSTEMS","HEMATOP. SYSTEM","Therapy-related myelodysplastic syndrome","","348","","1136","","","","","","","","","","https://www.ncbi.nlm.nih.gov/pubmed/27418648"
"1201","KEE16-HIP21264","USA","Northern America","Americas","More developed regions","LFS","3","TP53","2646","7518948","7578223","7674905","6-exon","209","del","del2","c.626_627del","g.7578222_7578223del","g.7674904_7674905del","G","NA","AGA","NA","no","no","A_A","Arg","NA","FS","NA","NA","NA","","","NA","NA","NA","p.R209fs","13120","372539","62","no","DNA binding","Exposed","3210","KEE16-HIP21264-III-2","brother","1st degree relative","3","M","Confirmed","NA","false","false","","3694","HEMATOPOIETIC AND RETICULOENDOTHELIAL SYSTEMS","HEMATOP. SYSTEM","Therapy-related acute myeloid leukemia, NOS","","348","","1136","","","","","","","","","","https://www.ncbi.nlm.nih.gov/pubmed/27418648"
"1201","KEE16-HIP21264","USA","Northern America","Americas","More developed regions","LFS","3","TP53","2646","7518948","7578223","7674905","6-exon","209","del","del2","c.626_627del","g.7578222_7578223del","g.7674904_7674905del","G","NA","AGA","NA","no","no","A_A","Arg","NA","FS","NA","NA","NA","","","NA","NA","NA","p.R209fs","13120","372539","62","no","DNA binding","Exposed","3210","KEE16-HIP21264-III-2","brother","1st degree relative","3","M","Confirmed","NA","false","false","","3693","CONNECTIVE, SUBCUTANEOUS AND OTHER SOFT TISSUES","SOFT TISSUES","Rhabdomyosarcoma, NOS","","348","","1136","","","","","","","","","","https://www.ncbi.nlm.nih.gov/pubmed/27418648"
"1201","KEE16-HIP21264","USA","Northern America","Americas","More developed regions","LFS","3","TP53","2646","7518948","7578223","7674905","6-exon","209","del","del2","c.626_627del","g.7578222_7578223del","g.7674904_7674905del","G","NA","AGA","NA","no","no","A_A","Arg","NA","FS","NA","NA","NA","","","NA","NA","NA","p.R209fs","13120","372539","62","no","DNA binding","Exposed","3211","KEE16-HIP21264-III-3","proband","proband","3","F","Confirmed","NA","false","false","","3695","BONES, JOINTS AND ARTICULAR CARTILAGE OF OTHER AND UNSPECIFIED SITES","BONES (other)","Osteosarcoma, NOS (C40._, C41._)","15","348","","1136","","","","","","","","","","https://www.ncbi.nlm.nih.gov/pubmed/27418648"
"1201","KEE16-HIP21264","USA","Northern America","Americas","More developed regions","LFS","3","TP53","2646","7518948","7578223","7674905","6-exon","209","del","del2","c.626_627del","g.7578222_7578223del","g.7674904_7674905del","G","NA","AGA","NA","no","no","A_A","Arg","NA","FS","NA","NA","NA","","","NA","NA","NA","p.R209fs","13120","372539","62","no","DNA binding","Exposed","3211","KEE16-HIP21264-III-3","proband","proband","3","F","Confirmed","NA","false","false","","3696","HEMATOPOIETIC AND RETICULOENDOTHELIAL SYSTEMS","HEMATOP. SYSTEM","Therapy-related myelodysplastic syndrome","21","348","","1136","","","","","","","","","","https://www.ncbi.nlm.nih.gov/pubmed/27418648"
"1202","KEE16-HIP01569","USA","Northern America","Americas","More developed regions","LFS","2","TP53","3236","7518273","7577548","7674230","7-exon","245","G:C>A:T at CpG","G>A","c.733G>A","g.7577548C>T","g.7674230C>T","G","A","GGC","AGC","yes","no","C_G","Gly","Ser","missense","C55","Damaging","D","0.947","0.5536","non-functional","DNE_LOF","Yes","p.G245S","6932","12365","288","yes","DNA binding","Buried","3213","KEE16-HIP01569-II-1","proband","proband","2","M","Confirmed","NA","false","false","","3698","HEMATOPOIETIC AND RETICULOENDOTHELIAL SYSTEMS","HEMATOP. SYSTEM","B-cell chronic lymphocytic leukemia/small lymphocytic lymphoma","3","348","","1137","","0","0","0","0","724","13","624","1106","https://www.ncbi.nlm.nih.gov/pubmed/27418648"
"1202","KEE16-HIP01569","USA","Northern America","Americas","More developed regions","LFS","2","TP53","3236","7518273","7577548","7674230","7-exon","245","G:C>A:T at CpG","G>A","c.733G>A","g.7577548C>T","g.7674230C>T","G","A","GGC","AGC","yes","no","C_G","Gly","Ser","missense","C55","Damaging","D","0.947","0.5536","non-functional","DNE_LOF","Yes","p.G245S","6932","12365","288","yes","DNA binding","Buried","3213","KEE16-HIP01569-II-1","proband","proband","2","M","Confirmed","NA","false","false","","3699","HEMATOPOIETIC AND RETICULOENDOTHELIAL SYSTEMS","HEMATOP. SYSTEM","Therapy-related myelodysplastic syndrome","7","348","","1137","","0","0","0","0","724","13","624","1106","https://www.ncbi.nlm.nih.gov/pubmed/27418648"
"1203","KEE16-AA79","USA","Northern America","Americas","More developed regions","LFS","1","TP53","2461","7518987","7578262","7674944","6-exon","196","G:C>A:T at CpG","G>A","c.587G>A","g.7578262C>T","g.7674944C>T","G","A","CGA","CAA","yes","no","C_A","Arg","Gln","missense","C35","Damaging","D","0.888","0.5787","partially functional","unclass.","NA","p.R196Q","44599","216467","9","yes","DNA binding","Buried","3216","KEE16-AA79-I-1","proband","proband","","NA","Confirmed","NA","false","false","","3702","HEMATOPOIETIC AND RETICULOENDOTHELIAL SYSTEMS","HEMATOP. SYSTEM","Myelodysplastic syndrome, NOS","","348","","1138","","0","0.04","0","0.03","-3","10","392","-90","https://www.ncbi.nlm.nih.gov/pubmed/27418648"
"1224","LLO17-15","Spain","Southern Europe","Europe","More developed regions","LFS","","TP53","4226","7517747","7577022","7673704","8-exon","306","G:C>A:T at CpG","C>T","c.916C>T","g.7577022G>A","g.7673704G>A","C","T","CGA","TGA","yes","no","G_G","Arg","STOP","nonsense","NA","NA","NA","","","NA","notDNE_LOF","NA","p.R306*","10663","142144","243","yes","NA","NA","3261","LLO17-15-2","NA","NA","","M","Confirmed","NA","false","false","","3768","CONNECTIVE, SUBCUTANEOUS AND OTHER SOFT TISSUES","SOFT TISSUES","Sarcoma, NOS","37","355","","1158","","0.01","0","0.01","0","-365","-128","2","-3","https://www.ncbi.nlm.nih.gov/pubmed/28573494"
"1224","LLO17-15","Spain","Southern Europe","Europe","More developed regions","LFS","","TP53","4226","7517747","7577022","7673704","8-exon","306","G:C>A:T at CpG","C>T","c.916C>T","g.7577022G>A","g.7673704G>A","C","T","CGA","TGA","yes","no","G_G","Arg","STOP","nonsense","NA","NA","NA","","","NA","notDNE_LOF","NA","p.R306*","10663","142144","243","yes","NA","NA","3260","LLO17-15-1","proband","proband","","F","Confirmed","NA","false","false","","3765","BREAST","BREAST","Cancer, NOS","34","355","","1158","","0.01","0","0.01","0","-365","-128","2","-3","https://www.ncbi.nlm.nih.gov/pubmed/28573494"
"1224","LLO17-15","Spain","Southern Europe","Europe","More developed regions","LFS","","TP53","4226","7517747","7577022","7673704","8-exon","306","G:C>A:T at CpG","C>T","c.916C>T","g.7577022G>A","g.7673704G>A","C","T","CGA","TGA","yes","no","G_G","Arg","STOP","nonsense","NA","NA","NA","","","NA","notDNE_LOF","NA","p.R306*","10663","142144","243","yes","NA","NA","3260","LLO17-15-1","proband","proband","","F","Confirmed","NA","false","false","","3766","CONNECTIVE, SUBCUTANEOUS AND OTHER SOFT TISSUES","SOFT TISSUES","Sarcoma, NOS","36","355","","1158","","0.01","0","0.01","0","-365","-128","2","-3","https://www.ncbi.nlm.nih.gov/pubmed/28573494"
"1224","LLO17-15","Spain","Southern Europe","Europe","More developed regions","LFS","","TP53","4226","7517747","7577022","7673704","8-exon","306","G:C>A:T at CpG","C>T","c.916C>T","g.7577022G>A","g.7673704G>A","C","T","CGA","TGA","yes","no","G_G","Arg","STOP","nonsense","NA","NA","NA","","","NA","notDNE_LOF","NA","p.R306*","10663","142144","243","yes","NA","NA","3260","LLO17-15-1","proband","proband","","F","Confirmed","NA","false","false","","3767","OVARY","OVARY","Cancer, NOS","39","355","","1158","","0.01","0","0.01","0","-365","-128","2","-3","https://www.ncbi.nlm.nih.gov/pubmed/28573494"
"1225","LLO17-29","Spain","Southern Europe","Europe","More developed regions","LFS","","TP53","3633","7517864","7577139","7673821","8-exon","267","G:C>A:T at CpG","C>T","c.799C>T","g.7577139G>A","g.7673821G>A","C","T","CGG","TGG","yes","no","A_G","Arg","Trp","missense","C65","Damaging","D","0.917","0.5424","non-functional","unclass.","Moderate","p.R267W","11183","141764","39","yes","DNA binding","Buried","3263","LLO17-29-2","NA","NA","","F","Confirmed","NA","false","false","","3771","BREAST","BREAST","Cancer, NOS","34","355","","1159","","0.04","0.02","0.01","0","-8","19","-598","-14","https://www.ncbi.nlm.nih.gov/pubmed/28573494"
"1225","LLO17-29","Spain","Southern Europe","Europe","More developed regions","LFS","","TP53","3633","7517864","7577139","7673821","8-exon","267","G:C>A:T at CpG","C>T","c.799C>T","g.7577139G>A","g.7673821G>A","C","T","CGG","TGG","yes","no","A_G","Arg","Trp","missense","C65","Damaging","D","0.917","0.5424","non-functional","unclass.","Moderate","p.R267W","11183","141764","39","yes","DNA binding","Buried","3262","LLO17-29-1","proband","proband","","F","Confirmed","NA","false","false","","3769","BREAST","BREAST","Cancer, NOS","31","355","","1159","","0.04","0.02","0.01","0","-8","19","-598","-14","https://www.ncbi.nlm.nih.gov/pubmed/28573494"
"1225","LLO17-29","Spain","Southern Europe","Europe","More developed regions","LFS","","TP53","3633","7517864","7577139","7673821","8-exon","267","G:C>A:T at CpG","C>T","c.799C>T","g.7577139G>A","g.7673821G>A","C","T","CGG","TGG","yes","no","A_G","Arg","Trp","missense","C65","Damaging","D","0.917","0.5424","non-functional","unclass.","Moderate","p.R267W","11183","141764","39","yes","DNA binding","Buried","3262","LLO17-29-1","proband","proband","","F","Confirmed","NA","false","false","","3770","CONNECTIVE, SUBCUTANEOUS AND OTHER SOFT TISSUES","SOFT TISSUES","Sarcoma, NOS","43","355","","1159","","0.04","0.02","0.01","0","-8","19","-598","-14","https://www.ncbi.nlm.nih.gov/pubmed/28573494"
"1226","LLO17-30","Spain","Southern Europe","Europe","More developed regions","LFS","","TP53","11508","7519216","7578491","7675173","5-exon","147","del","del9","c.439_445del","g.7578485_7578491del","g.7675167_7675173del","G","NA","GTT","NA","no","no","G_T","Val","NA","FS","NA","NA","NA","","","NA","NA","NA","p.?","","","0","no","DNA binding","Buried","3266","LLO17-30-2","NA","NA","","F","Confirmed","NA","false","false","","3773","BREAST","BREAST","Cancer, NOS","45","355","","1160","","","","","","","","","","https://www.ncbi.nlm.nih.gov/pubmed/28573494"
"1226","LLO17-30","Spain","Southern Europe","Europe","More developed regions","LFS","","TP53","11508","7519216","7578491","7675173","5-exon","147","del","del9","c.439_445del","g.7578485_7578491del","g.7675167_7675173del","G","NA","GTT","NA","no","no","G_T","Val","NA","FS","NA","NA","NA","","","NA","NA","NA","p.?","","","0","no","DNA binding","Buried","3266","LLO17-30-2","NA","NA","","F","Confirmed","NA","false","false","","3774","BREAST","BREAST","Cancer, NOS","45","355","","1160","","","","","","","","","","https://www.ncbi.nlm.nih.gov/pubmed/28573494"
"1226","LLO17-30","Spain","Southern Europe","Europe","More developed regions","LFS","","TP53","11508","7519216","7578491","7675173","5-exon","147","del","del9","c.439_445del","g.7578485_7578491del","g.7675167_7675173del","G","NA","GTT","NA","no","no","G_T","Val","NA","FS","NA","NA","NA","","","NA","NA","NA","p.?","","","0","no","DNA binding","Buried","3266","LLO17-30-2","NA","NA","","F","Confirmed","NA","false","false","","3775","OVARY","OVARY","Cancer, NOS","49","355","","1160","","","","","","","","","","https://www.ncbi.nlm.nih.gov/pubmed/28573494"
"1226","LLO17-30","Spain","Southern Europe","Europe","More developed regions","LFS","","TP53","11508","7519216","7578491","7675173","5-exon","147","del","del9","c.439_445del","g.7578485_7578491del","g.7675167_7675173del","G","NA","GTT","NA","no","no","G_T","Val","NA","FS","NA","NA","NA","","","NA","NA","NA","p.?","","","0","no","DNA binding","Buried","3267","LLO17-30-3","NA","NA","","F","Confirmed","NA","false","false","","3776","BREAST","BREAST","Cancer, NOS","30","355","","1160","","","","","","","","","","https://www.ncbi.nlm.nih.gov/pubmed/28573494"
"1226","LLO17-30","Spain","Southern Europe","Europe","More developed regions","LFS","","TP53","11508","7519216","7578491","7675173","5-exon","147","del","del9","c.439_445del","g.7578485_7578491del","g.7675167_7675173del","G","NA","GTT","NA","no","no","G_T","Val","NA","FS","NA","NA","NA","","","NA","NA","NA","p.?","","","0","no","DNA binding","Buried","3268","LLO17-30-4","NA","NA","","F","Confirmed","NA","false","false","","3777","BREAST","BREAST","Cancer, NOS","30","355","","1160","","","","","","","","","","https://www.ncbi.nlm.nih.gov/pubmed/28573494"
"1226","LLO17-30","Spain","Southern Europe","Europe","More developed regions","LFS","","TP53","11508","7519216","7578491","7675173","5-exon","147","del","del9","c.439_445del","g.7578485_7578491del","g.7675167_7675173del","G","NA","GTT","NA","no","no","G_T","Val","NA","FS","NA","NA","NA","","","NA","NA","NA","p.?","","","0","no","DNA binding","Buried","3269","LLO17-30-5","NA","NA","","M","Confirmed","NA","false","false","","3779","UNKNOWN PRIMARY SITE","UNKNOWN SITE","Malignant melanoma, NOS","58","355","","1160","","","","","","","","","","https://www.ncbi.nlm.nih.gov/pubmed/28573494"
"1226","LLO17-30","Spain","Southern Europe","Europe","More developed regions","LFS","","TP53","11508","7519216","7578491","7675173","5-exon","147","del","del9","c.439_445del","g.7578485_7578491del","g.7675167_7675173del","G","NA","GTT","NA","no","no","G_T","Val","NA","FS","NA","NA","NA","","","NA","NA","NA","p.?","","","0","no","DNA binding","Buried","3269","LLO17-30-5","NA","NA","","M","Confirmed","NA","false","false","","3780","CONNECTIVE, SUBCUTANEOUS AND OTHER SOFT TISSUES","SOFT TISSUES","Sarcoma, NOS","58","355","","1160","","","","","","","","","","https://www.ncbi.nlm.nih.gov/pubmed/28573494"
"1226","LLO17-30","Spain","Southern Europe","Europe","More developed regions","LFS","","TP53","11508","7519216","7578491","7675173","5-exon","147","del","del9","c.439_445del","g.7578485_7578491del","g.7675167_7675173del","G","NA","GTT","NA","no","no","G_T","Val","NA","FS","NA","NA","NA","","","NA","NA","NA","p.?","","","0","no","DNA binding","Buried","3270","LLO17-30-6","NA","NA","","M","Confirmed","NA","false","true","5","","","","","","355","","1160","","","","","","","","","","https://www.ncbi.nlm.nih.gov/pubmed/28573494"
"1226","LLO17-30","Spain","Southern Europe","Europe","More developed regions","LFS","","TP53","11508","7519216","7578491","7675173","5-exon","147","del","del9","c.439_445del","g.7578485_7578491del","g.7675167_7675173del","G","NA","GTT","NA","no","no","G_T","Val","NA","FS","NA","NA","NA","","","NA","NA","NA","p.?","","","0","no","DNA binding","Buried","3265","LLO17-30-1","proband","proband","","F","Confirmed","NA","false","false","","3772","CONNECTIVE, SUBCUTANEOUS AND OTHER SOFT TISSUES","SOFT TISSUES","Sarcoma, NOS","28","355","","1160","","","","","","","","","","https://www.ncbi.nlm.nih.gov/pubmed/28573494"
"1227","LLO17-32","Spain","Southern Europe","Europe","More developed regions","LFS","","TP53","3236","7518273","7577548","7674230","7-exon","245","G:C>A:T at CpG","G>A","c.733G>A","g.7577548C>T","g.7674230C>T","G","A","GGC","AGC","yes","no","C_G","Gly","Ser","missense","C55","Damaging","D","0.947","0.5536","non-functional","DNE_LOF","Yes","p.G245S","6932","12365","288","yes","DNA binding","Buried","3271","LLO17-32-1","proband","proband","","M","Confirmed","NA","false","false","","3782","CONNECTIVE, SUBCUTANEOUS AND OTHER SOFT TISSUES","SOFT TISSUES","Sarcoma, NOS","12","355","","1161","","0","0","0","0","724","13","624","1106","https://www.ncbi.nlm.nih.gov/pubmed/28573494"
"1245","NAN17-4","USA","Northern America","Americas","More developed regions","LFS","2","TP53","2410","7518996","7578271","7674953","6-exon","193","A:T>G:C","A>G","c.578A>G","g.7578271T>C","g.7674953T>C","A","G","CAT","CGT","no","no","C_T","His","Arg","missense","C25","Damaging","D","0.884","0.5585","non-functional","DNE_LOF","Moderate","p.H193R","10742","184979","117","yes","DNA binding","Buried","3308","NAN17-4-I-1","proband","proband","1","F","Confirmed","NA","false","false","","3819","BREAST","BREAST","Phyllodes tumor, malignant (C50._)","28","357","","1177","","0.01","0.04","0.02","0","18","1","-99","383","https://www.ncbi.nlm.nih.gov/pubmed/28356770"
"1245","NAN17-4","USA","Northern America","Americas","More developed regions","LFS","2","TP53","2410","7518996","7578271","7674953","6-exon","193","A:T>G:C","A>G","c.578A>G","g.7578271T>C","g.7674953T>C","A","G","CAT","CGT","no","no","C_T","His","Arg","missense","C25","Damaging","D","0.884","0.5585","non-functional","DNE_LOF","Moderate","p.H193R","10742","184979","117","yes","DNA binding","Buried","3308","NAN17-4-I-1","proband","proband","1","F","Confirmed","NA","false","false","","3820","BREAST","BREAST","Infiltrating ductular carcinoma (C50._)","29","357","","1177","ER-PR-HER2-","0.01","0.04","0.02","0","18","1","-99","383","https://www.ncbi.nlm.nih.gov/pubmed/28356770"
"1245","NAN17-4","USA","Northern America","Americas","More developed regions","LFS","2","TP53","2410","7518996","7578271","7674953","6-exon","193","A:T>G:C","A>G","c.578A>G","g.7578271T>C","g.7674953T>C","A","G","CAT","CGT","no","no","C_T","His","Arg","missense","C25","Damaging","D","0.884","0.5585","non-functional","DNE_LOF","Moderate","p.H193R","10742","184979","117","yes","DNA binding","Buried","3308","NAN17-4-I-1","proband","proband","1","F","Confirmed","NA","false","false","","3821","CONNECTIVE, SUBCUTANEOUS AND OTHER SOFT TISSUES","SOFT TISSUES","Leiomyosarcoma, NOS","36","357","","1177","","0.01","0.04","0.02","0","18","1","-99","383","https://www.ncbi.nlm.nih.gov/pubmed/28356770"
"1255","OHC14-1","Korea","Eastern Asia","Asia","Less developed regions","LFS","4","TP53","2143","7519131","7578406","7675088","5-exon","175","G:C>A:T at CpG","G>A","c.524G>A","g.7578406C>T","g.7675088C>T","G","A","CGC","CAC","yes","no","C_C","Arg","His","missense","C25","Damaging","D","0.922","0.5462","non-functional","DNE_LOF","Yes","p.R175H","10648","12374","1000","yes","DNA binding","Buried","3322","OHC14-1-II-4","father","1st degree relative","2","M","Confirmed","NA","false","false","","3850","STOMACH","STOMACH","Tubular adenocarcinoma","40","360","","1186","","0","0","0.01","0","-117","-134","11","248",""
"1255","OHC14-1","Korea","Eastern Asia","Asia","Less developed regions","LFS","4","TP53","2143","7519131","7578406","7675088","5-exon","175","G:C>A:T at CpG","G>A","c.524G>A","g.7578406C>T","g.7675088C>T","G","A","CGC","CAC","yes","no","C_C","Arg","His","missense","C25","Damaging","D","0.922","0.5462","non-functional","DNE_LOF","Yes","p.R175H","10648","12374","1000","yes","DNA binding","Buried","3322","OHC14-1-II-4","father","1st degree relative","2","M","Confirmed","NA","false","false","","3851","UNKNOWN PRIMARY SITE","UNKNOWN SITE","Neuroendocrine carcinoma, NOS","45","360","","1186","","0","0","0.01","0","-117","-134","11","248",""
"1255","OHC14-1","Korea","Eastern Asia","Asia","Less developed regions","LFS","4","TP53","2143","7519131","7578406","7675088","5-exon","175","G:C>A:T at CpG","G>A","c.524G>A","g.7578406C>T","g.7675088C>T","G","A","CGC","CAC","yes","no","C_C","Arg","His","missense","C25","Damaging","D","0.922","0.5462","non-functional","DNE_LOF","Yes","p.R175H","10648","12374","1000","yes","DNA binding","Buried","3323","OHC14-1-III-1","proband","proband","3","F","Confirmed","P","false","false","","3853","BRONCHUS AND LUNG","LUNG","Bronchiolo-alveolar adenocarcinoma (C34._)","17","360","","1186","","0","0","0.01","0","-117","-134","11","248",""
"1255","OHC14-1","Korea","Eastern Asia","Asia","Less developed regions","LFS","4","TP53","2143","7519131","7578406","7675088","5-exon","175","G:C>A:T at CpG","G>A","c.524G>A","g.7578406C>T","g.7675088C>T","G","A","CGC","CAC","yes","no","C_C","Arg","His","missense","C25","Damaging","D","0.922","0.5462","non-functional","DNE_LOF","Yes","p.R175H","10648","12374","1000","yes","DNA binding","Buried","3323","OHC14-1-III-1","proband","proband","3","F","Confirmed","P","false","false","","3852","BONES, JOINTS AND ARTICULAR CARTILAGE OF LIMBS","BONES (limbs)","Osteosarcoma, NOS (C40._, C41._)","17","360","","1186","","0","0","0.01","0","-117","-134","11","248",""
"1256","PARS16-1","USA","Northern America","Americas","More developed regions","LFS","1","TP53","3297","7518263","7577538","7674220","7-exon","248","G:C>A:T at CpG","G>A","c.743G>A","g.7577538C>T","g.7674220C>T","G","A","CGG","CAG","yes","no","C_G","Arg","Gln","missense","C35","Damaging","D","0.934","0.4738","non-functional","DNE_LOF","Yes","p.R248Q","10662","12356","651","yes","DNA binding","DNA binding","3324","PARS16-1-I-1","proband","proband","","NA","Confirmed","inherited, NOS","false","false","","3854","PERIPHERAL NERVES AND AUTONOMIC NERVOUS SYSTEM","NERVES","Neuroblastoma, NOS","","362","","1187","","0","0","0","0","-881","23","-997","-39","https://www.ncbi.nlm.nih.gov/pubmed/26822237"
"1265","SHI09-1","Korea","Eastern Asia","Asia","Less developed regions","LFS","3","TP53","3737","7517845","7577120","7673802","8-exon","273","G:C>A:T at CpG","G>A","c.818G>A","g.7577120C>T","g.7673802C>T","G","A","CGT","CAT","yes","no","C_T","Arg","His","missense","C25","Damaging","D","0.868","0.5259","non-functional","DNE_LOF","Yes","p.R273H","10660","12366","635","yes","DNA binding","DNA binding","3334","SHI09-1-II-1","mother","1st degree relative","2","F","Confirmed","NA","false","false","","3864","BREAST","BREAST","Cancer, NOS","33","361","","1195","","0.01","0.02","0","0","38","11","-595","5",""
"1265","SHI09-1","Korea","Eastern Asia","Asia","Less developed regions","LFS","3","TP53","3737","7517845","7577120","7673802","8-exon","273","G:C>A:T at CpG","G>A","c.818G>A","g.7577120C>T","g.7673802C>T","G","A","CGT","CAT","yes","no","C_T","Arg","His","missense","C25","Damaging","D","0.868","0.5259","non-functional","DNE_LOF","Yes","p.R273H","10660","12366","635","yes","DNA binding","DNA binding","3336","SHI09-1-III-1","proband","proband","3","M","Confirmed","M","false","false","","3866","BRAIN","BRAIN","Astrocytoma, anaplastic (C71._)","3","361","","1195","","0.01","0.02","0","0","38","11","-595","5",""
"1265","SHI09-1","Korea","Eastern Asia","Asia","Less developed regions","LFS","3","TP53","3737","7517845","7577120","7673802","8-exon","273","G:C>A:T at CpG","G>A","c.818G>A","g.7577120C>T","g.7673802C>T","G","A","CGT","CAT","yes","no","C_T","Arg","His","missense","C25","Damaging","D","0.868","0.5259","non-functional","DNE_LOF","Yes","p.R273H","10660","12366","635","yes","DNA binding","DNA binding","3336","SHI09-1-III-1","proband","proband","3","M","Confirmed","M","false","false","","3867","CONNECTIVE, SUBCUTANEOUS AND OTHER SOFT TISSUES","SOFT TISSUES","Rhabdomyosarcoma, NOS","18","361","","1195","","0.01","0.02","0","0","38","11","-595","5",""
"1348","XIE17-1","China","Eastern Asia","Asia","Less developed regions","LFS","3","TP53","3879","7517819","7577094","7673776","8-exon","282","G:C>A:T at CpG","C>T","c.844C>T","g.7577094G>A","g.7673776G>A","C","T","CGG","TGG","yes","no","C_G","Arg","Trp","missense","C65","Damaging","D","0.896","0.5418","non-functional","DNE_LOF","Moderate","p.R282W","10704","12364","502","yes","DNA binding","Buried","3437","XIE17-1-II-1","mother","1st degree relative","2","F","Confirmed","NA","false","true","","","","","","","378","","1276","","0.01","0.01","0.01","0","-437","37","-553","-75","https://www.ncbi.nlm.nih.gov/pubmed/29237527"
"1348","XIE17-1","China","Eastern Asia","Asia","Less developed regions","LFS","3","TP53","3879","7517819","7577094","7673776","8-exon","282","G:C>A:T at CpG","C>T","c.844C>T","g.7577094G>A","g.7673776G>A","C","T","CGG","TGG","yes","no","C_G","Arg","Trp","missense","C65","Damaging","D","0.896","0.5418","non-functional","DNE_LOF","Moderate","p.R282W","10704","12364","502","yes","DNA binding","Buried","3440","XIE17-1-III-3","sister","1st degree relative","3","F","Confirmed","M","false","true","","","","","","","378","","1276","","0.01","0.01","0.01","0","-437","37","-553","-75","https://www.ncbi.nlm.nih.gov/pubmed/29237527"
"1348","XIE17-1","China","Eastern Asia","Asia","Less developed regions","LFS","3","TP53","3879","7517819","7577094","7673776","8-exon","282","G:C>A:T at CpG","C>T","c.844C>T","g.7577094G>A","g.7673776G>A","C","T","CGG","TGG","yes","no","C_G","Arg","Trp","missense","C65","Damaging","D","0.896","0.5418","non-functional","DNE_LOF","Moderate","p.R282W","10704","12364","502","yes","DNA binding","Buried","3438","XIE17-1-III-1","proband","proband","3","M","Confirmed","M","false","false","","3988","CONNECTIVE, SUBCUTANEOUS AND OTHER SOFT TISSUES","SOFT TISSUES","Rhabdomyosarcoma, NOS","3","378","","1276","","0.01","0.01","0.01","0","-437","37","-553","-75","https://www.ncbi.nlm.nih.gov/pubmed/29237527"
"1382","QUI19-1","USA","Northern America","Americas","More developed regions","LFS","3","TP53","6448","7518242","7577517","7674199","7-exon","255","del","del3","c.764_766del","g.7577515_7577517del","g.7674197_7674199del","T","NA","ATC","NA","no","no","A_C","Ile","NA","other","NA","NA","NA","","","NA","NA","NA","p.I255del","1480061","420134","35","yes","DNA binding","ADP-ribosylation site","3505","QUI19-1-I-1","mother","1st degree relative","1","F","Confirmed","de novo","false","false","","4069","BREAST","BREAST","Cancer, NOS","32","385","","1312","ER+PR+HER2+","","","","","","","","","https://www.ncbi.nlm.nih.gov/pubmed/30886117"
"1382","QUI19-1","USA","Northern America","Americas","More developed regions","LFS","3","TP53","6448","7518242","7577517","7674199","7-exon","255","del","del3","c.764_766del","g.7577515_7577517del","g.7674197_7674199del","T","NA","ATC","NA","no","no","A_C","Ile","NA","other","NA","NA","NA","","","NA","NA","NA","p.I255del","1480061","420134","35","yes","DNA binding","ADP-ribosylation site","3505","QUI19-1-I-1","mother","1st degree relative","1","F","Confirmed","de novo","false","false","","4070","BREAST","BREAST","Cancer, NOS","32","385","","1312","ER+PR+HER2+","","","","","","","","","https://www.ncbi.nlm.nih.gov/pubmed/30886117"
"1382","QUI19-1","USA","Northern America","Americas","More developed regions","LFS","3","TP53","6448","7518242","7577517","7674199","7-exon","255","del","del3","c.764_766del","g.7577515_7577517del","g.7674197_7674199del","T","NA","ATC","NA","no","no","A_C","Ile","NA","other","NA","NA","NA","","","NA","NA","NA","p.I255del","1480061","420134","35","yes","DNA binding","ADP-ribosylation site","3506","QUI19-1-II-1","proband","proband","2","M","Confirmed","M","true","false","3","4071","BRAIN","BRAIN","Cancer, NOS","2","385","","1312","","","","","","","","","","https://www.ncbi.nlm.nih.gov/pubmed/30886117"
"1404","CAR18-1","Colombia","South America","Americas","Less developed regions","LFS","3","TP53/CDH1","2458","7518988","7578263","7674945","6-exon","196","G:C>A:T at CpG","C>T","c.586C>T","g.7578263G>A","g.7674945G>A","C","T","CGA","TGA","yes","no","C_G","Arg","STOP","nonsense","NA","NA","NA","","","NA","notDNE_LOF","NA","p.R196*","10705","43589","310","yes","DNA binding","Buried","3546","CAR18-1-III-1","proband","proband","3","F","Confirmed","NA","false","false","","4116","BONES, JOINTS AND ARTICULAR CARTILAGE OF OTHER AND UNSPECIFIED SITES","BONES (other)","Osteosarcoma, NOS (C40._, C41._)","12","391","","1334","","0","0.21","0","0.16","-86","9","391","-86","https://www.ncbi.nlm.nih.gov/pubmed/30268473"
"1404","CAR18-1","Colombia","South America","Americas","Less developed regions","LFS","3","TP53/CDH1","2458","7518988","7578263","7674945","6-exon","196","G:C>A:T at CpG","C>T","c.586C>T","g.7578263G>A","g.7674945G>A","C","T","CGA","TGA","yes","no","C_G","Arg","STOP","nonsense","NA","NA","NA","","","NA","notDNE_LOF","NA","p.R196*","10705","43589","310","yes","DNA binding","Buried","3546","CAR18-1-III-1","proband","proband","3","F","Confirmed","NA","false","false","","4117","BRONCHUS AND LUNG","LUNG","Adenocarcinoma, NOS","26","391","","1334","","0","0.21","0","0.16","-86","9","391","-86","https://www.ncbi.nlm.nih.gov/pubmed/30268473"
"1411","CHA18-2","Singapore","South Eastern Asia","Asia","Less developed regions","LFS","3","TP53","1269","7520047","7579322","7676004","4-exon","122","del","del2","c.365_366del","g.7579321_7579322del","g.7676003_7676004del","T","NA","GTG","NA","no","no","G_G","Val","NA","FS","NA","NA","NA","","","NA","NA","NA","p.V122fs","44882","127809","28","no","DNA binding","Buried","3557","CHA18-2-III-1","proband","proband","3","F","Confirmed","NA","false","false","","4135","BREAST","BREAST","Cancer, NOS","32","394","","1341","","","","","","","","","","https://www.ncbi.nlm.nih.gov/pubmed/30093976"
"1411","CHA18-2","Singapore","South Eastern Asia","Asia","Less developed regions","LFS","3","TP53","1269","7520047","7579322","7676004","4-exon","122","del","del2","c.365_366del","g.7579321_7579322del","g.7676003_7676004del","T","NA","GTG","NA","no","no","G_G","Val","NA","FS","NA","NA","NA","","","NA","NA","NA","p.V122fs","44882","127809","28","no","DNA binding","Buried","3557","CHA18-2-III-1","proband","proband","3","F","Confirmed","NA","false","false","","4136","CONNECTIVE, SUBCUTANEOUS AND OTHER SOFT TISSUES","SOFT TISSUES","Sarcoma, NOS","34","394","","1341","","","","","","","","","","https://www.ncbi.nlm.nih.gov/pubmed/30093976"
"1416","CHAN18-N096","Singapore","South Eastern Asia","Asia","Less developed regions","LFS","1","TP53","1133","7520083","7579358","7676040","4-exon","110","G:C>C:G","G>C","c.329G>C","g.7579358C>G","g.7676040C>G","G","C","CGT","CCT","yes","no","C_T","Arg","Pro","missense","C15","Damaging","D","0.593","0.3823","non-functional","DNE_LOF","NA","p.R110P","11250","233627","26","yes","DNA binding","Partially exposed","3564","CHAN18-N096","proband","proband","2","M","Confirmed","P","false","false","","4145","CONNECTIVE, SUBCUTANEOUS AND OTHER SOFT TISSUES","SOFT TISSUES","Rhabdomyosarcoma, NOS","0","395","","1347","","0","0.04","0.08","0.01","-1086","28","154","-30","https://www.ncbi.nlm.nih.gov/pubmed/30455982"
"1426","FREI18-1","Portugal","Southern Europe","Europe","More developed regions","LFS","3","TP53","1904","7519174","7578449","7675131","5-exon","161","G:C>A:T","G>A","c.481G>A","g.7578449C>T","g.7675131C>T","G","A","GCC","ACC","no","no","G_C","Ala","Thr","missense","C55","Damaging","D","0.79","0.2766","partially functional","DNE_LOF","NA","p.A161T","10739","161518","34","yes","DNA binding","Buried","3577","FREI18-1-II-1","maternal aunt","2nd degree relative","2","F","Confirmed","P","false","false","","4159","BRAIN","BRAIN","Meningioma, NOS","45","401","","1356","","0","0","0","0","105","-177","205","-277","https://www.ncbi.nlm.nih.gov/pubmed/29456621"
"1426","FREI18-1","Portugal","Southern Europe","Europe","More developed regions","LFS","3","TP53","1904","7519174","7578449","7675131","5-exon","161","G:C>A:T","G>A","c.481G>A","g.7578449C>T","g.7675131C>T","G","A","GCC","ACC","no","no","G_C","Ala","Thr","missense","C55","Damaging","D","0.79","0.2766","partially functional","DNE_LOF","NA","p.A161T","10739","161518","34","yes","DNA binding","Buried","3577","FREI18-1-II-1","maternal aunt","2nd degree relative","2","F","Confirmed","P","false","false","","4158","BREAST","BREAST","Cancer, NOS","45","401","","1356","","0","0","0","0","105","-177","205","-277","https://www.ncbi.nlm.nih.gov/pubmed/29456621"
"1426","FREI18-1","Portugal","Southern Europe","Europe","More developed regions","LFS","3","TP53","1904","7519174","7578449","7675131","5-exon","161","G:C>A:T","G>A","c.481G>A","g.7578449C>T","g.7675131C>T","G","A","GCC","ACC","no","no","G_C","Ala","Thr","missense","C55","Damaging","D","0.79","0.2766","partially functional","DNE_LOF","NA","p.A161T","10739","161518","34","yes","DNA binding","Buried","3582","FREI18-1-III-4","brother","1st degree relative","3","M","Confirmed","M","true","false","4","4164","CONNECTIVE, SUBCUTANEOUS AND OTHER SOFT TISSUES","SOFT TISSUES","Sarcoma, NOS","4","401","","1356","","0","0","0","0","105","-177","205","-277","https://www.ncbi.nlm.nih.gov/pubmed/29456621"
"1426","FREI18-1","Portugal","Southern Europe","Europe","More developed regions","LFS","3","TP53","1904","7519174","7578449","7675131","5-exon","161","G:C>A:T","G>A","c.481G>A","g.7578449C>T","g.7675131C>T","G","A","GCC","ACC","no","no","G_C","Ala","Thr","missense","C55","Damaging","D","0.79","0.2766","partially functional","DNE_LOF","NA","p.A161T","10739","161518","34","yes","DNA binding","Buried","3580","FREI18-1-III-2","sister","1st degree relative","3","F","Confirmed","M","false","false","","4162","BREAST","BREAST","Cancer, NOS","26","401","","1356","","0","0","0","0","105","-177","205","-277","https://www.ncbi.nlm.nih.gov/pubmed/29456621"
"1426","FREI18-1","Portugal","Southern Europe","Europe","More developed regions","LFS","3","TP53","1904","7519174","7578449","7675131","5-exon","161","G:C>A:T","G>A","c.481G>A","g.7578449C>T","g.7675131C>T","G","A","GCC","ACC","no","no","G_C","Ala","Thr","missense","C55","Damaging","D","0.79","0.2766","partially functional","DNE_LOF","NA","p.A161T","10739","161518","34","yes","DNA binding","Buried","3580","FREI18-1-III-2","sister","1st degree relative","3","F","Confirmed","M","false","false","","4163","CONNECTIVE, SUBCUTANEOUS AND OTHER SOFT TISSUES","SOFT TISSUES","Sarcoma, NOS","43","401","","1356","","0","0","0","0","105","-177","205","-277","https://www.ncbi.nlm.nih.gov/pubmed/29456621"
"1426","FREI18-1","Portugal","Southern Europe","Europe","More developed regions","LFS","3","TP53","1904","7519174","7578449","7675131","5-exon","161","G:C>A:T","G>A","c.481G>A","g.7578449C>T","g.7675131C>T","G","A","GCC","ACC","no","no","G_C","Ala","Thr","missense","C55","Damaging","D","0.79","0.2766","partially functional","DNE_LOF","NA","p.A161T","10739","161518","34","yes","DNA binding","Buried","3583","FREI18-1-III-5","sister","1st degree relative","3","F","Confirmed","M","true","false","5","4165","BRAIN","BRAIN","Cancer, NOS","5","401","","1356","","0","0","0","0","105","-177","205","-277","https://www.ncbi.nlm.nih.gov/pubmed/29456621"
"1426","FREI18-1","Portugal","Southern Europe","Europe","More developed regions","LFS","3","TP53","1904","7519174","7578449","7675131","5-exon","161","G:C>A:T","G>A","c.481G>A","g.7578449C>T","g.7675131C>T","G","A","GCC","ACC","no","no","G_C","Ala","Thr","missense","C55","Damaging","D","0.79","0.2766","partially functional","DNE_LOF","NA","p.A161T","10739","161518","34","yes","DNA binding","Buried","3581","FREI18-1-III-3","proband","proband","3","M","Confirmed","M","false","true","37","","","","","","401","","1356","","0","0","0","0","105","-177","205","-277","https://www.ncbi.nlm.nih.gov/pubmed/29456621"
"1436","HAQ18-SAR19-3","India","South Central Asia","Asia","Less developed regions","LFS","3","TP53","917","7520140","7579415","7676097","4-exon","91","G:C>A:T","G>A","c.272G>A","g.7579415C>T","g.7676097C>T","G","A","TGG","TAG","no","no","T_G","Trp","STOP","nonsense","NA","NA","NA","","","NA","notDNE_LOF","NA","p.W91*","44192","","33","yes","SH3-like/Pro-rich","NA","3840","SAR19-3-III-1","proband","proband","3","M","Confirmed","NA","false","false","","4488","BONES, JOINTS AND ARTICULAR CARTILAGE OF LIMBS","BONES (limbs)","Osteosarcoma, NOS (C40._, C41._)","19","407","","1367","","0.2","0.02","0.14","0.01","-29","156","97","-103","https://www.ncbi.nlm.nih.gov/pubmed/30076369"
"1438","HAQ18-SAR19-5","India","South Central Asia","Asia","Less developed regions","LFS","3","TP53","3737","7517845","7577120","7673802","8-exon","273","G:C>A:T at CpG","G>A","c.818G>A","g.7577120C>T","g.7673802C>T","G","A","CGT","CAT","yes","no","C_T","Arg","His","missense","C25","Damaging","D","0.868","0.5259","non-functional","DNE_LOF","Yes","p.R273H","10660","12366","635","yes","DNA binding","DNA binding","3860","SAR19-5-III-1","proband","proband","3","M","Confirmed","NA","false","false","","4510","BONES, JOINTS AND ARTICULAR CARTILAGE OF LIMBS","BONES (limbs)","Osteosarcoma, NOS (C40._, C41._)","18","407","","1369","","0.01","0.02","0","0","38","11","-595","5","https://www.ncbi.nlm.nih.gov/pubmed/30076369"
"1439","HAQ18-SAR19-6","India","South Central Asia","Asia","Less developed regions","LFS","3","TP53","2410","7518996","7578271","7674953","6-exon","193","A:T>G:C","A>G","c.578A>G","g.7578271T>C","g.7674953T>C","A","G","CAT","CGT","no","no","C_T","His","Arg","missense","C25","Damaging","D","0.884","0.5585","non-functional","DNE_LOF","Moderate","p.H193R","10742","184979","117","yes","DNA binding","Buried","3867","SAR19-6-III-2","brother","1st degree relative","3","M","Confirmed","NA","false","false","","4517","BONES, JOINTS AND ARTICULAR CARTILAGE OF LIMBS","BONES (limbs)","Osteosarcoma, NOS (C40._, C41._)","14","407","","1370","","0.01","0.04","0.02","0","18","1","-99","383","https://www.ncbi.nlm.nih.gov/pubmed/30076369"
"1439","HAQ18-SAR19-6","India","South Central Asia","Asia","Less developed regions","LFS","3","TP53","2410","7518996","7578271","7674953","6-exon","193","A:T>G:C","A>G","c.578A>G","g.7578271T>C","g.7674953T>C","A","G","CAT","CGT","no","no","C_T","His","Arg","missense","C25","Damaging","D","0.884","0.5585","non-functional","DNE_LOF","Moderate","p.H193R","10742","184979","117","yes","DNA binding","Buried","3866","SAR19-6-III-1","proband","proband","3","M","Confirmed","NA","false","false","","4516","BONES, JOINTS AND ARTICULAR CARTILAGE OF OTHER AND UNSPECIFIED SITES","BONES (other)","Osteosarcoma, NOS (C40._, C41._)","19","407","","1370","","0.01","0.04","0.02","0","18","1","-99","383","https://www.ncbi.nlm.nih.gov/pubmed/30076369"
"1445","HAQ18-SAR19-12","India","South Central Asia","Asia","Less developed regions","LFS","2","TP53","5768","0","0","0","NA","0","complex","rearrangement/large del","c.?(del)","g.?(del)","g.?(del)","N","NA","NA","NA","no","no","na","NA","NA","large del","NA","NA","NA","","","NA","NA","NA","p.?","","","0","no","NA","NA","3885","SAR19-12-II-1","proband","proband","2","F","Confirmed","NA","false","false","","4536","BONES, JOINTS AND ARTICULAR CARTILAGE OF LIMBS","BONES (limbs)","Osteosarcoma, NOS (C40._, C41._)","16","407","","1376","","","","","","","","","","https://www.ncbi.nlm.nih.gov/pubmed/30076369"
"1446","HAQ18-SAR19-13","India","South Central Asia","Asia","Less developed regions","LFS","","TP53","2821","7518915","7578190","7674872","6-exon","220","A:T>G:C","A>G","c.659A>G","g.7578190T>C","g.7674872T>C","A","G","TAT","TGT","no","no","T_T","Tyr","Cys","missense","C65","Damaging","D","0.936","0.5625","non-functional","DNE_LOF","Moderate","p.Y220C","10758","127819","329","yes","DNA binding","Buried","3886","SAR19-13-III-1","proband","proband","3","M","Confirmed","NA","false","false","","4537","BONES, JOINTS AND ARTICULAR CARTILAGE OF OTHER AND UNSPECIFIED SITES","BONES (other)","Spindle cell sarcoma","28","407","","1377","","0","0.03","0.13","0.04","1","82","1","-18","https://www.ncbi.nlm.nih.gov/pubmed/30076369"
"1446","HAQ18-SAR19-13","India","South Central Asia","Asia","Less developed regions","LFS","","TP53","2821","7518915","7578190","7674872","6-exon","220","A:T>G:C","A>G","c.659A>G","g.7578190T>C","g.7674872T>C","A","G","TAT","TGT","no","no","T_T","Tyr","Cys","missense","C65","Damaging","D","0.936","0.5625","non-functional","DNE_LOF","Moderate","p.Y220C","10758","127819","329","yes","DNA binding","Buried","3887","SAR19-13-IV-1","nephew","2nd degree relative","4","M","Confirmed","NA","false","false","","4538","HEMATOPOIETIC AND RETICULOENDOTHELIAL SYSTEMS","HEMATOP. SYSTEM","Leukemia, NOS","13","407","","1377","","0","0.03","0.13","0.04","1","82","1","-18","https://www.ncbi.nlm.nih.gov/pubmed/30076369"
"1457","HAQ18-SAR19-24","India","South Central Asia","Asia","Less developed regions","LFS","3","TP53","28960","7517819","7577094","7673776","8-exon","282","ins","ins1","c.844_845insC","g.7577093_7577094insG","g.7673775_7673776insG","C","NA","CGG","NA","yes","no","C_G","Arg","NA","FS","NA","NA","NA","","","NA","NA","NA","p.?","112006","","1","yes","DNA binding","Buried","3902","SAR19-24-II-1","proband","proband","2","F","Confirmed","NA","false","false","","4555","BREAST","BREAST","Infiltrating duct carcinoma, NOS (C50._)","31","407","","1388","ER Positive / PR Positive / Her2 Not Known","","","","","","","","","https://www.ncbi.nlm.nih.gov/pubmed/30076369"
"1457","HAQ18-SAR19-24","India","South Central Asia","Asia","Less developed regions","LFS","3","TP53","28960","7517819","7577094","7673776","8-exon","282","ins","ins1","c.844_845insC","g.7577093_7577094insG","g.7673775_7673776insG","C","NA","CGG","NA","yes","no","C_G","Arg","NA","FS","NA","NA","NA","","","NA","NA","NA","p.?","112006","","1","yes","DNA binding","Buried","3902","SAR19-24-II-1","proband","proband","2","F","Confirmed","NA","false","false","","4557","CONNECTIVE, SUBCUTANEOUS AND OTHER SOFT TISSUES","SOFT TISSUES","Rhabdomyosarcoma, NOS","36","407","","1388","","","","","","","","","","https://www.ncbi.nlm.nih.gov/pubmed/30076369"
"1457","HAQ18-SAR19-24","India","South Central Asia","Asia","Less developed regions","LFS","3","TP53","28960","7517819","7577094","7673776","8-exon","282","ins","ins1","c.844_845insC","g.7577093_7577094insG","g.7673775_7673776insG","C","NA","CGG","NA","yes","no","C_G","Arg","NA","FS","NA","NA","NA","","","NA","NA","NA","p.?","112006","","1","yes","DNA binding","Buried","3902","SAR19-24-II-1","proband","proband","2","F","Confirmed","NA","false","false","","4556","BREAST","BREAST","Infiltrating duct carcinoma, NOS (C50._)","36","407","","1388","ER Negative / PR Negative / Her2 Not known","","","","","","","","","https://www.ncbi.nlm.nih.gov/pubmed/30076369"
"1466","HAQ18-SAR19-33","India","South Central Asia","Asia","Less developed regions","LFS","3","TP53","1947","7519166","7578441","7675123","5-exon","163","G:C>C:G","C>G","c.489C>G","g.7578441G>C","g.7675123G>C","C","G","TAC","TAG","no","no","A_A","Tyr","STOP","nonsense","NA","NA","NA","","","NA","notDNE_notLOF","NA","p.Y163*","43820","619734","5","yes","DNA binding","Buried","3913","SAR19-33-III-1","proband","proband","3","F","Confirmed","NA","false","false","","4576","BREAST","BREAST","Phyllodes tumor, malignant (C50._)","28","407","","1397","","0.01","0.01","0.01","0","945","-169","-269","213","https://www.ncbi.nlm.nih.gov/pubmed/30076369"
"1466","HAQ18-SAR19-33","India","South Central Asia","Asia","Less developed regions","LFS","3","TP53","1947","7519166","7578441","7675123","5-exon","163","G:C>C:G","C>G","c.489C>G","g.7578441G>C","g.7675123G>C","C","G","TAC","TAG","no","no","A_A","Tyr","STOP","nonsense","NA","NA","NA","","","NA","notDNE_notLOF","NA","p.Y163*","43820","619734","5","yes","DNA binding","Buried","3913","SAR19-33-III-1","proband","proband","3","F","Confirmed","NA","false","false","","4577","BREAST","BREAST","Infiltrating duct carcinoma, NOS (C50._)","38","407","","1397","ER Negative / PR Negative / Her2 Not known","0.01","0.01","0.01","0","945","-169","-269","213","https://www.ncbi.nlm.nih.gov/pubmed/30076369"
"1469","HAQ18-SAR19-36","India","South Central Asia","Asia","Less developed regions","LFS","3","TP53","29100","7517817","7577092","7673774","8-exon","282","del","del1","c.846del","g.7577092del","g.7673774del","G","NA","CGG","NA","no","no","G_C","Arg","NA","FS","NA","NA","NA","","","NA","NA","NA","p.?","3718839","","3","yes","DNA binding","Buried","3916","SAR19-36-I-1","maternal grandfather","2nd degree relative","1","M","Confirmed","NA","false","false","","4581","HEMATOPOIETIC AND RETICULOENDOTHELIAL SYSTEMS","HEMATOP. SYSTEM","B Lymphoblastic leukemia/lymphoma with hypodiploidy (Hypodiploid ALL)","60","407","","1400","","","","","","","","","","https://www.ncbi.nlm.nih.gov/pubmed/30076369"
"1469","HAQ18-SAR19-36","India","South Central Asia","Asia","Less developed regions","LFS","3","TP53","29100","7517817","7577092","7673774","8-exon","282","del","del1","c.846del","g.7577092del","g.7673774del","G","NA","CGG","NA","no","no","G_C","Arg","NA","FS","NA","NA","NA","","","NA","NA","NA","p.?","3718839","","3","yes","DNA binding","Buried","3917","SAR19-36-III-1","proband","proband","3","F","Confirmed","M","false","false","","4582","MENINGES","MENINGES","Sarcoma, NOS","3","407","","1400","","","","","","","","","","https://www.ncbi.nlm.nih.gov/pubmed/30076369"
"1489","HAQ18-SAR19-56","India","South Central Asia","Asia","Less developed regions","LFS","3","TP53","3297","7518263","7577538","7674220","7-exon","248","G:C>A:T at CpG","G>A","c.743G>A","g.7577538C>T","g.7674220C>T","G","A","CGG","CAG","yes","no","C_G","Arg","Gln","missense","C35","Damaging","D","0.934","0.4738","non-functional","DNE_LOF","Yes","p.R248Q","10662","12356","651","yes","DNA binding","DNA binding","3938","SAR19-56-II-1","mother","1st degree relative","2","F","Confirmed","NA","false","false","","4611","BREAST","BREAST","Cancer, NOS","40","407","","1417","","0","0","0","0","-881","23","-997","-39","https://www.ncbi.nlm.nih.gov/pubmed/30076369"
"1489","HAQ18-SAR19-56","India","South Central Asia","Asia","Less developed regions","LFS","3","TP53","3297","7518263","7577538","7674220","7-exon","248","G:C>A:T at CpG","G>A","c.743G>A","g.7577538C>T","g.7674220C>T","G","A","CGG","CAG","yes","no","C_G","Arg","Gln","missense","C35","Damaging","D","0.934","0.4738","non-functional","DNE_LOF","Yes","p.R248Q","10662","12356","651","yes","DNA binding","DNA binding","3938","SAR19-56-II-1","mother","1st degree relative","2","F","Confirmed","NA","false","false","","4612","BREAST","BREAST","Cancer, NOS","44","407","","1417","","0","0","0","0","-881","23","-997","-39","https://www.ncbi.nlm.nih.gov/pubmed/30076369"
"1489","HAQ18-SAR19-56","India","South Central Asia","Asia","Less developed regions","LFS","3","TP53","3297","7518263","7577538","7674220","7-exon","248","G:C>A:T at CpG","G>A","c.743G>A","g.7577538C>T","g.7674220C>T","G","A","CGG","CAG","yes","no","C_G","Arg","Gln","missense","C35","Damaging","D","0.934","0.4738","non-functional","DNE_LOF","Yes","p.R248Q","10662","12356","651","yes","DNA binding","DNA binding","3939","SAR19-56-III-1","proband","proband","3","F","Confirmed","M","false","false","","4613","ADRENAL GLAND","ADRENAL GLAND","Adrenal cortical carcinoma (C74.0)","1","407","","1417","","0","0","0","0","-881","23","-997","-39","https://www.ncbi.nlm.nih.gov/pubmed/30076369"
"1489","HAQ18-SAR19-56","India","South Central Asia","Asia","Less developed regions","LFS","3","TP53","3297","7518263","7577538","7674220","7-exon","248","G:C>A:T at CpG","G>A","c.743G>A","g.7577538C>T","g.7674220C>T","G","A","CGG","CAG","yes","no","C_G","Arg","Gln","missense","C35","Damaging","D","0.934","0.4738","non-functional","DNE_LOF","Yes","p.R248Q","10662","12356","651","yes","DNA binding","DNA binding","3939","SAR19-56-III-1","proband","proband","3","F","Confirmed","M","false","false","","4614","ADRENAL GLAND","ADRENAL GLAND","Pheochromocytoma, malignant (C74.1)","14","407","","1417","","0","0","0","0","-881","23","-997","-39","https://www.ncbi.nlm.nih.gov/pubmed/30076369"
"1489","HAQ18-SAR19-56","India","South Central Asia","Asia","Less developed regions","LFS","3","TP53","3297","7518263","7577538","7674220","7-exon","248","G:C>A:T at CpG","G>A","c.743G>A","g.7577538C>T","g.7674220C>T","G","A","CGG","CAG","yes","no","C_G","Arg","Gln","missense","C35","Damaging","D","0.934","0.4738","non-functional","DNE_LOF","Yes","p.R248Q","10662","12356","651","yes","DNA binding","DNA binding","3939","SAR19-56-III-1","proband","proband","3","F","Confirmed","M","false","false","","4615","SMALL INTESTINE","SMALL INTESTINE","Sarcoma, NOS","22","407","","1417","","0","0","0","0","-881","23","-997","-39","https://www.ncbi.nlm.nih.gov/pubmed/30076369"
"1495","HEN19-49197","Germany","Western Europe","Europe","More developed regions","LFS","1","TP53/NF1","699","7520198","7579473","7676155","4-exon","72","del","del1","c.214del","g.7579473del","g.7676155del","C","NA","CCC","NA","no","no","C_C","Pro/Arg","NA","FS","NA","NA","NA","","","NA","NA","NA","p.?","44256","","0","no","SH3-like/Pro-rich","NA","3591","HEN19-49197","proband","proband","","M","Confirmed","NA","true","false","2","4174","PERIPHERAL NERVES AND AUTONOMIC NERVOUS SYSTEM","NERVES","Neuroblastoma, NOS","1","408","","1424","","","","","","","","","","https://www.ncbi.nlm.nih.gov/pubmed/30680046"
"1495","HEN19-49197","Germany","Western Europe","Europe","More developed regions","LFS","1","TP53/NF1","699","7520198","7579473","7676155","4-exon","72","del","del1","c.214del","g.7579473del","g.7676155del","C","NA","CCC","NA","no","no","C_C","Pro/Arg","NA","FS","NA","NA","NA","","","NA","NA","NA","p.?","44256","","0","no","SH3-like/Pro-rich","NA","3591","HEN19-49197","proband","proband","","M","Confirmed","NA","true","false","2","4173","CONNECTIVE, SUBCUTANEOUS AND OTHER SOFT TISSUES","SOFT TISSUES","Rhabdomyosarcoma, NOS","1","408","","1424","","","","","","","","","","https://www.ncbi.nlm.nih.gov/pubmed/30680046"
"1530","MAC18-1","South Africa","Southern Africa","Africa","Less developed regions","LFS","4","TP53","1120","7520086","7579361","7676043","4-exon","109","A:T>G:C","T>C","c.326T>C","g.7579361A>G","g.7676043A>G","T","C","TTC","TCC","no","no","T_C","Phe","Ser","missense","C55","Damaging","D","0.952","0.584","non-functional","DNE_LOF","NA","p.F109S","45169","423970","7","yes","DNA binding","Buried","3637","MAC18-1-III-1","proband","proband","3","F","Confirmed","NA","false","false","","4227","BREAST","BREAST","Cancer, NOS","34","420","","1459","","0","0.01","0","0","576","25","-33","-158","https://www.ncbi.nlm.nih.gov/pubmed/29392648"
"1530","MAC18-1","South Africa","Southern Africa","Africa","Less developed regions","LFS","4","TP53","1120","7520086","7579361","7676043","4-exon","109","A:T>G:C","T>C","c.326T>C","g.7579361A>G","g.7676043A>G","T","C","TTC","TCC","no","no","T_C","Phe","Ser","missense","C55","Damaging","D","0.952","0.584","non-functional","DNE_LOF","NA","p.F109S","45169","423970","7","yes","DNA binding","Buried","3640","MAC18-1-IV-3","son","1st degree relative","4","M","Confirmed","M","false","false","","4231","ADRENAL GLAND","ADRENAL GLAND","Adrenal cortical carcinoma (C74.0)","1","420","","1459","","0","0.01","0","0","576","25","-33","-158","https://www.ncbi.nlm.nih.gov/pubmed/29392648"
"1558","PAT18-1","USA","Northern America","Americas","More developed regions","LFS","2","TP53","3236","7518273","7577548","7674230","7-exon","245","G:C>A:T at CpG","G>A","c.733G>A","g.7577548C>T","g.7674230C>T","G","A","GGC","AGC","yes","no","C_G","Gly","Ser","missense","C55","Damaging","D","0.947","0.5536","non-functional","DNE_LOF","Yes","p.G245S","6932","12365","288","yes","DNA binding","Buried","3670","PAT18-1-I-1","mother","1st degree relative","1","F","Confirmed","NA","false","false","","4266","BRONCHUS AND LUNG","LUNG","Adenocarcinoma, NOS","30","429","","1487","","0","0","0","0","724","13","624","1106","https://www.ncbi.nlm.nih.gov/pubmed/29854570"
"1558","PAT18-1","USA","Northern America","Americas","More developed regions","LFS","2","TP53","3236","7518273","7577548","7674230","7-exon","245","G:C>A:T at CpG","G>A","c.733G>A","g.7577548C>T","g.7674230C>T","G","A","GGC","AGC","yes","no","C_G","Gly","Ser","missense","C55","Damaging","D","0.947","0.5536","non-functional","DNE_LOF","Yes","p.G245S","6932","12365","288","yes","DNA binding","Buried","3671","PAT18-1-II-1","proband","proband","2","F","Confirmed","M","false","false","","4267","UNKNOWN PRIMARY SITE","UNKNOWN SITE","Sarcoma, NOS","10","429","","1487","","0","0","0","0","724","13","624","1106","https://www.ncbi.nlm.nih.gov/pubmed/29854570"
"1560","SAb17-1","Spain","Southern Europe","Europe","More developed regions","LFS","1","TP53","1269","7520047","7579322","7676004","4-exon","122","del","del2","c.365_366del","g.7579321_7579322del","g.7676003_7676004del","T","NA","GTG","NA","no","no","G_G","Val","NA","FS","NA","NA","NA","","","NA","NA","NA","p.V122fs","44882","127809","28","no","DNA binding","Buried","3673","SAb17-1","proband","proband","","F","Confirmed","NA","false","false","","4269","BREAST","BREAST","Infiltrating duct carcinoma, NOS (C50._)","28","433","","1489","","","","","","","","","","https://www.ncbi.nlm.nih.gov/pubmed/28475508"
"1560","SAb17-1","Spain","Southern Europe","Europe","More developed regions","LFS","1","TP53","1269","7520047","7579322","7676004","4-exon","122","del","del2","c.365_366del","g.7579321_7579322del","g.7676003_7676004del","T","NA","GTG","NA","no","no","G_G","Val","NA","FS","NA","NA","NA","","","NA","NA","NA","p.V122fs","44882","127809","28","no","DNA binding","Buried","3673","SAb17-1","proband","proband","","F","Confirmed","NA","false","false","","4270","CONNECTIVE, SUBCUTANEOUS AND OTHER SOFT TISSUES","SOFT TISSUES","Leiomyosarcoma, NOS","32","433","","1489","","","","","","","","","","https://www.ncbi.nlm.nih.gov/pubmed/28475508"
"1585","STJ18-2","Canada","Northern America","Americas","More developed regions","LFS","1","TP53","3297","7518263","7577538","7674220","7-exon","248","G:C>A:T at CpG","G>A","c.743G>A","g.7577538C>T","g.7674220C>T","G","A","CGG","CAG","yes","no","C_G","Arg","Gln","missense","C35","Damaging","D","0.934","0.4738","non-functional","DNE_LOF","Yes","p.R248Q","10662","12356","651","yes","DNA binding","DNA binding","3703","STJ18-2","proband","proband","","F","Confirmed","NA","false","false","","4295","CONNECTIVE, SUBCUTANEOUS AND OTHER SOFT TISSUES","SOFT TISSUES","Embryonal rhabdomyosarcoma, NOS","3","437","","1514","","0","0","0","0","-881","23","-997","-39","https://www.ncbi.nlm.nih.gov/pubmed/30092803"
"1585","STJ18-2","Canada","Northern America","Americas","More developed regions","LFS","1","TP53","3297","7518263","7577538","7674220","7-exon","248","G:C>A:T at CpG","G>A","c.743G>A","g.7577538C>T","g.7674220C>T","G","A","CGG","CAG","yes","no","C_G","Arg","Gln","missense","C35","Damaging","D","0.934","0.4738","non-functional","DNE_LOF","Yes","p.R248Q","10662","12356","651","yes","DNA binding","DNA binding","3703","STJ18-2","proband","proband","","F","Confirmed","NA","false","false","","4296","THYROID GLAND","THYROID","Cancer, NOS","18","437","","1514","","0","0","0","0","-881","23","-997","-39","https://www.ncbi.nlm.nih.gov/pubmed/30092803"
"1585","STJ18-2","Canada","Northern America","Americas","More developed regions","LFS","1","TP53","3297","7518263","7577538","7674220","7-exon","248","G:C>A:T at CpG","G>A","c.743G>A","g.7577538C>T","g.7674220C>T","G","A","CGG","CAG","yes","no","C_G","Arg","Gln","missense","C35","Damaging","D","0.934","0.4738","non-functional","DNE_LOF","Yes","p.R248Q","10662","12356","651","yes","DNA binding","DNA binding","3703","STJ18-2","proband","proband","","F","Confirmed","NA","false","false","","4297","CONNECTIVE, SUBCUTANEOUS AND OTHER SOFT TISSUES","SOFT TISSUES","Malignant peripheral nerve sheath tumor","23","437","","1514","","0","0","0","0","-881","23","-997","-39","https://www.ncbi.nlm.nih.gov/pubmed/30092803"
"1585","STJ18-2","Canada","Northern America","Americas","More developed regions","LFS","1","TP53","3297","7518263","7577538","7674220","7-exon","248","G:C>A:T at CpG","G>A","c.743G>A","g.7577538C>T","g.7674220C>T","G","A","CGG","CAG","yes","no","C_G","Arg","Gln","missense","C35","Damaging","D","0.934","0.4738","non-functional","DNE_LOF","Yes","p.R248Q","10662","12356","651","yes","DNA binding","DNA binding","3703","STJ18-2","proband","proband","","F","Confirmed","NA","false","false","","4298","CONNECTIVE, SUBCUTANEOUS AND OTHER SOFT TISSUES","SOFT TISSUES","Leiomyosarcoma, NOS","29","437","","1514","","0","0","0","0","-881","23","-997","-39","https://www.ncbi.nlm.nih.gov/pubmed/30092803"
"1585","STJ18-2","Canada","Northern America","Americas","More developed regions","LFS","1","TP53","3297","7518263","7577538","7674220","7-exon","248","G:C>A:T at CpG","G>A","c.743G>A","g.7577538C>T","g.7674220C>T","G","A","CGG","CAG","yes","no","C_G","Arg","Gln","missense","C35","Damaging","D","0.934","0.4738","non-functional","DNE_LOF","Yes","p.R248Q","10662","12356","651","yes","DNA binding","DNA binding","3703","STJ18-2","proband","proband","","F","Confirmed","NA","false","false","","4299","UNKNOWN PRIMARY SITE","UNKNOWN SITE","Sarcoma, NOS","31","437","","1514","","0","0","0","0","-881","23","-997","-39","https://www.ncbi.nlm.nih.gov/pubmed/30092803"
"1590","STO18-1","Denmark","Northern Europe","Europe","More developed regions","LFS","2","TP53","2585","7518960","7578235","7674917","6-exon","205","A:T>G:C","A>G","c.614A>G","g.7578235T>C","g.7674917T>C","A","G","TAT","TGT","no","no","T_T","Tyr","Cys","missense","C65","Damaging","D","0.873","0.5835","non-functional","DNE_LOF","Moderate","p.Y205C","43947","376681","58","yes","DNA binding","Buried","3708","STO18-1-II-4","proband","proband","1","F","Confirmed","NA","true","false","37","4310","BREAST","BREAST","Infiltrating duct carcinoma, NOS (C50._)","35","439","","1519","ER+HER2-","0","0.03","0","0.04","1","37","419","-63","https://www.ncbi.nlm.nih.gov/pubmed/29324801"
"1590","STO18-1","Denmark","Northern Europe","Europe","More developed regions","LFS","2","TP53","2585","7518960","7578235","7674917","6-exon","205","A:T>G:C","A>G","c.614A>G","g.7578235T>C","g.7674917T>C","A","G","TAT","TGT","no","no","T_T","Tyr","Cys","missense","C65","Damaging","D","0.873","0.5835","non-functional","DNE_LOF","Moderate","p.Y205C","43947","376681","58","yes","DNA binding","Buried","3709","STO18-1-III-2","daughter","1st degree relative","2","F","Confirmed","M","false","false","","4311","BRAIN","BRAIN","Astrocytoma, anaplastic (C71._)","18","439","","1519","","0","0.03","0","0.04","1","37","419","-63","https://www.ncbi.nlm.nih.gov/pubmed/29324801"
"1590","STO18-1","Denmark","Northern Europe","Europe","More developed regions","LFS","2","TP53","2585","7518960","7578235","7674917","6-exon","205","A:T>G:C","A>G","c.614A>G","g.7578235T>C","g.7674917T>C","A","G","TAT","TGT","no","no","T_T","Tyr","Cys","missense","C65","Damaging","D","0.873","0.5835","non-functional","DNE_LOF","Moderate","p.Y205C","43947","376681","58","yes","DNA binding","Buried","3710","STO18-1-III-4","daughter","1st degree relative","2","F","Confirmed","NA","false","false","","4312","CONNECTIVE, SUBCUTANEOUS AND OTHER SOFT TISSUES","SOFT TISSUES","Liposarcoma, NOS","7","439","","1519","","0","0.03","0","0.04","1","37","419","-63","https://www.ncbi.nlm.nih.gov/pubmed/29324801"
"1592","STO18-3","Denmark","Northern Europe","Europe","More developed regions","LFS","2","TP53","5148","7518900","7578175","7674857","6-intron","0","A:T>C:G","T>G","c.672+2T>G","g.7578175A>C","g.7674857A>C","T","G","NA","NA","no","consensus SD","G_C","NA","NA","splice","NA","NA","NA","","","NA","NA","NA","p.?","6907","","5","no","NA","NA","3715","STO18-3-II-1","father","1st degree relative","","M","Confirmed","NA","false","false","","4319","SKIN (excludes Skin of vulva, Skin of penis, Skin of scrotum )","SKIN","Malignant melanoma, NOS","46","439","","1521","","","","","","","","","","https://www.ncbi.nlm.nih.gov/pubmed/29324801"
"1592","STO18-3","Denmark","Northern Europe","Europe","More developed regions","LFS","2","TP53","5148","7518900","7578175","7674857","6-intron","0","A:T>C:G","T>G","c.672+2T>G","g.7578175A>C","g.7674857A>C","T","G","NA","NA","no","consensus SD","G_C","NA","NA","splice","NA","NA","NA","","","NA","NA","NA","p.?","6907","","5","no","NA","NA","3715","STO18-3-II-1","father","1st degree relative","","M","Confirmed","NA","false","false","","4320","CONNECTIVE, SUBCUTANEOUS AND OTHER SOFT TISSUES","SOFT TISSUES","Leiomyosarcoma, NOS","58","439","","1521","","","","","","","","","","https://www.ncbi.nlm.nih.gov/pubmed/29324801"
"1592","STO18-3","Denmark","Northern Europe","Europe","More developed regions","LFS","2","TP53","5148","7518900","7578175","7674857","6-intron","0","A:T>C:G","T>G","c.672+2T>G","g.7578175A>C","g.7674857A>C","T","G","NA","NA","no","consensus SD","G_C","NA","NA","splice","NA","NA","NA","","","NA","NA","NA","p.?","6907","","5","no","NA","NA","3714","STO18-3-III-1","sister","1st degree relative","","F","Confirmed","P","false","false","","4318","BREAST","BREAST","Infiltrating duct carcinoma, NOS (C50._)","21","439","","1521","ER-HER2+","","","","","","","","","https://www.ncbi.nlm.nih.gov/pubmed/29324801"
"1592","STO18-3","Denmark","Northern Europe","Europe","More developed regions","LFS","2","TP53","5148","7518900","7578175","7674857","6-intron","0","A:T>C:G","T>G","c.672+2T>G","g.7578175A>C","g.7674857A>C","T","G","NA","NA","no","consensus SD","G_C","NA","NA","splice","NA","NA","NA","","","NA","NA","NA","p.?","6907","","5","no","NA","NA","3713","STO18-3-III-5","proband","proband","","M","Confirmed","P","false","false","","4316","CONNECTIVE, SUBCUTANEOUS AND OTHER SOFT TISSUES","SOFT TISSUES","Leiomyosarcoma, NOS","38","439","","1521","","","","","","","","","","https://www.ncbi.nlm.nih.gov/pubmed/29324801"
"1592","STO18-3","Denmark","Northern Europe","Europe","More developed regions","LFS","2","TP53","5148","7518900","7578175","7674857","6-intron","0","A:T>C:G","T>G","c.672+2T>G","g.7578175A>C","g.7674857A>C","T","G","NA","NA","no","consensus SD","G_C","NA","NA","splice","NA","NA","NA","","","NA","NA","NA","p.?","6907","","5","no","NA","NA","3713","STO18-3-III-5","proband","proband","","M","Confirmed","P","false","false","","4317","PANCREAS","PANCREAS","Cancer, NOS","46","439","","1521","","","","","","","","","","https://www.ncbi.nlm.nih.gov/pubmed/29324801"
"1594","STO18-5","Denmark","Northern Europe","Europe","More developed regions","LFS","3","TP53","6588","7520441","7579716","7676398","3-exon","27","del","del1","c.80del","g.7579716del","g.7676398del","C","NA","CCT","NA","no","no","C_T","Pro","NA","FS","NA","NA","NA","","","NA","NA","NA","p.P27fs","85573","","11","no","Transactivation TAD1","NA","3718","STO18-5-III-2","mother","1st degree relative","","F","Confirmed","NA","false","false","","4324","BREAST","BREAST","Infiltrating duct carcinoma, NOS (C50._)","35","439","","1523","ER-","","","","","","","","","https://www.ncbi.nlm.nih.gov/pubmed/29324801"
"1594","STO18-5","Denmark","Northern Europe","Europe","More developed regions","LFS","3","TP53","6588","7520441","7579716","7676398","3-exon","27","del","del1","c.80del","g.7579716del","g.7676398del","C","NA","CCT","NA","no","no","C_T","Pro","NA","FS","NA","NA","NA","","","NA","NA","NA","p.P27fs","85573","","11","no","Transactivation TAD1","NA","3718","STO18-5-III-2","mother","1st degree relative","","F","Confirmed","NA","false","false","","4325","OVARY","OVARY","Cancer, NOS","51","439","","1523","","","","","","","","","","https://www.ncbi.nlm.nih.gov/pubmed/29324801"
"1594","STO18-5","Denmark","Northern Europe","Europe","More developed regions","LFS","3","TP53","6588","7520441","7579716","7676398","3-exon","27","del","del1","c.80del","g.7579716del","g.7676398del","C","NA","CCT","NA","no","no","C_T","Pro","NA","FS","NA","NA","NA","","","NA","NA","NA","p.P27fs","85573","","11","no","Transactivation TAD1","NA","3719","STO18-5-II-2","NA","NA","","M","Confirmed","NA","false","false","","4326","ESOPHAGUS","ESOPHAGUS","Adenocarcinoma, NOS","54","439","","1523","","","","","","","","","","https://www.ncbi.nlm.nih.gov/pubmed/29324801"
"1594","STO18-5","Denmark","Northern Europe","Europe","More developed regions","LFS","3","TP53","6588","7520441","7579716","7676398","3-exon","27","del","del1","c.80del","g.7579716del","g.7676398del","C","NA","CCT","NA","no","no","C_T","Pro","NA","FS","NA","NA","NA","","","NA","NA","NA","p.P27fs","85573","","11","no","Transactivation TAD1","NA","3717","STO18-5-IV-2","proband","proband","","F","Confirmed","NA","false","false","","4323","BREAST","BREAST","Infiltrating duct carcinoma, NOS (C50._)","23","439","","1523","ER+HER2+","","","","","","","","","https://www.ncbi.nlm.nih.gov/pubmed/29324801"
"1600","STO18-12","Denmark","Northern Europe","Europe","More developed regions","LFS","2","TP53","29952","7514758","7574033","7670715","10-exon","332","del","del1064","c.994_1139del","g.7572970_7574033","g.7669652_7670715del","A","NA","ATC","NA","no","no","G_T","Ile","NA","large del","NA","NA","NA","","","NA","NA","NA","p.?","","","0","yes","Tetramerisation","Tetramerisation","3727","STO18-12-II-2","mother","1st degree relative","","F","Confirmed","NA","false","false","","4335","BRAIN","BRAIN","Glioblastoma, NOS (C71._)","28","439","","1533","","","","","","","","","","https://www.ncbi.nlm.nih.gov/pubmed/29324801"
"1600","STO18-12","Denmark","Northern Europe","Europe","More developed regions","LFS","2","TP53","29952","7514758","7574033","7670715","10-exon","332","del","del1064","c.994_1139del","g.7572970_7574033","g.7669652_7670715del","A","NA","ATC","NA","no","no","G_T","Ile","NA","large del","NA","NA","NA","","","NA","NA","NA","p.?","","","0","yes","Tetramerisation","Tetramerisation","3726","STO18-12-III-2","proband","proband","","F","Confirmed","M","false","false","","4333","CONNECTIVE, SUBCUTANEOUS AND OTHER SOFT TISSUES","SOFT TISSUES","Rhabdomyosarcoma, NOS","2","439","","1533","","","","","","","","","","https://www.ncbi.nlm.nih.gov/pubmed/29324801"
"1600","STO18-12","Denmark","Northern Europe","Europe","More developed regions","LFS","2","TP53","29952","7514758","7574033","7670715","10-exon","332","del","del1064","c.994_1139del","g.7572970_7574033","g.7669652_7670715del","A","NA","ATC","NA","no","no","G_T","Ile","NA","large del","NA","NA","NA","","","NA","NA","NA","p.?","","","0","yes","Tetramerisation","Tetramerisation","3726","STO18-12-III-2","proband","proband","","F","Confirmed","M","false","false","","4334","BRAIN","BRAIN","Glioblastoma, NOS (C71._)","13","439","","1533","","","","","","","","","","https://www.ncbi.nlm.nih.gov/pubmed/29324801"
"1618","ZAM16-1","Italy","Southern Europe","Europe","More developed regions","LFS","4","TP53","2143","7519131","7578406","7675088","5-exon","175","G:C>A:T at CpG","G>A","c.524G>A","g.7578406C>T","g.7675088C>T","G","A","CGC","CAC","yes","no","C_C","Arg","His","missense","C25","Damaging","D","0.922","0.5462","non-functional","DNE_LOF","Yes","p.R175H","10648","12374","1000","yes","DNA binding","Buried","3761","ZAM16-1-III-1","proband","proband","3","F","Confirmed","NA","true","false","44","4367","BONES, JOINTS AND ARTICULAR CARTILAGE OF OTHER AND UNSPECIFIED SITES","BONES (other)","Chondrosarcoma, NOS (C40._, C41._)","15","448","","1548","","0","0","0.01","0","-117","-134","11","248","https://www.ncbi.nlm.nih.gov/pubmed/27516001"
"1618","ZAM16-1","Italy","Southern Europe","Europe","More developed regions","LFS","4","TP53","2143","7519131","7578406","7675088","5-exon","175","G:C>A:T at CpG","G>A","c.524G>A","g.7578406C>T","g.7675088C>T","G","A","CGC","CAC","yes","no","C_C","Arg","His","missense","C25","Damaging","D","0.922","0.5462","non-functional","DNE_LOF","Yes","p.R175H","10648","12374","1000","yes","DNA binding","Buried","3761","ZAM16-1-III-1","proband","proband","3","F","Confirmed","NA","true","false","44","4368","BREAST","BREAST","Cancer, NOS","35","448","","1548","","0","0","0.01","0","-117","-134","11","248","https://www.ncbi.nlm.nih.gov/pubmed/27516001"
"1618","ZAM16-1","Italy","Southern Europe","Europe","More developed regions","LFS","4","TP53","2143","7519131","7578406","7675088","5-exon","175","G:C>A:T at CpG","G>A","c.524G>A","g.7578406C>T","g.7675088C>T","G","A","CGC","CAC","yes","no","C_C","Arg","His","missense","C25","Damaging","D","0.922","0.5462","non-functional","DNE_LOF","Yes","p.R175H","10648","12374","1000","yes","DNA binding","Buried","3761","ZAM16-1-III-1","proband","proband","3","F","Confirmed","NA","true","false","44","4369","BREAST","BREAST","Cancer, NOS","35","448","","1548","","0","0","0.01","0","-117","-134","11","248","https://www.ncbi.nlm.nih.gov/pubmed/27516001"
"1618","ZAM16-1","Italy","Southern Europe","Europe","More developed regions","LFS","4","TP53","2143","7519131","7578406","7675088","5-exon","175","G:C>A:T at CpG","G>A","c.524G>A","g.7578406C>T","g.7675088C>T","G","A","CGC","CAC","yes","no","C_C","Arg","His","missense","C25","Damaging","D","0.922","0.5462","non-functional","DNE_LOF","Yes","p.R175H","10648","12374","1000","yes","DNA binding","Buried","3761","ZAM16-1-III-1","proband","proband","3","F","Confirmed","NA","true","false","44","4370","BLADDER","BLADDER","Cancer, NOS","38","448","","1548","","0","0","0.01","0","-117","-134","11","248","https://www.ncbi.nlm.nih.gov/pubmed/27516001"
"1618","ZAM16-1","Italy","Southern Europe","Europe","More developed regions","LFS","4","TP53","2143","7519131","7578406","7675088","5-exon","175","G:C>A:T at CpG","G>A","c.524G>A","g.7578406C>T","g.7675088C>T","G","A","CGC","CAC","yes","no","C_C","Arg","His","missense","C25","Damaging","D","0.922","0.5462","non-functional","DNE_LOF","Yes","p.R175H","10648","12374","1000","yes","DNA binding","Buried","3761","ZAM16-1-III-1","proband","proband","3","F","Confirmed","NA","true","false","44","4372","BRAIN","BRAIN","Astrocytoma, anaplastic (C71._)","42","448","","1548","","0","0","0.01","0","-117","-134","11","248","https://www.ncbi.nlm.nih.gov/pubmed/27516001"
"1660","HAQ18-SAR19-59","India","South Central Asia","Asia","Less developed regions","LFS","3","TP53","3333","7518258","7577533","7674215","7-exon","250","del","del1","c.748del","g.7577533del","g.7674215del","C","NA","CCC","NA","no","no","G_C","Pro","NA","FS","NA","NA","NA","","","NA","NA","NA","p.P250fs","44064","","0","yes","DNA binding","Partially exposed","3946","SAR19-59-III-2","sister","1st degree relative","3","F","Confirmed","NA","false","false","","4625","BONES, JOINTS AND ARTICULAR CARTILAGE OF LIMBS","BONES (limbs)","Osteosarcoma, NOS (C40._, C41._)","13","407","","1590","","","","","","","","","","https://www.ncbi.nlm.nih.gov/pubmed/30076369"
"1660","HAQ18-SAR19-59","India","South Central Asia","Asia","Less developed regions","LFS","3","TP53","3333","7518258","7577533","7674215","7-exon","250","del","del1","c.748del","g.7577533del","g.7674215del","C","NA","CCC","NA","no","no","G_C","Pro","NA","FS","NA","NA","NA","","","NA","NA","NA","p.P250fs","44064","","0","yes","DNA binding","Partially exposed","3946","SAR19-59-III-2","sister","1st degree relative","3","F","Confirmed","NA","false","false","","4626","BONES, JOINTS AND ARTICULAR CARTILAGE OF LIMBS","BONES (limbs)","Osteosarcoma, NOS (C40._, C41._)","15","407","","1590","","","","","","","","","","https://www.ncbi.nlm.nih.gov/pubmed/30076369"
"1660","HAQ18-SAR19-59","India","South Central Asia","Asia","Less developed regions","LFS","3","TP53","3333","7518258","7577533","7674215","7-exon","250","del","del1","c.748del","g.7577533del","g.7674215del","C","NA","CCC","NA","no","no","G_C","Pro","NA","FS","NA","NA","NA","","","NA","NA","NA","p.P250fs","44064","","0","yes","DNA binding","Partially exposed","3945","SAR19-59-III-1","proband","proband","3","M","Confirmed","NA","false","false","","4624","BONES, JOINTS AND ARTICULAR CARTILAGE OF LIMBS","BONES (limbs)","Osteosarcoma, NOS (C40._, C41._)","20","407","","1590","","","","","","","","","","https://www.ncbi.nlm.nih.gov/pubmed/30076369"
"1673","HAQ18-SAR19-72","India","South Central Asia","Asia","Less developed regions","LFS","2","TP53","1306","7520038","7579313","7675995","4-exon","125","G:C>C:G","C>G","c.374C>G","g.7579313G>C","g.7675995G>C","C","G","ACG","AGG","yes","no","A_G","Thr","Arg","missense","C65","Damaging","D","0.963","0.5996","non-functional","DNE_LOF","NA","p.T125R","45243","376667","6","yes","DNA binding","Buried","3968","SAR19-72-II-1","proband","proband","2","F","Confirmed","NA","false","false","","4652","BREAST","BREAST","Phyllodes tumor, malignant (C50._)","29","407","","1603","","0.01","0.07","0.15","0.07","-1041","73","199","-1","https://www.ncbi.nlm.nih.gov/pubmed/30076369"
"1676","HAQ18-SAR19-75","India","South Central Asia","Asia","Less developed regions","LFS","4","TP53","4645","7514727","7574002","7670684","10-exon","342","G:C>C:G","G>C","c.1025G>C","g.7574002C>G","g.7670684C>G","G","C","CGA","CCA","yes","no","C_A","Arg","Pro","missense","C35","Tolerated","P","0.65","0.2486","non-functional","notDNE_LOF","NA","p.R342P","45276","215996","15","yes","Tetramerisation/NES","NA","3971","SAR19-75-III-1","proband","proband","3","F","Confirmed","NA","false","false","","4657","CONNECTIVE, SUBCUTANEOUS AND OTHER SOFT TISSUES","SOFT TISSUES","Leiomyosarcoma, NOS","40","407","","1606","","0.01","0","0","0","-994","75","-1013","166","https://www.ncbi.nlm.nih.gov/pubmed/30076369"
"1676","HAQ18-SAR19-75","India","South Central Asia","Asia","Less developed regions","LFS","4","TP53","4645","7514727","7574002","7670684","10-exon","342","G:C>C:G","G>C","c.1025G>C","g.7574002C>G","g.7670684C>G","G","C","CGA","CCA","yes","no","C_A","Arg","Pro","missense","C35","Tolerated","P","0.65","0.2486","non-functional","notDNE_LOF","NA","p.R342P","45276","215996","15","yes","Tetramerisation/NES","NA","3972","SAR19-75-IV-1","daughter","1st degree relative","4","F","Confirmed","NA","false","false","","4658","BONES, JOINTS AND ARTICULAR CARTILAGE OF LIMBS","BONES (limbs)","Osteosarcoma, NOS (C40._, C41._)","14","407","","1606","","0.01","0","0","0","-994","75","-1013","166","https://www.ncbi.nlm.nih.gov/pubmed/30076369"